
[xzx] Epoch 4898/5000  Loss=0.1203
[xzx] Epoch 4899/5000  Loss=0.1203
[xzx] Epoch 4900/5000  Loss=0.1204
[xzx] Epoch 4901/5000  Loss=0.1205
[xzx] Epoch 4902/5000  Loss=0.1204
[xzx] Epoch 4903/5000  Loss=0.1204
[xzx] Epoch 4904/5000  Loss=0.1201
[xzx] Epoch 4905/5000  Loss=0.1203
[xzx] Epoch 4906/5000  Loss=0.1201
[xzx] Epoch 4907/5000  Loss=0.1201
[xzx] Epoch 4908/5000  Loss=0.1202
[xzx] Epoch 4909/5000  Loss=0.1206
[xzx] Epoch 4910/5000  Loss=0.1202
[xzx] Epoch 4911/5000  Loss=0.1201
[xzx] Epoch 4912/5000  Loss=0.1202
[xzx] Epoch 4913/5000  Loss=0.1202
[xzx] Epoch 4914/5000  Loss=0.1204
[xzx] Epoch 4915/5000  Loss=0.1203
[xzx] Epoch 4916/5000  Loss=0.1201
[xzx] Epoch 4917/5000  Loss=0.1203
[xzx] Epoch 4918/5000  Loss=0.1203
[xzx] Epoch 4919/5000  Loss=0.1203
[xzx] Epoch 4920/5000  Loss=0.1202
[xzx] Epoch 4921/5000  Loss=0.1200
[xzx] Epoch 4922/5000  Loss=0.1203
[xzx] Epoch 4923/5000  Loss=0.1202
[xzx] Epoch 4924/5000  Loss=0.1204
[xzx] Epoch 4925/5000  Loss=0.1200
[xzx] Epoch 4926/5000  Loss=0.1201
[xzx] Epoch 4927/5000  Loss=0.1203
[xzx] Epoch 4928/5000  Loss=0.1203
[xzx] Epoch 4929/5000  Loss=0.1202
[xzx] Epoch 4930/5000  Loss=0.1202
[xzx] Epoch 4931/5000  Loss=0.1203
[xzx] Epoch 4932/5000  Loss=0.1201
[xzx] Epoch 4933/5000  Loss=0.1205
[xzx] Epoch 4934/5000  Loss=0.1203
[xzx] Epoch 4935/5000  Loss=0.1201
[xzx] Epoch 4936/5000  Loss=0.1201
[xzx] Epoch 4937/5000  Loss=0.1203
[xzx] Epoch 4938/5000  Loss=0.1202
[xzx] Epoch 4939/5000  Loss=0.1202
[xzx] Epoch 4940/5000  Loss=0.1202
[xzx] Epoch 4941/5000  Loss=0.1203
[xzx] Epoch 4942/5000  Loss=0.1201
[xzx] Epoch 4943/5000  Loss=0.1203
[xzx] Epoch 4944/5000  Loss=0.1200
[xzx] Epoch 4945/5000  Loss=0.1203
[xzx] Epoch 4946/5000  Loss=0.1201
[xzx] Epoch 4947/5000  Loss=0.1202
[xzx] Epoch 4948/5000  Loss=0.1200
[xzx] Epoch 4949/5000  Loss=0.1200
[xzx] Epoch 4950/5000  Loss=0.1204
[xzx] Epoch 4951/5000  Loss=0.1200
[xzx] Epoch 4952/5000  Loss=0.1203
[xzx] Epoch 4953/5000  Loss=0.1203
[xzx] Epoch 4954/5000  Loss=0.1200
[xzx] Epoch 4955/5000  Loss=0.1202
[xzx] Epoch 4956/5000  Loss=0.1201
[xzx] Epoch 4957/5000  Loss=0.1200
[xzx] Epoch 4958/5000  Loss=0.1201
[xzx] Epoch 4959/5000  Loss=0.1201
[xzx] Epoch 4960/5000  Loss=0.1201
[xzx] Epoch 4961/5000  Loss=0.1201
[xzx] Epoch 4962/5000  Loss=0.1202
[xzx] Epoch 4963/5000  Loss=0.1201
[xzx] Epoch 4964/5000  Loss=0.1201
[xzx] Epoch 4965/5000  Loss=0.1203
[xzx] Epoch 4966/5000  Loss=0.1203
[xzx] Epoch 4967/5000  Loss=0.1202
[xzx] Epoch 4968/5000  Loss=0.1202
[xzx] Epoch 4969/5000  Loss=0.1201
[xzx] Epoch 4970/5000  Loss=0.1203
[xzx] Epoch 4971/5000  Loss=0.1202
[xzx] Epoch 4972/5000  Loss=0.1201
[xzx] Epoch 4973/5000  Loss=0.1202
[xzx] Epoch 4974/5000  Loss=0.1201
[xzx] Epoch 4975/5000  Loss=0.1201
[xzx] Epoch 4976/5000  Loss=0.1202
[xzx] Epoch 4977/5000  Loss=0.1202
[xzx] Epoch 4978/5000  Loss=0.1203
[xzx] Epoch 4979/5000  Loss=0.1200
[xzx] Epoch 4980/5000  Loss=0.1201
[xzx] Epoch 4981/5000  Loss=0.1200
[xzx] Epoch 4982/5000  Loss=0.1200
[xzx] Epoch 4983/5000  Loss=0.1200
[xzx] Epoch 4984/5000  Loss=0.1201
[xzx] Epoch 4985/5000  Loss=0.1201
[xzx] Epoch 4986/5000  Loss=0.1202
[xzx] Epoch 4987/5000  Loss=0.1200
[xzx] Epoch 4988/5000  Loss=0.1200
[xzx] Epoch 4989/5000  Loss=0.1200
[xzx] Epoch 4990/5000  Loss=0.1200
[xzx] Epoch 4991/5000  Loss=0.1199
[xzx] Epoch 4992/5000  Loss=0.1200
[xzx] Epoch 4993/5000  Loss=0.1200
[xzx] Epoch 4994/5000  Loss=0.1201
[xzx] Epoch 4995/5000  Loss=0.1203
[xzx] Epoch 4996/5000  Loss=0.1201
[xzx] Epoch 4997/5000  Loss=0.1201
[xzx] Epoch 4998/5000  Loss=0.1200
[xzx] Epoch 4999/5000  Loss=0.1201
[xzx] Epoch 5000/5000  Loss=0.1200
[2025-07-13 11:50:42] Job PID=2967431 finished with return code 0
[2025-07-13 11:50:42] Next job: python eval_all_checkpoints.py --real_data_root ../data/test/real/data_32 --anomaly_data_dir ../data/test/fake/data_32_all/all --model_dir ../logdir/logdir_32_mel_4n_2_real_300 --n_layers 4 --use_mel --keep_all --out_dir ../results/results_32_mel_4n_2_real_300_all --compare_mode --ckpt 300 --n_cluster 7 --batch_size 256 --bypass_classifier
[2025-07-13 11:52:32] GPU idle for 10/120s
[2025-07-13 11:52:42] GPU busy - reset idle counter
[2025-07-13 11:55:23] GPU idle for 10/120s
[2025-07-13 11:55:33] GPU busy - reset idle counter
[2025-07-13 11:58:13] GPU idle for 10/120s
[2025-07-13 11:58:23] GPU busy - reset idle counter
[2025-07-13 12:01:03] GPU idle for 10/120s
[2025-07-13 12:01:13] GPU busy - reset idle counter
[2025-07-13 12:03:54] GPU idle for 10/120s
[2025-07-13 12:04:04] GPU busy - reset idle counter
[2025-07-13 12:06:44] GPU idle for 10/120s
[2025-07-13 12:06:54] GPU busy - reset idle counter
[2025-07-13 12:09:34] GPU idle for 10/120s
[2025-07-13 12:09:44] GPU busy - reset idle counter
[2025-07-13 12:10:54] GPU idle for 10/120s
[2025-07-13 12:11:04] GPU busy - reset idle counter
[2025-07-13 12:13:45] GPU idle for 10/120s
[2025-07-13 12:13:55] GPU busy - reset idle counter
[2025-07-13 12:16:35] GPU idle for 10/120s
[2025-07-13 12:16:45] GPU busy - reset idle counter
[2025-07-13 12:19:25] GPU idle for 10/120s
[2025-07-13 12:19:36] GPU busy - reset idle counter
[2025-07-13 12:20:46] GPU idle for 10/120s
[2025-07-13 12:20:56] GPU busy - reset idle counter
[2025-07-13 12:22:16] GPU idle for 10/120s
[2025-07-13 12:22:26] GPU busy - reset idle counter
[2025-07-13 12:23:36] GPU idle for 10/120s
[2025-07-13 12:23:46] GPU busy - reset idle counter
[2025-07-13 12:25:06] GPU idle for 10/120s
[2025-07-13 12:25:16] GPU busy - reset idle counter
[2025-07-13 12:27:56] GPU idle for 10/120s
[2025-07-13 12:28:06] GPU busy - reset idle counter
[2025-07-13 12:29:21] Next job: python eval_all_checkpoints.py --real_data_root ../data/test/real/data_32 --anomaly_data_dir ../data/test/fake/data_32_all/all --model_dir ../logdir/logdir_32_mel_4n_2_real_300 --n_layers 4 --use_mel --keep_all --out_dir ../results/results_32_mel_4n_2_real_300_all --compare_mode --ckpt 300 --n_cluster 7 --batch_size 256 --bypass_classifier
[2025-07-13 12:29:21] GPU idle for 10/120s
[2025-07-13 12:29:31] GPU busy - reset idle counter
[2025-07-13 12:29:51] Paused. Waiting...
[2025-07-13 12:35:06] Resumed.
[2025-07-13 12:35:06] GPU idle for 10/120s
[2025-07-13 12:35:16] Paused. Waiting...
[2025-07-13 12:36:02] Next job: python eval_all_checkpoints.py --real_data_root ../data/test/real/data_32 --anomaly_data_dir ../data/test/fake/data_32_all/all --model_dir ../logdir/logdir_32_mel_4n_2_real_300 --n_layers 4 --use_mel --keep_all --out_dir ../results/results_32_mel_4n_2_real_300_all --compare_mode --ckpt 300 --n_cluster 7 --batch_size 256 --bypass_classifier
[2025-07-13 12:36:33] GPU idle for 10/120s
[2025-07-13 12:36:43] GPU busy - reset idle counter
[2025-07-13 12:40:43] GPU idle for 10/120s
[2025-07-13 12:40:53] GPU busy - reset idle counter
[2025-07-13 12:42:03] GPU idle for 10/120s
[2025-07-13 12:42:13] GPU busy - reset idle counter
[2025-07-13 12:43:23] GPU idle for 10/120s
[2025-07-13 12:43:33] GPU busy - reset idle counter
[2025-07-13 12:48:54] GPU idle for 10/120s
[2025-07-13 12:49:04] GPU busy - reset idle counter
[2025-07-13 12:50:15] GPU idle for 10/120s
[2025-07-13 12:50:25] GPU busy - reset idle counter
[2025-07-13 12:51:35] GPU idle for 10/120s
[2025-07-13 12:51:45] GPU busy - reset idle counter
[2025-07-13 12:52:55] GPU idle for 10/120s
[2025-07-13 12:53:05] GPU busy - reset idle counter
[2025-07-13 12:58:46] Immediate spawn requested via terminal.
[2025-07-13 12:58:46] Launching: python eval_all_checkpoints.py --real_data_root ../data/test/real/data_32 --anomaly_data_dir ../data/test/fake/data_32_all/all --model_dir ../logdir/logdir_32_mel_4n_2_real_300 --n_layers 4 --use_mel --keep_all --out_dir ../results/results_32_mel_4n_2_real_300_all --compare_mode --ckpt 300 --n_cluster 7 --batch_size 256 --bypass_classifier
[2025-07-13 12:58:46] Started PID=3904351
Building and caching dataset in RAM (once for all checkpoints)...
Dataset ready.
Skipping encoder E_xzx_10.pt (results already exist at ../results/results_32_mel_4n_2_real_300_all/encoder_E_xzx_10)
Encoder E_xzx_10.pt: AUC=0.4987, AvgRealScore=1.278804
Skipping encoder E_xzx_100.pt (results already exist at ../results/results_32_mel_4n_2_real_300_all/encoder_E_xzx_100)
Encoder E_xzx_100.pt: AUC=0.4773, AvgRealScore=1.176585
Skipping encoder E_xzx_1000.pt (results already exist at ../results/results_32_mel_4n_2_real_300_all/encoder_E_xzx_1000)
Encoder E_xzx_1000.pt: AUC=0.4052, AvgRealScore=1.107796
Skipping encoder E_xzx_1010.pt (results already exist at ../results/results_32_mel_4n_2_real_300_all/encoder_E_xzx_1010)
Encoder E_xzx_1010.pt: AUC=0.3983, AvgRealScore=1.119539
Skipping encoder E_xzx_1020.pt (results already exist at ../results/results_32_mel_4n_2_real_300_all/encoder_E_xzx_1020)
Encoder E_xzx_1020.pt: AUC=0.3918, AvgRealScore=1.129529
Skipping encoder E_xzx_1030.pt (results already exist at ../results/results_32_mel_4n_2_real_300_all/encoder_E_xzx_1030)
Encoder E_xzx_1030.pt: AUC=0.389, AvgRealScore=1.119641
Skipping encoder E_xzx_1040.pt (results already exist at ../results/results_32_mel_4n_2_real_300_all/encoder_E_xzx_1040)
Encoder E_xzx_1040.pt: AUC=0.3942, AvgRealScore=1.125219
Skipping encoder E_xzx_1050.pt (results already exist at ../results/results_32_mel_4n_2_real_300_all/encoder_E_xzx_1050)
Encoder E_xzx_1050.pt: AUC=0.3861, AvgRealScore=1.127513
Skipping encoder E_xzx_1060.pt (results already exist at ../results/results_32_mel_4n_2_real_300_all/encoder_E_xzx_1060)
Encoder E_xzx_1060.pt: AUC=0.3953, AvgRealScore=1.117840
Skipping encoder E_xzx_1070.pt (results already exist at ../results/results_32_mel_4n_2_real_300_all/encoder_E_xzx_1070)
Encoder E_xzx_1070.pt: AUC=0.3875, AvgRealScore=1.116916
Skipping encoder E_xzx_1080.pt (results already exist at ../results/results_32_mel_4n_2_real_300_all/encoder_E_xzx_1080)
Encoder E_xzx_1080.pt: AUC=0.3893, AvgRealScore=1.123252
Skipping encoder E_xzx_1090.pt (results already exist at ../results/results_32_mel_4n_2_real_300_all/encoder_E_xzx_1090)
Encoder E_xzx_1090.pt: AUC=0.3948, AvgRealScore=1.122031
Skipping encoder E_xzx_110.pt (results already exist at ../results/results_32_mel_4n_2_real_300_all/encoder_E_xzx_110)
Encoder E_xzx_110.pt: AUC=0.4771, AvgRealScore=1.175717
Skipping encoder E_xzx_1100.pt (results already exist at ../results/results_32_mel_4n_2_real_300_all/encoder_E_xzx_1100)
Encoder E_xzx_1100.pt: AUC=0.3913, AvgRealScore=1.117076
Skipping encoder E_xzx_1110.pt (results already exist at ../results/results_32_mel_4n_2_real_300_all/encoder_E_xzx_1110)
Encoder E_xzx_1110.pt: AUC=0.3866, AvgRealScore=1.130418
Skipping encoder E_xzx_1120.pt (results already exist at ../results/results_32_mel_4n_2_real_300_all/encoder_E_xzx_1120)
Encoder E_xzx_1120.pt: AUC=0.3942, AvgRealScore=1.119458
Skipping encoder E_xzx_1130.pt (results already exist at ../results/results_32_mel_4n_2_real_300_all/encoder_E_xzx_1130)
Encoder E_xzx_1130.pt: AUC=0.3962, AvgRealScore=1.121688
Skipping encoder E_xzx_1140.pt (results already exist at ../results/results_32_mel_4n_2_real_300_all/encoder_E_xzx_1140)
Encoder E_xzx_1140.pt: AUC=0.3924, AvgRealScore=1.121797
Skipping encoder E_xzx_1150.pt (results already exist at ../results/results_32_mel_4n_2_real_300_all/encoder_E_xzx_1150)
Encoder E_xzx_1150.pt: AUC=0.3841, AvgRealScore=1.119183
Skipping encoder E_xzx_1160.pt (results already exist at ../results/results_32_mel_4n_2_real_300_all/encoder_E_xzx_1160)
Encoder E_xzx_1160.pt: AUC=0.3861, AvgRealScore=1.125691
Skipping encoder E_xzx_1170.pt (results already exist at ../results/results_32_mel_4n_2_real_300_all/encoder_E_xzx_1170)
Encoder E_xzx_1170.pt: AUC=0.3857, AvgRealScore=1.126493
Skipping encoder E_xzx_1180.pt (results already exist at ../results/results_32_mel_4n_2_real_300_all/encoder_E_xzx_1180)
Encoder E_xzx_1180.pt: AUC=0.3915, AvgRealScore=1.114664
Skipping encoder E_xzx_1190.pt (results already exist at ../results/results_32_mel_4n_2_real_300_all/encoder_E_xzx_1190)
Encoder E_xzx_1190.pt: AUC=0.3905, AvgRealScore=1.130855
Skipping encoder E_xzx_120.pt (results already exist at ../results/results_32_mel_4n_2_real_300_all/encoder_E_xzx_120)
Encoder E_xzx_120.pt: AUC=0.4734, AvgRealScore=1.158272
Skipping encoder E_xzx_1200.pt (results already exist at ../results/results_32_mel_4n_2_real_300_all/encoder_E_xzx_1200)
Encoder E_xzx_1200.pt: AUC=0.3909, AvgRealScore=1.120249
Skipping encoder E_xzx_1210.pt (results already exist at ../results/results_32_mel_4n_2_real_300_all/encoder_E_xzx_1210)
Encoder E_xzx_1210.pt: AUC=0.3943, AvgRealScore=1.129380
Skipping encoder E_xzx_1220.pt (results already exist at ../results/results_32_mel_4n_2_real_300_all/encoder_E_xzx_1220)
Encoder E_xzx_1220.pt: AUC=0.3876, AvgRealScore=1.118670
Skipping encoder E_xzx_1230.pt (results already exist at ../results/results_32_mel_4n_2_real_300_all/encoder_E_xzx_1230)
Encoder E_xzx_1230.pt: AUC=0.3888, AvgRealScore=1.126022
Skipping encoder E_xzx_1240.pt (results already exist at ../results/results_32_mel_4n_2_real_300_all/encoder_E_xzx_1240)
Encoder E_xzx_1240.pt: AUC=0.3839, AvgRealScore=1.134171
Skipping encoder E_xzx_1250.pt (results already exist at ../results/results_32_mel_4n_2_real_300_all/encoder_E_xzx_1250)
Encoder E_xzx_1250.pt: AUC=0.3835, AvgRealScore=1.124401
Skipping encoder E_xzx_1260.pt (results already exist at ../results/results_32_mel_4n_2_real_300_all/encoder_E_xzx_1260)
Encoder E_xzx_1260.pt: AUC=0.3908, AvgRealScore=1.128384
Skipping encoder E_xzx_1270.pt (results already exist at ../results/results_32_mel_4n_2_real_300_all/encoder_E_xzx_1270)
Encoder E_xzx_1270.pt: AUC=0.3907, AvgRealScore=1.122674
Skipping encoder E_xzx_1280.pt (results already exist at ../results/results_32_mel_4n_2_real_300_all/encoder_E_xzx_1280)
Encoder E_xzx_1280.pt: AUC=0.3853, AvgRealScore=1.125907
Skipping encoder E_xzx_1290.pt (results already exist at ../results/results_32_mel_4n_2_real_300_all/encoder_E_xzx_1290)
Encoder E_xzx_1290.pt: AUC=0.3934, AvgRealScore=1.132921
Skipping encoder E_xzx_130.pt (results already exist at ../results/results_32_mel_4n_2_real_300_all/encoder_E_xzx_130)
Encoder E_xzx_130.pt: AUC=0.4711, AvgRealScore=1.122638
Skipping encoder E_xzx_1300.pt (results already exist at ../results/results_32_mel_4n_2_real_300_all/encoder_E_xzx_1300)
Encoder E_xzx_1300.pt: AUC=0.3836, AvgRealScore=1.126819
Skipping encoder E_xzx_1310.pt (results already exist at ../results/results_32_mel_4n_2_real_300_all/encoder_E_xzx_1310)
Encoder E_xzx_1310.pt: AUC=0.3848, AvgRealScore=1.125569
Skipping encoder E_xzx_1320.pt (results already exist at ../results/results_32_mel_4n_2_real_300_all/encoder_E_xzx_1320)
Encoder E_xzx_1320.pt: AUC=0.3817, AvgRealScore=1.128046
Skipping encoder E_xzx_1330.pt (results already exist at ../results/results_32_mel_4n_2_real_300_all/encoder_E_xzx_1330)
Encoder E_xzx_1330.pt: AUC=0.3851, AvgRealScore=1.117621
Skipping encoder E_xzx_1340.pt (results already exist at ../results/results_32_mel_4n_2_real_300_all/encoder_E_xzx_1340)
Encoder E_xzx_1340.pt: AUC=0.3862, AvgRealScore=1.121501
Skipping encoder E_xzx_1350.pt (results already exist at ../results/results_32_mel_4n_2_real_300_all/encoder_E_xzx_1350)
Encoder E_xzx_1350.pt: AUC=0.3862, AvgRealScore=1.123167
Skipping encoder E_xzx_1360.pt (results already exist at ../results/results_32_mel_4n_2_real_300_all/encoder_E_xzx_1360)
Encoder E_xzx_1360.pt: AUC=0.3881, AvgRealScore=1.130763
Skipping encoder E_xzx_1370.pt (results already exist at ../results/results_32_mel_4n_2_real_300_all/encoder_E_xzx_1370)
Encoder E_xzx_1370.pt: AUC=0.3806, AvgRealScore=1.126134
Skipping encoder E_xzx_1380.pt (results already exist at ../results/results_32_mel_4n_2_real_300_all/encoder_E_xzx_1380)
Encoder E_xzx_1380.pt: AUC=0.3899, AvgRealScore=1.119795
Skipping encoder E_xzx_1390.pt (results already exist at ../results/results_32_mel_4n_2_real_300_all/encoder_E_xzx_1390)
Encoder E_xzx_1390.pt: AUC=0.3749, AvgRealScore=1.131617
Skipping encoder E_xzx_140.pt (results already exist at ../results/results_32_mel_4n_2_real_300_all/encoder_E_xzx_140)
Encoder E_xzx_140.pt: AUC=0.4691, AvgRealScore=1.157888
Skipping encoder E_xzx_1400.pt (results already exist at ../results/results_32_mel_4n_2_real_300_all/encoder_E_xzx_1400)
Encoder E_xzx_1400.pt: AUC=0.3784, AvgRealScore=1.129623
Skipping encoder E_xzx_1410.pt (results already exist at ../results/results_32_mel_4n_2_real_300_all/encoder_E_xzx_1410)
Encoder E_xzx_1410.pt: AUC=0.3799, AvgRealScore=1.120341
Skipping encoder E_xzx_1420.pt (results already exist at ../results/results_32_mel_4n_2_real_300_all/encoder_E_xzx_1420)
Encoder E_xzx_1420.pt: AUC=0.38, AvgRealScore=1.120878
Skipping encoder E_xzx_1430.pt (results already exist at ../results/results_32_mel_4n_2_real_300_all/encoder_E_xzx_1430)
Encoder E_xzx_1430.pt: AUC=0.3742, AvgRealScore=1.117095
Skipping encoder E_xzx_1440.pt (results already exist at ../results/results_32_mel_4n_2_real_300_all/encoder_E_xzx_1440)
Encoder E_xzx_1440.pt: AUC=0.3824, AvgRealScore=1.128650
Skipping encoder E_xzx_1450.pt (results already exist at ../results/results_32_mel_4n_2_real_300_all/encoder_E_xzx_1450)
Encoder E_xzx_1450.pt: AUC=0.3759, AvgRealScore=1.120513
Skipping encoder E_xzx_1460.pt (results already exist at ../results/results_32_mel_4n_2_real_300_all/encoder_E_xzx_1460)
Encoder E_xzx_1460.pt: AUC=0.3737, AvgRealScore=1.130266
Skipping encoder E_xzx_1470.pt (results already exist at ../results/results_32_mel_4n_2_real_300_all/encoder_E_xzx_1470)
Encoder E_xzx_1470.pt: AUC=0.3877, AvgRealScore=1.130256
Skipping encoder E_xzx_1480.pt (results already exist at ../results/results_32_mel_4n_2_real_300_all/encoder_E_xzx_1480)
Encoder E_xzx_1480.pt: AUC=0.3852, AvgRealScore=1.127601
Skipping encoder E_xzx_1490.pt (results already exist at ../results/results_32_mel_4n_2_real_300_all/encoder_E_xzx_1490)
Encoder E_xzx_1490.pt: AUC=0.3871, AvgRealScore=1.124495
Skipping encoder E_xzx_150.pt (results already exist at ../results/results_32_mel_4n_2_real_300_all/encoder_E_xzx_150)
Encoder E_xzx_150.pt: AUC=0.4718, AvgRealScore=1.135901
Skipping encoder E_xzx_1500.pt (results already exist at ../results/results_32_mel_4n_2_real_300_all/encoder_E_xzx_1500)
Encoder E_xzx_1500.pt: AUC=0.3778, AvgRealScore=1.125140
Skipping encoder E_xzx_1510.pt (results already exist at ../results/results_32_mel_4n_2_real_300_all/encoder_E_xzx_1510)
Encoder E_xzx_1510.pt: AUC=0.3813, AvgRealScore=1.122225
Skipping encoder E_xzx_1520.pt (results already exist at ../results/results_32_mel_4n_2_real_300_all/encoder_E_xzx_1520)
Encoder E_xzx_1520.pt: AUC=0.3789, AvgRealScore=1.123248
Skipping encoder E_xzx_1530.pt (results already exist at ../results/results_32_mel_4n_2_real_300_all/encoder_E_xzx_1530)
Encoder E_xzx_1530.pt: AUC=0.3823, AvgRealScore=1.138715
Skipping encoder E_xzx_1540.pt (results already exist at ../results/results_32_mel_4n_2_real_300_all/encoder_E_xzx_1540)
Encoder E_xzx_1540.pt: AUC=0.3829, AvgRealScore=1.128209
Skipping encoder E_xzx_1550.pt (results already exist at ../results/results_32_mel_4n_2_real_300_all/encoder_E_xzx_1550)
Encoder E_xzx_1550.pt: AUC=0.3745, AvgRealScore=1.144339
Skipping encoder E_xzx_1560.pt (results already exist at ../results/results_32_mel_4n_2_real_300_all/encoder_E_xzx_1560)
Encoder E_xzx_1560.pt: AUC=0.3716, AvgRealScore=1.127808
Skipping encoder E_xzx_1570.pt (results already exist at ../results/results_32_mel_4n_2_real_300_all/encoder_E_xzx_1570)
Encoder E_xzx_1570.pt: AUC=0.3718, AvgRealScore=1.135518
Skipping encoder E_xzx_1580.pt (results already exist at ../results/results_32_mel_4n_2_real_300_all/encoder_E_xzx_1580)
Encoder E_xzx_1580.pt: AUC=0.3804, AvgRealScore=1.132134
Skipping encoder E_xzx_1590.pt (results already exist at ../results/results_32_mel_4n_2_real_300_all/encoder_E_xzx_1590)
Encoder E_xzx_1590.pt: AUC=0.3819, AvgRealScore=1.124139
Skipping encoder E_xzx_160.pt (results already exist at ../results/results_32_mel_4n_2_real_300_all/encoder_E_xzx_160)
Encoder E_xzx_160.pt: AUC=0.467, AvgRealScore=1.141471
Skipping encoder E_xzx_1600.pt (results already exist at ../results/results_32_mel_4n_2_real_300_all/encoder_E_xzx_1600)
Encoder E_xzx_1600.pt: AUC=0.3735, AvgRealScore=1.127857
Skipping encoder E_xzx_1610.pt (results already exist at ../results/results_32_mel_4n_2_real_300_all/encoder_E_xzx_1610)
Encoder E_xzx_1610.pt: AUC=0.3849, AvgRealScore=1.128078
Skipping encoder E_xzx_1620.pt (results already exist at ../results/results_32_mel_4n_2_real_300_all/encoder_E_xzx_1620)
Encoder E_xzx_1620.pt: AUC=0.3766, AvgRealScore=1.135742
Skipping encoder E_xzx_1630.pt (results already exist at ../results/results_32_mel_4n_2_real_300_all/encoder_E_xzx_1630)
Encoder E_xzx_1630.pt: AUC=0.3825, AvgRealScore=1.130310
Skipping encoder E_xzx_1640.pt (results already exist at ../results/results_32_mel_4n_2_real_300_all/encoder_E_xzx_1640)
Encoder E_xzx_1640.pt: AUC=0.3719, AvgRealScore=1.130594
Skipping encoder E_xzx_1650.pt (results already exist at ../results/results_32_mel_4n_2_real_300_all/encoder_E_xzx_1650)
Encoder E_xzx_1650.pt: AUC=0.3667, AvgRealScore=1.129791
Skipping encoder E_xzx_1660.pt (results already exist at ../results/results_32_mel_4n_2_real_300_all/encoder_E_xzx_1660)
Encoder E_xzx_1660.pt: AUC=0.3791, AvgRealScore=1.128618
Skipping encoder E_xzx_1670.pt (results already exist at ../results/results_32_mel_4n_2_real_300_all/encoder_E_xzx_1670)
Encoder E_xzx_1670.pt: AUC=0.3731, AvgRealScore=1.125149
Skipping encoder E_xzx_1680.pt (results already exist at ../results/results_32_mel_4n_2_real_300_all/encoder_E_xzx_1680)
Encoder E_xzx_1680.pt: AUC=0.3693, AvgRealScore=1.127770
Skipping encoder E_xzx_1690.pt (results already exist at ../results/results_32_mel_4n_2_real_300_all/encoder_E_xzx_1690)
Encoder E_xzx_1690.pt: AUC=0.3789, AvgRealScore=1.133231
Skipping encoder E_xzx_170.pt (results already exist at ../results/results_32_mel_4n_2_real_300_all/encoder_E_xzx_170)
Encoder E_xzx_170.pt: AUC=0.4623, AvgRealScore=1.147513
Skipping encoder E_xzx_1700.pt (results already exist at ../results/results_32_mel_4n_2_real_300_all/encoder_E_xzx_1700)
Encoder E_xzx_1700.pt: AUC=0.3718, AvgRealScore=1.124269
Skipping encoder E_xzx_1710.pt (results already exist at ../results/results_32_mel_4n_2_real_300_all/encoder_E_xzx_1710)
Encoder E_xzx_1710.pt: AUC=0.3796, AvgRealScore=1.127702
Skipping encoder E_xzx_1720.pt (results already exist at ../results/results_32_mel_4n_2_real_300_all/encoder_E_xzx_1720)
Encoder E_xzx_1720.pt: AUC=0.3688, AvgRealScore=1.130371
Skipping encoder E_xzx_1730.pt (results already exist at ../results/results_32_mel_4n_2_real_300_all/encoder_E_xzx_1730)
Encoder E_xzx_1730.pt: AUC=0.3738, AvgRealScore=1.120992
Skipping encoder E_xzx_1740.pt (results already exist at ../results/results_32_mel_4n_2_real_300_all/encoder_E_xzx_1740)
Encoder E_xzx_1740.pt: AUC=0.3696, AvgRealScore=1.125654
Skipping encoder E_xzx_1750.pt (results already exist at ../results/results_32_mel_4n_2_real_300_all/encoder_E_xzx_1750)
Encoder E_xzx_1750.pt: AUC=0.3756, AvgRealScore=1.125888
Skipping encoder E_xzx_1760.pt (results already exist at ../results/results_32_mel_4n_2_real_300_all/encoder_E_xzx_1760)
Encoder E_xzx_1760.pt: AUC=0.3695, AvgRealScore=1.122371
Skipping encoder E_xzx_1770.pt (results already exist at ../results/results_32_mel_4n_2_real_300_all/encoder_E_xzx_1770)
Encoder E_xzx_1770.pt: AUC=0.3781, AvgRealScore=1.133022
Skipping encoder E_xzx_1780.pt (results already exist at ../results/results_32_mel_4n_2_real_300_all/encoder_E_xzx_1780)
Encoder E_xzx_1780.pt: AUC=0.3791, AvgRealScore=1.129468
Skipping encoder E_xzx_1790.pt (results already exist at ../results/results_32_mel_4n_2_real_300_all/encoder_E_xzx_1790)
Encoder E_xzx_1790.pt: AUC=0.379, AvgRealScore=1.138685
Skipping encoder E_xzx_180.pt (results already exist at ../results/results_32_mel_4n_2_real_300_all/encoder_E_xzx_180)
Encoder E_xzx_180.pt: AUC=0.4589, AvgRealScore=1.126220
Skipping encoder E_xzx_1800.pt (results already exist at ../results/results_32_mel_4n_2_real_300_all/encoder_E_xzx_1800)
Encoder E_xzx_1800.pt: AUC=0.3771, AvgRealScore=1.135578
Skipping encoder E_xzx_1810.pt (results already exist at ../results/results_32_mel_4n_2_real_300_all/encoder_E_xzx_1810)
Encoder E_xzx_1810.pt: AUC=0.3732, AvgRealScore=1.120963
Skipping encoder E_xzx_1820.pt (results already exist at ../results/results_32_mel_4n_2_real_300_all/encoder_E_xzx_1820)
Encoder E_xzx_1820.pt: AUC=0.3634, AvgRealScore=1.135212
Skipping encoder E_xzx_1830.pt (results already exist at ../results/results_32_mel_4n_2_real_300_all/encoder_E_xzx_1830)
Encoder E_xzx_1830.pt: AUC=0.3724, AvgRealScore=1.132897
Skipping encoder E_xzx_1840.pt (results already exist at ../results/results_32_mel_4n_2_real_300_all/encoder_E_xzx_1840)
Encoder E_xzx_1840.pt: AUC=0.3714, AvgRealScore=1.139416
Skipping encoder E_xzx_1850.pt (results already exist at ../results/results_32_mel_4n_2_real_300_all/encoder_E_xzx_1850)
Encoder E_xzx_1850.pt: AUC=0.3662, AvgRealScore=1.133423
Skipping encoder E_xzx_1860.pt (results already exist at ../results/results_32_mel_4n_2_real_300_all/encoder_E_xzx_1860)
Encoder E_xzx_1860.pt: AUC=0.3723, AvgRealScore=1.125198
Skipping encoder E_xzx_1870.pt (results already exist at ../results/results_32_mel_4n_2_real_300_all/encoder_E_xzx_1870)
Encoder E_xzx_1870.pt: AUC=0.3684, AvgRealScore=1.131520
Skipping encoder E_xzx_1880.pt (results already exist at ../results/results_32_mel_4n_2_real_300_all/encoder_E_xzx_1880)
Encoder E_xzx_1880.pt: AUC=0.371, AvgRealScore=1.121695
Skipping encoder E_xzx_1890.pt (results already exist at ../results/results_32_mel_4n_2_real_300_all/encoder_E_xzx_1890)
Encoder E_xzx_1890.pt: AUC=0.3696, AvgRealScore=1.124315
Skipping encoder E_xzx_190.pt (results already exist at ../results/results_32_mel_4n_2_real_300_all/encoder_E_xzx_190)
Encoder E_xzx_190.pt: AUC=0.4608, AvgRealScore=1.140095
Skipping encoder E_xzx_1900.pt (results already exist at ../results/results_32_mel_4n_2_real_300_all/encoder_E_xzx_1900)
Encoder E_xzx_1900.pt: AUC=0.3742, AvgRealScore=1.137943
Skipping encoder E_xzx_1910.pt (results already exist at ../results/results_32_mel_4n_2_real_300_all/encoder_E_xzx_1910)
Encoder E_xzx_1910.pt: AUC=0.3673, AvgRealScore=1.125555
Skipping encoder E_xzx_1920.pt (results already exist at ../results/results_32_mel_4n_2_real_300_all/encoder_E_xzx_1920)
Encoder E_xzx_1920.pt: AUC=0.3708, AvgRealScore=1.126842
Skipping encoder E_xzx_1930.pt (results already exist at ../results/results_32_mel_4n_2_real_300_all/encoder_E_xzx_1930)
Encoder E_xzx_1930.pt: AUC=0.3699, AvgRealScore=1.127699
Skipping encoder E_xzx_1940.pt (results already exist at ../results/results_32_mel_4n_2_real_300_all/encoder_E_xzx_1940)
Encoder E_xzx_1940.pt: AUC=0.365, AvgRealScore=1.138565
Skipping encoder E_xzx_1950.pt (results already exist at ../results/results_32_mel_4n_2_real_300_all/encoder_E_xzx_1950)
Encoder E_xzx_1950.pt: AUC=0.3785, AvgRealScore=1.132873
Skipping encoder E_xzx_1960.pt (results already exist at ../results/results_32_mel_4n_2_real_300_all/encoder_E_xzx_1960)
Encoder E_xzx_1960.pt: AUC=0.3655, AvgRealScore=1.130825
Skipping encoder E_xzx_1970.pt (results already exist at ../results/results_32_mel_4n_2_real_300_all/encoder_E_xzx_1970)
Encoder E_xzx_1970.pt: AUC=0.3749, AvgRealScore=1.121828
Skipping encoder E_xzx_1980.pt (results already exist at ../results/results_32_mel_4n_2_real_300_all/encoder_E_xzx_1980)
Encoder E_xzx_1980.pt: AUC=0.3697, AvgRealScore=1.126669
Skipping encoder E_xzx_1990.pt (results already exist at ../results/results_32_mel_4n_2_real_300_all/encoder_E_xzx_1990)
Encoder E_xzx_1990.pt: AUC=0.363, AvgRealScore=1.127679
Skipping encoder E_xzx_20.pt (results already exist at ../results/results_32_mel_4n_2_real_300_all/encoder_E_xzx_20)
Encoder E_xzx_20.pt: AUC=0.4956, AvgRealScore=1.202552
Skipping encoder E_xzx_200.pt (results already exist at ../results/results_32_mel_4n_2_real_300_all/encoder_E_xzx_200)
Encoder E_xzx_200.pt: AUC=0.4602, AvgRealScore=1.142067
Skipping encoder E_xzx_2000.pt (results already exist at ../results/results_32_mel_4n_2_real_300_all/encoder_E_xzx_2000)
Encoder E_xzx_2000.pt: AUC=0.3752, AvgRealScore=1.123305
Skipping encoder E_xzx_2010.pt (results already exist at ../results/results_32_mel_4n_2_real_300_all/encoder_E_xzx_2010)
Encoder E_xzx_2010.pt: AUC=0.3668, AvgRealScore=1.130480
Skipping encoder E_xzx_2020.pt (results already exist at ../results/results_32_mel_4n_2_real_300_all/encoder_E_xzx_2020)
Encoder E_xzx_2020.pt: AUC=0.3654, AvgRealScore=1.133294
Skipping encoder E_xzx_2030.pt (results already exist at ../results/results_32_mel_4n_2_real_300_all/encoder_E_xzx_2030)
Encoder E_xzx_2030.pt: AUC=0.367, AvgRealScore=1.139033
Skipping encoder E_xzx_2040.pt (results already exist at ../results/results_32_mel_4n_2_real_300_all/encoder_E_xzx_2040)
Encoder E_xzx_2040.pt: AUC=0.3639, AvgRealScore=1.140115
Skipping encoder E_xzx_2050.pt (results already exist at ../results/results_32_mel_4n_2_real_300_all/encoder_E_xzx_2050)
Encoder E_xzx_2050.pt: AUC=0.3628, AvgRealScore=1.125134
Skipping encoder E_xzx_2060.pt (results already exist at ../results/results_32_mel_4n_2_real_300_all/encoder_E_xzx_2060)
Encoder E_xzx_2060.pt: AUC=0.3602, AvgRealScore=1.134700
Skipping encoder E_xzx_2070.pt (results already exist at ../results/results_32_mel_4n_2_real_300_all/encoder_E_xzx_2070)
Encoder E_xzx_2070.pt: AUC=0.3737, AvgRealScore=1.133407
Skipping encoder E_xzx_2080.pt (results already exist at ../results/results_32_mel_4n_2_real_300_all/encoder_E_xzx_2080)
Encoder E_xzx_2080.pt: AUC=0.3752, AvgRealScore=1.129073
Skipping encoder E_xzx_2090.pt (results already exist at ../results/results_32_mel_4n_2_real_300_all/encoder_E_xzx_2090)
Encoder E_xzx_2090.pt: AUC=0.3585, AvgRealScore=1.133799
Skipping encoder E_xzx_210.pt (results already exist at ../results/results_32_mel_4n_2_real_300_all/encoder_E_xzx_210)
Encoder E_xzx_210.pt: AUC=0.4555, AvgRealScore=1.148273
Skipping encoder E_xzx_2100.pt (results already exist at ../results/results_32_mel_4n_2_real_300_all/encoder_E_xzx_2100)
Encoder E_xzx_2100.pt: AUC=0.3587, AvgRealScore=1.129441
Skipping encoder E_xzx_2110.pt (results already exist at ../results/results_32_mel_4n_2_real_300_all/encoder_E_xzx_2110)
Encoder E_xzx_2110.pt: AUC=0.3664, AvgRealScore=1.135660
Skipping encoder E_xzx_2120.pt (results already exist at ../results/results_32_mel_4n_2_real_300_all/encoder_E_xzx_2120)
Encoder E_xzx_2120.pt: AUC=0.3655, AvgRealScore=1.133597
Skipping encoder E_xzx_2130.pt (results already exist at ../results/results_32_mel_4n_2_real_300_all/encoder_E_xzx_2130)
Encoder E_xzx_2130.pt: AUC=0.371, AvgRealScore=1.127722
Skipping encoder E_xzx_2140.pt (results already exist at ../results/results_32_mel_4n_2_real_300_all/encoder_E_xzx_2140)
Encoder E_xzx_2140.pt: AUC=0.3596, AvgRealScore=1.124334
Skipping encoder E_xzx_2150.pt (results already exist at ../results/results_32_mel_4n_2_real_300_all/encoder_E_xzx_2150)
Encoder E_xzx_2150.pt: AUC=0.363, AvgRealScore=1.135009
Skipping encoder E_xzx_2160.pt (results already exist at ../results/results_32_mel_4n_2_real_300_all/encoder_E_xzx_2160)
Encoder E_xzx_2160.pt: AUC=0.3699, AvgRealScore=1.127304
Skipping encoder E_xzx_2170.pt (results already exist at ../results/results_32_mel_4n_2_real_300_all/encoder_E_xzx_2170)
Encoder E_xzx_2170.pt: AUC=0.3537, AvgRealScore=1.132833
Skipping encoder E_xzx_2180.pt (results already exist at ../results/results_32_mel_4n_2_real_300_all/encoder_E_xzx_2180)
Encoder E_xzx_2180.pt: AUC=0.3659, AvgRealScore=1.126225
Skipping encoder E_xzx_2190.pt (results already exist at ../results/results_32_mel_4n_2_real_300_all/encoder_E_xzx_2190)
Encoder E_xzx_2190.pt: AUC=0.3641, AvgRealScore=1.124705
Skipping encoder E_xzx_220.pt (results already exist at ../results/results_32_mel_4n_2_real_300_all/encoder_E_xzx_220)
Encoder E_xzx_220.pt: AUC=0.4545, AvgRealScore=1.138535
Skipping encoder E_xzx_2200.pt (results already exist at ../results/results_32_mel_4n_2_real_300_all/encoder_E_xzx_2200)
Encoder E_xzx_2200.pt: AUC=0.3647, AvgRealScore=1.136584
Skipping encoder E_xzx_2210.pt (results already exist at ../results/results_32_mel_4n_2_real_300_all/encoder_E_xzx_2210)
Encoder E_xzx_2210.pt: AUC=0.3728, AvgRealScore=1.127358
Skipping encoder E_xzx_2220.pt (results already exist at ../results/results_32_mel_4n_2_real_300_all/encoder_E_xzx_2220)
[2025-07-13 13:00:26] Killing current job via keyboard interrupt.
Terminated
[2025-07-13 13:01:10] Job PID=3904351 finished with return code -2
[2025-07-13 13:01:10] Next job: python eval_all_checkpoints.py --real_data_root ../data/test/real/data_32 --anomaly_data_dir ../data/test/fake/data_32_all/all --model_dir ../logdir/logdir_32_mel_4n_2_real_300 --n_layers 4 --use_mel --keep_all --out_dir ../results/results_32_mel_4n_2_real_300_all --compare_mode --ckpt 300 --n_cluster 7 --batch_size 1024 --bypass_classifier
[2025-07-13 13:01:10] GPU idle for 10/120s
[2025-07-13 13:01:20] GPU idle for 20/120s
[2025-07-13 13:01:20] Immediate spawn requested via terminal.
[2025-07-13 13:01:20] Launching: python eval_all_checkpoints.py --real_data_root ../data/test/real/data_32 --anomaly_data_dir ../data/test/fake/data_32_all/all --model_dir ../logdir/logdir_32_mel_4n_2_real_300 --n_layers 4 --use_mel --keep_all --out_dir ../results/results_32_mel_4n_2_real_300_all --compare_mode --ckpt 300 --n_cluster 7 --batch_size 1024 --bypass_classifier
[2025-07-13 13:01:20] Started PID=3906715
Building and caching dataset in RAM (once for all checkpoints)...
Dataset ready.
Skipping encoder E_xzx_10.pt (results already exist at ../results/results_32_mel_4n_2_real_300_all/encoder_E_xzx_10)
Encoder E_xzx_10.pt: AUC=0.4987, AvgRealScore=1.278804
Skipping encoder E_xzx_100.pt (results already exist at ../results/results_32_mel_4n_2_real_300_all/encoder_E_xzx_100)
Encoder E_xzx_100.pt: AUC=0.4773, AvgRealScore=1.176585
Skipping encoder E_xzx_1000.pt (results already exist at ../results/results_32_mel_4n_2_real_300_all/encoder_E_xzx_1000)
Encoder E_xzx_1000.pt: AUC=0.4052, AvgRealScore=1.107796
Skipping encoder E_xzx_1010.pt (results already exist at ../results/results_32_mel_4n_2_real_300_all/encoder_E_xzx_1010)
Encoder E_xzx_1010.pt: AUC=0.3983, AvgRealScore=1.119539
Skipping encoder E_xzx_1020.pt (results already exist at ../results/results_32_mel_4n_2_real_300_all/encoder_E_xzx_1020)
Encoder E_xzx_1020.pt: AUC=0.3918, AvgRealScore=1.129529
Skipping encoder E_xzx_1030.pt (results already exist at ../results/results_32_mel_4n_2_real_300_all/encoder_E_xzx_1030)
Encoder E_xzx_1030.pt: AUC=0.389, AvgRealScore=1.119641
Skipping encoder E_xzx_1040.pt (results already exist at ../results/results_32_mel_4n_2_real_300_all/encoder_E_xzx_1040)
Encoder E_xzx_1040.pt: AUC=0.3942, AvgRealScore=1.125219
Skipping encoder E_xzx_1050.pt (results already exist at ../results/results_32_mel_4n_2_real_300_all/encoder_E_xzx_1050)
Encoder E_xzx_1050.pt: AUC=0.3861, AvgRealScore=1.127513
Skipping encoder E_xzx_1060.pt (results already exist at ../results/results_32_mel_4n_2_real_300_all/encoder_E_xzx_1060)
Encoder E_xzx_1060.pt: AUC=0.3953, AvgRealScore=1.117840
Skipping encoder E_xzx_1070.pt (results already exist at ../results/results_32_mel_4n_2_real_300_all/encoder_E_xzx_1070)
Encoder E_xzx_1070.pt: AUC=0.3875, AvgRealScore=1.116916
Skipping encoder E_xzx_1080.pt (results already exist at ../results/results_32_mel_4n_2_real_300_all/encoder_E_xzx_1080)
Encoder E_xzx_1080.pt: AUC=0.3893, AvgRealScore=1.123252
Skipping encoder E_xzx_1090.pt (results already exist at ../results/results_32_mel_4n_2_real_300_all/encoder_E_xzx_1090)
Encoder E_xzx_1090.pt: AUC=0.3948, AvgRealScore=1.122031
Skipping encoder E_xzx_110.pt (results already exist at ../results/results_32_mel_4n_2_real_300_all/encoder_E_xzx_110)
Encoder E_xzx_110.pt: AUC=0.4771, AvgRealScore=1.175717
Skipping encoder E_xzx_1100.pt (results already exist at ../results/results_32_mel_4n_2_real_300_all/encoder_E_xzx_1100)
Encoder E_xzx_1100.pt: AUC=0.3913, AvgRealScore=1.117076
Skipping encoder E_xzx_1110.pt (results already exist at ../results/results_32_mel_4n_2_real_300_all/encoder_E_xzx_1110)
Encoder E_xzx_1110.pt: AUC=0.3866, AvgRealScore=1.130418
Skipping encoder E_xzx_1120.pt (results already exist at ../results/results_32_mel_4n_2_real_300_all/encoder_E_xzx_1120)
Encoder E_xzx_1120.pt: AUC=0.3942, AvgRealScore=1.119458
Skipping encoder E_xzx_1130.pt (results already exist at ../results/results_32_mel_4n_2_real_300_all/encoder_E_xzx_1130)
Encoder E_xzx_1130.pt: AUC=0.3962, AvgRealScore=1.121688
Skipping encoder E_xzx_1140.pt (results already exist at ../results/results_32_mel_4n_2_real_300_all/encoder_E_xzx_1140)
Encoder E_xzx_1140.pt: AUC=0.3924, AvgRealScore=1.121797
Skipping encoder E_xzx_1150.pt (results already exist at ../results/results_32_mel_4n_2_real_300_all/encoder_E_xzx_1150)
Encoder E_xzx_1150.pt: AUC=0.3841, AvgRealScore=1.119183
Skipping encoder E_xzx_1160.pt (results already exist at ../results/results_32_mel_4n_2_real_300_all/encoder_E_xzx_1160)
Encoder E_xzx_1160.pt: AUC=0.3861, AvgRealScore=1.125691
Skipping encoder E_xzx_1170.pt (results already exist at ../results/results_32_mel_4n_2_real_300_all/encoder_E_xzx_1170)
Encoder E_xzx_1170.pt: AUC=0.3857, AvgRealScore=1.126493
Skipping encoder E_xzx_1180.pt (results already exist at ../results/results_32_mel_4n_2_real_300_all/encoder_E_xzx_1180)
Encoder E_xzx_1180.pt: AUC=0.3915, AvgRealScore=1.114664
Skipping encoder E_xzx_1190.pt (results already exist at ../results/results_32_mel_4n_2_real_300_all/encoder_E_xzx_1190)
Encoder E_xzx_1190.pt: AUC=0.3905, AvgRealScore=1.130855
Skipping encoder E_xzx_120.pt (results already exist at ../results/results_32_mel_4n_2_real_300_all/encoder_E_xzx_120)
Encoder E_xzx_120.pt: AUC=0.4734, AvgRealScore=1.158272
Skipping encoder E_xzx_1200.pt (results already exist at ../results/results_32_mel_4n_2_real_300_all/encoder_E_xzx_1200)
Encoder E_xzx_1200.pt: AUC=0.3909, AvgRealScore=1.120249
Skipping encoder E_xzx_1210.pt (results already exist at ../results/results_32_mel_4n_2_real_300_all/encoder_E_xzx_1210)
Encoder E_xzx_1210.pt: AUC=0.3943, AvgRealScore=1.129380
Skipping encoder E_xzx_1220.pt (results already exist at ../results/results_32_mel_4n_2_real_300_all/encoder_E_xzx_1220)
Encoder E_xzx_1220.pt: AUC=0.3876, AvgRealScore=1.118670
Skipping encoder E_xzx_1230.pt (results already exist at ../results/results_32_mel_4n_2_real_300_all/encoder_E_xzx_1230)
Encoder E_xzx_1230.pt: AUC=0.3888, AvgRealScore=1.126022
Skipping encoder E_xzx_1240.pt (results already exist at ../results/results_32_mel_4n_2_real_300_all/encoder_E_xzx_1240)
Encoder E_xzx_1240.pt: AUC=0.3839, AvgRealScore=1.134171
Skipping encoder E_xzx_1250.pt (results already exist at ../results/results_32_mel_4n_2_real_300_all/encoder_E_xzx_1250)
Encoder E_xzx_1250.pt: AUC=0.3835, AvgRealScore=1.124401
Skipping encoder E_xzx_1260.pt (results already exist at ../results/results_32_mel_4n_2_real_300_all/encoder_E_xzx_1260)
Encoder E_xzx_1260.pt: AUC=0.3908, AvgRealScore=1.128384
Skipping encoder E_xzx_1270.pt (results already exist at ../results/results_32_mel_4n_2_real_300_all/encoder_E_xzx_1270)
Encoder E_xzx_1270.pt: AUC=0.3907, AvgRealScore=1.122674
Skipping encoder E_xzx_1280.pt (results already exist at ../results/results_32_mel_4n_2_real_300_all/encoder_E_xzx_1280)
Encoder E_xzx_1280.pt: AUC=0.3853, AvgRealScore=1.125907
Skipping encoder E_xzx_1290.pt (results already exist at ../results/results_32_mel_4n_2_real_300_all/encoder_E_xzx_1290)
Encoder E_xzx_1290.pt: AUC=0.3934, AvgRealScore=1.132921
Skipping encoder E_xzx_130.pt (results already exist at ../results/results_32_mel_4n_2_real_300_all/encoder_E_xzx_130)
Encoder E_xzx_130.pt: AUC=0.4711, AvgRealScore=1.122638
Skipping encoder E_xzx_1300.pt (results already exist at ../results/results_32_mel_4n_2_real_300_all/encoder_E_xzx_1300)
Encoder E_xzx_1300.pt: AUC=0.3836, AvgRealScore=1.126819
Skipping encoder E_xzx_1310.pt (results already exist at ../results/results_32_mel_4n_2_real_300_all/encoder_E_xzx_1310)
Encoder E_xzx_1310.pt: AUC=0.3848, AvgRealScore=1.125569
Skipping encoder E_xzx_1320.pt (results already exist at ../results/results_32_mel_4n_2_real_300_all/encoder_E_xzx_1320)
Encoder E_xzx_1320.pt: AUC=0.3817, AvgRealScore=1.128046
Skipping encoder E_xzx_1330.pt (results already exist at ../results/results_32_mel_4n_2_real_300_all/encoder_E_xzx_1330)
Encoder E_xzx_1330.pt: AUC=0.3851, AvgRealScore=1.117621
Skipping encoder E_xzx_1340.pt (results already exist at ../results/results_32_mel_4n_2_real_300_all/encoder_E_xzx_1340)
Encoder E_xzx_1340.pt: AUC=0.3862, AvgRealScore=1.121501
Skipping encoder E_xzx_1350.pt (results already exist at ../results/results_32_mel_4n_2_real_300_all/encoder_E_xzx_1350)
Encoder E_xzx_1350.pt: AUC=0.3862, AvgRealScore=1.123167
Skipping encoder E_xzx_1360.pt (results already exist at ../results/results_32_mel_4n_2_real_300_all/encoder_E_xzx_1360)
Encoder E_xzx_1360.pt: AUC=0.3881, AvgRealScore=1.130763
Skipping encoder E_xzx_1370.pt (results already exist at ../results/results_32_mel_4n_2_real_300_all/encoder_E_xzx_1370)
Encoder E_xzx_1370.pt: AUC=0.3806, AvgRealScore=1.126134
Skipping encoder E_xzx_1380.pt (results already exist at ../results/results_32_mel_4n_2_real_300_all/encoder_E_xzx_1380)
Encoder E_xzx_1380.pt: AUC=0.3899, AvgRealScore=1.119795
Skipping encoder E_xzx_1390.pt (results already exist at ../results/results_32_mel_4n_2_real_300_all/encoder_E_xzx_1390)
Encoder E_xzx_1390.pt: AUC=0.3749, AvgRealScore=1.131617
Skipping encoder E_xzx_140.pt (results already exist at ../results/results_32_mel_4n_2_real_300_all/encoder_E_xzx_140)
Encoder E_xzx_140.pt: AUC=0.4691, AvgRealScore=1.157888
Skipping encoder E_xzx_1400.pt (results already exist at ../results/results_32_mel_4n_2_real_300_all/encoder_E_xzx_1400)
Encoder E_xzx_1400.pt: AUC=0.3784, AvgRealScore=1.129623
Skipping encoder E_xzx_1410.pt (results already exist at ../results/results_32_mel_4n_2_real_300_all/encoder_E_xzx_1410)
Encoder E_xzx_1410.pt: AUC=0.3799, AvgRealScore=1.120341
Skipping encoder E_xzx_1420.pt (results already exist at ../results/results_32_mel_4n_2_real_300_all/encoder_E_xzx_1420)
Encoder E_xzx_1420.pt: AUC=0.38, AvgRealScore=1.120878
Skipping encoder E_xzx_1430.pt (results already exist at ../results/results_32_mel_4n_2_real_300_all/encoder_E_xzx_1430)
Encoder E_xzx_1430.pt: AUC=0.3742, AvgRealScore=1.117095
Skipping encoder E_xzx_1440.pt (results already exist at ../results/results_32_mel_4n_2_real_300_all/encoder_E_xzx_1440)
Encoder E_xzx_1440.pt: AUC=0.3824, AvgRealScore=1.128650
Skipping encoder E_xzx_1450.pt (results already exist at ../results/results_32_mel_4n_2_real_300_all/encoder_E_xzx_1450)
Encoder E_xzx_1450.pt: AUC=0.3759, AvgRealScore=1.120513
Skipping encoder E_xzx_1460.pt (results already exist at ../results/results_32_mel_4n_2_real_300_all/encoder_E_xzx_1460)
Encoder E_xzx_1460.pt: AUC=0.3737, AvgRealScore=1.130266
Skipping encoder E_xzx_1470.pt (results already exist at ../results/results_32_mel_4n_2_real_300_all/encoder_E_xzx_1470)
Encoder E_xzx_1470.pt: AUC=0.3877, AvgRealScore=1.130256
Skipping encoder E_xzx_1480.pt (results already exist at ../results/results_32_mel_4n_2_real_300_all/encoder_E_xzx_1480)
Encoder E_xzx_1480.pt: AUC=0.3852, AvgRealScore=1.127601
Skipping encoder E_xzx_1490.pt (results already exist at ../results/results_32_mel_4n_2_real_300_all/encoder_E_xzx_1490)
Encoder E_xzx_1490.pt: AUC=0.3871, AvgRealScore=1.124495
Skipping encoder E_xzx_150.pt (results already exist at ../results/results_32_mel_4n_2_real_300_all/encoder_E_xzx_150)
Encoder E_xzx_150.pt: AUC=0.4718, AvgRealScore=1.135901
Skipping encoder E_xzx_1500.pt (results already exist at ../results/results_32_mel_4n_2_real_300_all/encoder_E_xzx_1500)
Encoder E_xzx_1500.pt: AUC=0.3778, AvgRealScore=1.125140
Skipping encoder E_xzx_1510.pt (results already exist at ../results/results_32_mel_4n_2_real_300_all/encoder_E_xzx_1510)
Encoder E_xzx_1510.pt: AUC=0.3813, AvgRealScore=1.122225
Skipping encoder E_xzx_1520.pt (results already exist at ../results/results_32_mel_4n_2_real_300_all/encoder_E_xzx_1520)
Encoder E_xzx_1520.pt: AUC=0.3789, AvgRealScore=1.123248
Skipping encoder E_xzx_1530.pt (results already exist at ../results/results_32_mel_4n_2_real_300_all/encoder_E_xzx_1530)
Encoder E_xzx_1530.pt: AUC=0.3823, AvgRealScore=1.138715
Skipping encoder E_xzx_1540.pt (results already exist at ../results/results_32_mel_4n_2_real_300_all/encoder_E_xzx_1540)
Encoder E_xzx_1540.pt: AUC=0.3829, AvgRealScore=1.128209
Skipping encoder E_xzx_1550.pt (results already exist at ../results/results_32_mel_4n_2_real_300_all/encoder_E_xzx_1550)
Encoder E_xzx_1550.pt: AUC=0.3745, AvgRealScore=1.144339
Skipping encoder E_xzx_1560.pt (results already exist at ../results/results_32_mel_4n_2_real_300_all/encoder_E_xzx_1560)
Encoder E_xzx_1560.pt: AUC=0.3716, AvgRealScore=1.127808
Skipping encoder E_xzx_1570.pt (results already exist at ../results/results_32_mel_4n_2_real_300_all/encoder_E_xzx_1570)
Encoder E_xzx_1570.pt: AUC=0.3718, AvgRealScore=1.135518
Skipping encoder E_xzx_1580.pt (results already exist at ../results/results_32_mel_4n_2_real_300_all/encoder_E_xzx_1580)
Encoder E_xzx_1580.pt: AUC=0.3804, AvgRealScore=1.132134
Skipping encoder E_xzx_1590.pt (results already exist at ../results/results_32_mel_4n_2_real_300_all/encoder_E_xzx_1590)
Encoder E_xzx_1590.pt: AUC=0.3819, AvgRealScore=1.124139
Skipping encoder E_xzx_160.pt (results already exist at ../results/results_32_mel_4n_2_real_300_all/encoder_E_xzx_160)
Encoder E_xzx_160.pt: AUC=0.467, AvgRealScore=1.141471
Skipping encoder E_xzx_1600.pt (results already exist at ../results/results_32_mel_4n_2_real_300_all/encoder_E_xzx_1600)
Encoder E_xzx_1600.pt: AUC=0.3735, AvgRealScore=1.127857
Skipping encoder E_xzx_1610.pt (results already exist at ../results/results_32_mel_4n_2_real_300_all/encoder_E_xzx_1610)
Encoder E_xzx_1610.pt: AUC=0.3849, AvgRealScore=1.128078
Skipping encoder E_xzx_1620.pt (results already exist at ../results/results_32_mel_4n_2_real_300_all/encoder_E_xzx_1620)
Encoder E_xzx_1620.pt: AUC=0.3766, AvgRealScore=1.135742
Skipping encoder E_xzx_1630.pt (results already exist at ../results/results_32_mel_4n_2_real_300_all/encoder_E_xzx_1630)
Encoder E_xzx_1630.pt: AUC=0.3825, AvgRealScore=1.130310
Skipping encoder E_xzx_1640.pt (results already exist at ../results/results_32_mel_4n_2_real_300_all/encoder_E_xzx_1640)
Encoder E_xzx_1640.pt: AUC=0.3719, AvgRealScore=1.130594
Skipping encoder E_xzx_1650.pt (results already exist at ../results/results_32_mel_4n_2_real_300_all/encoder_E_xzx_1650)
Encoder E_xzx_1650.pt: AUC=0.3667, AvgRealScore=1.129791
Skipping encoder E_xzx_1660.pt (results already exist at ../results/results_32_mel_4n_2_real_300_all/encoder_E_xzx_1660)
Encoder E_xzx_1660.pt: AUC=0.3791, AvgRealScore=1.128618
Skipping encoder E_xzx_1670.pt (results already exist at ../results/results_32_mel_4n_2_real_300_all/encoder_E_xzx_1670)
Encoder E_xzx_1670.pt: AUC=0.3731, AvgRealScore=1.125149
Skipping encoder E_xzx_1680.pt (results already exist at ../results/results_32_mel_4n_2_real_300_all/encoder_E_xzx_1680)
Encoder E_xzx_1680.pt: AUC=0.3693, AvgRealScore=1.127770
Skipping encoder E_xzx_1690.pt (results already exist at ../results/results_32_mel_4n_2_real_300_all/encoder_E_xzx_1690)
Encoder E_xzx_1690.pt: AUC=0.3789, AvgRealScore=1.133231
Skipping encoder E_xzx_170.pt (results already exist at ../results/results_32_mel_4n_2_real_300_all/encoder_E_xzx_170)
Encoder E_xzx_170.pt: AUC=0.4623, AvgRealScore=1.147513
Skipping encoder E_xzx_1700.pt (results already exist at ../results/results_32_mel_4n_2_real_300_all/encoder_E_xzx_1700)
Encoder E_xzx_1700.pt: AUC=0.3718, AvgRealScore=1.124269
Skipping encoder E_xzx_1710.pt (results already exist at ../results/results_32_mel_4n_2_real_300_all/encoder_E_xzx_1710)
Encoder E_xzx_1710.pt: AUC=0.3796, AvgRealScore=1.127702
Skipping encoder E_xzx_1720.pt (results already exist at ../results/results_32_mel_4n_2_real_300_all/encoder_E_xzx_1720)
Encoder E_xzx_1720.pt: AUC=0.3688, AvgRealScore=1.130371
Skipping encoder E_xzx_1730.pt (results already exist at ../results/results_32_mel_4n_2_real_300_all/encoder_E_xzx_1730)
Encoder E_xzx_1730.pt: AUC=0.3738, AvgRealScore=1.120992
Skipping encoder E_xzx_1740.pt (results already exist at ../results/results_32_mel_4n_2_real_300_all/encoder_E_xzx_1740)
Encoder E_xzx_1740.pt: AUC=0.3696, AvgRealScore=1.125654
Skipping encoder E_xzx_1750.pt (results already exist at ../results/results_32_mel_4n_2_real_300_all/encoder_E_xzx_1750)
Encoder E_xzx_1750.pt: AUC=0.3756, AvgRealScore=1.125888
Skipping encoder E_xzx_1760.pt (results already exist at ../results/results_32_mel_4n_2_real_300_all/encoder_E_xzx_1760)
Encoder E_xzx_1760.pt: AUC=0.3695, AvgRealScore=1.122371
Skipping encoder E_xzx_1770.pt (results already exist at ../results/results_32_mel_4n_2_real_300_all/encoder_E_xzx_1770)
Encoder E_xzx_1770.pt: AUC=0.3781, AvgRealScore=1.133022
Skipping encoder E_xzx_1780.pt (results already exist at ../results/results_32_mel_4n_2_real_300_all/encoder_E_xzx_1780)
Encoder E_xzx_1780.pt: AUC=0.3791, AvgRealScore=1.129468
Skipping encoder E_xzx_1790.pt (results already exist at ../results/results_32_mel_4n_2_real_300_all/encoder_E_xzx_1790)
Encoder E_xzx_1790.pt: AUC=0.379, AvgRealScore=1.138685
Skipping encoder E_xzx_180.pt (results already exist at ../results/results_32_mel_4n_2_real_300_all/encoder_E_xzx_180)
Encoder E_xzx_180.pt: AUC=0.4589, AvgRealScore=1.126220
Skipping encoder E_xzx_1800.pt (results already exist at ../results/results_32_mel_4n_2_real_300_all/encoder_E_xzx_1800)
Encoder E_xzx_1800.pt: AUC=0.3771, AvgRealScore=1.135578
Skipping encoder E_xzx_1810.pt (results already exist at ../results/results_32_mel_4n_2_real_300_all/encoder_E_xzx_1810)
Encoder E_xzx_1810.pt: AUC=0.3732, AvgRealScore=1.120963
Skipping encoder E_xzx_1820.pt (results already exist at ../results/results_32_mel_4n_2_real_300_all/encoder_E_xzx_1820)
Encoder E_xzx_1820.pt: AUC=0.3634, AvgRealScore=1.135212
Skipping encoder E_xzx_1830.pt (results already exist at ../results/results_32_mel_4n_2_real_300_all/encoder_E_xzx_1830)
Encoder E_xzx_1830.pt: AUC=0.3724, AvgRealScore=1.132897
Skipping encoder E_xzx_1840.pt (results already exist at ../results/results_32_mel_4n_2_real_300_all/encoder_E_xzx_1840)
Encoder E_xzx_1840.pt: AUC=0.3714, AvgRealScore=1.139416
Skipping encoder E_xzx_1850.pt (results already exist at ../results/results_32_mel_4n_2_real_300_all/encoder_E_xzx_1850)
Encoder E_xzx_1850.pt: AUC=0.3662, AvgRealScore=1.133423
Skipping encoder E_xzx_1860.pt (results already exist at ../results/results_32_mel_4n_2_real_300_all/encoder_E_xzx_1860)
Encoder E_xzx_1860.pt: AUC=0.3723, AvgRealScore=1.125198
Skipping encoder E_xzx_1870.pt (results already exist at ../results/results_32_mel_4n_2_real_300_all/encoder_E_xzx_1870)
Encoder E_xzx_1870.pt: AUC=0.3684, AvgRealScore=1.131520
Skipping encoder E_xzx_1880.pt (results already exist at ../results/results_32_mel_4n_2_real_300_all/encoder_E_xzx_1880)
Encoder E_xzx_1880.pt: AUC=0.371, AvgRealScore=1.121695
Skipping encoder E_xzx_1890.pt (results already exist at ../results/results_32_mel_4n_2_real_300_all/encoder_E_xzx_1890)
Encoder E_xzx_1890.pt: AUC=0.3696, AvgRealScore=1.124315
Skipping encoder E_xzx_190.pt (results already exist at ../results/results_32_mel_4n_2_real_300_all/encoder_E_xzx_190)
Encoder E_xzx_190.pt: AUC=0.4608, AvgRealScore=1.140095
Skipping encoder E_xzx_1900.pt (results already exist at ../results/results_32_mel_4n_2_real_300_all/encoder_E_xzx_1900)
Encoder E_xzx_1900.pt: AUC=0.3742, AvgRealScore=1.137943
Skipping encoder E_xzx_1910.pt (results already exist at ../results/results_32_mel_4n_2_real_300_all/encoder_E_xzx_1910)
Encoder E_xzx_1910.pt: AUC=0.3673, AvgRealScore=1.125555
Skipping encoder E_xzx_1920.pt (results already exist at ../results/results_32_mel_4n_2_real_300_all/encoder_E_xzx_1920)
Encoder E_xzx_1920.pt: AUC=0.3708, AvgRealScore=1.126842
Skipping encoder E_xzx_1930.pt (results already exist at ../results/results_32_mel_4n_2_real_300_all/encoder_E_xzx_1930)
Encoder E_xzx_1930.pt: AUC=0.3699, AvgRealScore=1.127699
Skipping encoder E_xzx_1940.pt (results already exist at ../results/results_32_mel_4n_2_real_300_all/encoder_E_xzx_1940)
Encoder E_xzx_1940.pt: AUC=0.365, AvgRealScore=1.138565
Skipping encoder E_xzx_1950.pt (results already exist at ../results/results_32_mel_4n_2_real_300_all/encoder_E_xzx_1950)
Encoder E_xzx_1950.pt: AUC=0.3785, AvgRealScore=1.132873
Skipping encoder E_xzx_1960.pt (results already exist at ../results/results_32_mel_4n_2_real_300_all/encoder_E_xzx_1960)
Encoder E_xzx_1960.pt: AUC=0.3655, AvgRealScore=1.130825
Skipping encoder E_xzx_1970.pt (results already exist at ../results/results_32_mel_4n_2_real_300_all/encoder_E_xzx_1970)
Encoder E_xzx_1970.pt: AUC=0.3749, AvgRealScore=1.121828
Skipping encoder E_xzx_1980.pt (results already exist at ../results/results_32_mel_4n_2_real_300_all/encoder_E_xzx_1980)
Encoder E_xzx_1980.pt: AUC=0.3697, AvgRealScore=1.126669
Skipping encoder E_xzx_1990.pt (results already exist at ../results/results_32_mel_4n_2_real_300_all/encoder_E_xzx_1990)
Encoder E_xzx_1990.pt: AUC=0.363, AvgRealScore=1.127679
Skipping encoder E_xzx_20.pt (results already exist at ../results/results_32_mel_4n_2_real_300_all/encoder_E_xzx_20)
Encoder E_xzx_20.pt: AUC=0.4956, AvgRealScore=1.202552
Skipping encoder E_xzx_200.pt (results already exist at ../results/results_32_mel_4n_2_real_300_all/encoder_E_xzx_200)
Encoder E_xzx_200.pt: AUC=0.4602, AvgRealScore=1.142067
Skipping encoder E_xzx_2000.pt (results already exist at ../results/results_32_mel_4n_2_real_300_all/encoder_E_xzx_2000)
Encoder E_xzx_2000.pt: AUC=0.3752, AvgRealScore=1.123305
Skipping encoder E_xzx_2010.pt (results already exist at ../results/results_32_mel_4n_2_real_300_all/encoder_E_xzx_2010)
Encoder E_xzx_2010.pt: AUC=0.3668, AvgRealScore=1.130480
Skipping encoder E_xzx_2020.pt (results already exist at ../results/results_32_mel_4n_2_real_300_all/encoder_E_xzx_2020)
Encoder E_xzx_2020.pt: AUC=0.3654, AvgRealScore=1.133294
Skipping encoder E_xzx_2030.pt (results already exist at ../results/results_32_mel_4n_2_real_300_all/encoder_E_xzx_2030)
Encoder E_xzx_2030.pt: AUC=0.367, AvgRealScore=1.139033
Skipping encoder E_xzx_2040.pt (results already exist at ../results/results_32_mel_4n_2_real_300_all/encoder_E_xzx_2040)
Encoder E_xzx_2040.pt: AUC=0.3639, AvgRealScore=1.140115
Skipping encoder E_xzx_2050.pt (results already exist at ../results/results_32_mel_4n_2_real_300_all/encoder_E_xzx_2050)
Encoder E_xzx_2050.pt: AUC=0.3628, AvgRealScore=1.125134
Skipping encoder E_xzx_2060.pt (results already exist at ../results/results_32_mel_4n_2_real_300_all/encoder_E_xzx_2060)
Encoder E_xzx_2060.pt: AUC=0.3602, AvgRealScore=1.134700
Skipping encoder E_xzx_2070.pt (results already exist at ../results/results_32_mel_4n_2_real_300_all/encoder_E_xzx_2070)
Encoder E_xzx_2070.pt: AUC=0.3737, AvgRealScore=1.133407
Skipping encoder E_xzx_2080.pt (results already exist at ../results/results_32_mel_4n_2_real_300_all/encoder_E_xzx_2080)
Encoder E_xzx_2080.pt: AUC=0.3752, AvgRealScore=1.129073
Skipping encoder E_xzx_2090.pt (results already exist at ../results/results_32_mel_4n_2_real_300_all/encoder_E_xzx_2090)
Encoder E_xzx_2090.pt: AUC=0.3585, AvgRealScore=1.133799
Skipping encoder E_xzx_210.pt (results already exist at ../results/results_32_mel_4n_2_real_300_all/encoder_E_xzx_210)
Encoder E_xzx_210.pt: AUC=0.4555, AvgRealScore=1.148273
Skipping encoder E_xzx_2100.pt (results already exist at ../results/results_32_mel_4n_2_real_300_all/encoder_E_xzx_2100)
Encoder E_xzx_2100.pt: AUC=0.3587, AvgRealScore=1.129441
Skipping encoder E_xzx_2110.pt (results already exist at ../results/results_32_mel_4n_2_real_300_all/encoder_E_xzx_2110)
Encoder E_xzx_2110.pt: AUC=0.3664, AvgRealScore=1.135660
Skipping encoder E_xzx_2120.pt (results already exist at ../results/results_32_mel_4n_2_real_300_all/encoder_E_xzx_2120)
Encoder E_xzx_2120.pt: AUC=0.3655, AvgRealScore=1.133597
Skipping encoder E_xzx_2130.pt (results already exist at ../results/results_32_mel_4n_2_real_300_all/encoder_E_xzx_2130)
Encoder E_xzx_2130.pt: AUC=0.371, AvgRealScore=1.127722
Skipping encoder E_xzx_2140.pt (results already exist at ../results/results_32_mel_4n_2_real_300_all/encoder_E_xzx_2140)
Encoder E_xzx_2140.pt: AUC=0.3596, AvgRealScore=1.124334
Skipping encoder E_xzx_2150.pt (results already exist at ../results/results_32_mel_4n_2_real_300_all/encoder_E_xzx_2150)
Encoder E_xzx_2150.pt: AUC=0.363, AvgRealScore=1.135009
Skipping encoder E_xzx_2160.pt (results already exist at ../results/results_32_mel_4n_2_real_300_all/encoder_E_xzx_2160)
Encoder E_xzx_2160.pt: AUC=0.3699, AvgRealScore=1.127304
Skipping encoder E_xzx_2170.pt (results already exist at ../results/results_32_mel_4n_2_real_300_all/encoder_E_xzx_2170)
Encoder E_xzx_2170.pt: AUC=0.3537, AvgRealScore=1.132833
Skipping encoder E_xzx_2180.pt (results already exist at ../results/results_32_mel_4n_2_real_300_all/encoder_E_xzx_2180)
Encoder E_xzx_2180.pt: AUC=0.3659, AvgRealScore=1.126225
Skipping encoder E_xzx_2190.pt (results already exist at ../results/results_32_mel_4n_2_real_300_all/encoder_E_xzx_2190)
Encoder E_xzx_2190.pt: AUC=0.3641, AvgRealScore=1.124705
Skipping encoder E_xzx_220.pt (results already exist at ../results/results_32_mel_4n_2_real_300_all/encoder_E_xzx_220)
Encoder E_xzx_220.pt: AUC=0.4545, AvgRealScore=1.138535
Skipping encoder E_xzx_2200.pt (results already exist at ../results/results_32_mel_4n_2_real_300_all/encoder_E_xzx_2200)
Encoder E_xzx_2200.pt: AUC=0.3647, AvgRealScore=1.136584
Skipping encoder E_xzx_2210.pt (results already exist at ../results/results_32_mel_4n_2_real_300_all/encoder_E_xzx_2210)
Encoder E_xzx_2210.pt: AUC=0.3728, AvgRealScore=1.127358
Skipping encoder E_xzx_2220.pt (results already exist at ../results/results_32_mel_4n_2_real_300_all/encoder_E_xzx_2220)
Encoder E_xzx_2220.pt: AUC=0.3694, AvgRealScore=1.127318
Skipping encoder E_xzx_2230.pt (results already exist at ../results/results_32_mel_4n_2_real_300_all/encoder_E_xzx_2230)
Encoder E_xzx_2230.pt: AUC=0.3704, AvgRealScore=1.125860
Skipping encoder E_xzx_2240.pt (results already exist at ../results/results_32_mel_4n_2_real_300_all/encoder_E_xzx_2240)
Encoder E_xzx_2240.pt: AUC=0.3577, AvgRealScore=1.133672
Skipping encoder E_xzx_2250.pt (results already exist at ../results/results_32_mel_4n_2_real_300_all/encoder_E_xzx_2250)
Encoder E_xzx_2250.pt: AUC=0.3593, AvgRealScore=1.135291
Skipping encoder E_xzx_2260.pt (results already exist at ../results/results_32_mel_4n_2_real_300_all/encoder_E_xzx_2260)
Encoder E_xzx_2260.pt: AUC=0.3615, AvgRealScore=1.131141
Skipping encoder E_xzx_2270.pt (results already exist at ../results/results_32_mel_4n_2_real_300_all/encoder_E_xzx_2270)
Encoder E_xzx_2270.pt: AUC=0.3588, AvgRealScore=1.137860
Skipping encoder E_xzx_2280.pt (results already exist at ../results/results_32_mel_4n_2_real_300_all/encoder_E_xzx_2280)
Encoder E_xzx_2280.pt: AUC=0.368, AvgRealScore=1.126299
Skipping encoder E_xzx_2290.pt (results already exist at ../results/results_32_mel_4n_2_real_300_all/encoder_E_xzx_2290)
Encoder E_xzx_2290.pt: AUC=0.3626, AvgRealScore=1.138315
Skipping encoder E_xzx_230.pt (results already exist at ../results/results_32_mel_4n_2_real_300_all/encoder_E_xzx_230)
Encoder E_xzx_230.pt: AUC=0.4467, AvgRealScore=1.136887
Skipping encoder E_xzx_2300.pt (results already exist at ../results/results_32_mel_4n_2_real_300_all/encoder_E_xzx_2300)
Encoder E_xzx_2300.pt: AUC=0.3588, AvgRealScore=1.129579
Skipping encoder E_xzx_2310.pt (results already exist at ../results/results_32_mel_4n_2_real_300_all/encoder_E_xzx_2310)
Encoder E_xzx_2310.pt: AUC=0.3662, AvgRealScore=1.126858
Skipping encoder E_xzx_2320.pt (results already exist at ../results/results_32_mel_4n_2_real_300_all/encoder_E_xzx_2320)
Encoder E_xzx_2320.pt: AUC=0.3677, AvgRealScore=1.136042
Skipping encoder E_xzx_2330.pt (results already exist at ../results/results_32_mel_4n_2_real_300_all/encoder_E_xzx_2330)
Encoder E_xzx_2330.pt: AUC=0.3645, AvgRealScore=1.132410
Skipping encoder E_xzx_2340.pt (results already exist at ../results/results_32_mel_4n_2_real_300_all/encoder_E_xzx_2340)
Encoder E_xzx_2340.pt: AUC=0.3583, AvgRealScore=1.133272
Skipping encoder E_xzx_2350.pt (results already exist at ../results/results_32_mel_4n_2_real_300_all/encoder_E_xzx_2350)
Encoder E_xzx_2350.pt: AUC=0.3624, AvgRealScore=1.129404
Skipping encoder E_xzx_2360.pt (results already exist at ../results/results_32_mel_4n_2_real_300_all/encoder_E_xzx_2360)
Encoder E_xzx_2360.pt: AUC=0.3574, AvgRealScore=1.140676
Skipping encoder E_xzx_2370.pt (results already exist at ../results/results_32_mel_4n_2_real_300_all/encoder_E_xzx_2370)
Encoder E_xzx_2370.pt: AUC=0.3626, AvgRealScore=1.135099
Skipping encoder E_xzx_2380.pt (results already exist at ../results/results_32_mel_4n_2_real_300_all/encoder_E_xzx_2380)
Encoder E_xzx_2380.pt: AUC=0.3615, AvgRealScore=1.134322
Skipping encoder E_xzx_2390.pt (results already exist at ../results/results_32_mel_4n_2_real_300_all/encoder_E_xzx_2390)
Encoder E_xzx_2390.pt: AUC=0.3662, AvgRealScore=1.137774
Skipping encoder E_xzx_240.pt (results already exist at ../results/results_32_mel_4n_2_real_300_all/encoder_E_xzx_240)
Encoder E_xzx_240.pt: AUC=0.4523, AvgRealScore=1.116425
Skipping encoder E_xzx_2400.pt (results already exist at ../results/results_32_mel_4n_2_real_300_all/encoder_E_xzx_2400)
Encoder E_xzx_2400.pt: AUC=0.3658, AvgRealScore=1.137207
Skipping encoder E_xzx_2410.pt (results already exist at ../results/results_32_mel_4n_2_real_300_all/encoder_E_xzx_2410)
Encoder E_xzx_2410.pt: AUC=0.363, AvgRealScore=1.141114
Skipping encoder E_xzx_2420.pt (results already exist at ../results/results_32_mel_4n_2_real_300_all/encoder_E_xzx_2420)
Encoder E_xzx_2420.pt: AUC=0.37, AvgRealScore=1.136234
Skipping encoder E_xzx_2430.pt (results already exist at ../results/results_32_mel_4n_2_real_300_all/encoder_E_xzx_2430)
Encoder E_xzx_2430.pt: AUC=0.3669, AvgRealScore=1.132256
Skipping encoder E_xzx_2440.pt (results already exist at ../results/results_32_mel_4n_2_real_300_all/encoder_E_xzx_2440)
Encoder E_xzx_2440.pt: AUC=0.3611, AvgRealScore=1.132445
Skipping encoder E_xzx_2450.pt (results already exist at ../results/results_32_mel_4n_2_real_300_all/encoder_E_xzx_2450)
Encoder E_xzx_2450.pt: AUC=0.3533, AvgRealScore=1.135420
Results folder ../results/results_32_mel_4n_2_real_300_all/encoder_E_xzx_2460 exists but result files are missing, rerunning inference.

=== Evaluating encoder: E_xzx_2460.pt ===
G params: 7,869,351
E params: 3,448,480
D params: 1,076,480
C params: 206,087
Balanced accuracy (at median threshold): 0.3944
Best F1=0.6667 @ thr=0.6451
Best Accuracy=0.5000 @ thr=0.6451
AUC=0.3581
Average anomaly score on real class: 1.139272
Inference complete!
Encoder E_xzx_2460.pt: AUC=0.3581, AvgRealScore=1.139272

=== Evaluating encoder: E_xzx_2470.pt ===
G params: 7,869,351
E params: 3,448,480
D params: 1,076,480
C params: 206,087
Balanced accuracy (at median threshold): 0.3937
Best F1=0.6667 @ thr=0.6488
Best Accuracy=0.5000 @ thr=3.4335
AUC=0.3550
Average anomaly score on real class: 1.138687
Inference complete!
Encoder E_xzx_2470.pt: AUC=0.355, AvgRealScore=1.138687

=== Evaluating encoder: E_xzx_2480.pt ===
G params: 7,869,351
E params: 3,448,480
D params: 1,076,480
C params: 206,087
Balanced accuracy (at median threshold): 0.3930
Best F1=0.6667 @ thr=0.6290
Best Accuracy=0.5000 @ thr=3.3428
AUC=0.3581
Average anomaly score on real class: 1.133979
Inference complete!
Encoder E_xzx_2480.pt: AUC=0.3581, AvgRealScore=1.133979

=== Evaluating encoder: E_xzx_2490.pt ===
G params: 7,869,351
E params: 3,448,480
D params: 1,076,480
C params: 206,087
Balanced accuracy (at median threshold): 0.3919
Best F1=0.6667 @ thr=0.6656
Best Accuracy=0.5000 @ thr=3.4315
AUC=0.3546
Average anomaly score on real class: 1.136729
Inference complete!
Encoder E_xzx_2490.pt: AUC=0.3546, AvgRealScore=1.136729
Skipping encoder E_xzx_250.pt (results already exist at ../results/results_32_mel_4n_2_real_300_all/encoder_E_xzx_250)
Encoder E_xzx_250.pt: AUC=0.446, AvgRealScore=1.122621

=== Evaluating encoder: E_xzx_2500.pt ===
G params: 7,869,351
E params: 3,448,480
D params: 1,076,480
C params: 206,087
Balanced accuracy (at median threshold): 0.3958
Best F1=0.6667 @ thr=0.6157
Best Accuracy=0.5000 @ thr=3.0983
AUC=0.3575
Average anomaly score on real class: 1.128083
Inference complete!
Encoder E_xzx_2500.pt: AUC=0.3575, AvgRealScore=1.128083

=== Evaluating encoder: E_xzx_2510.pt ===
G params: 7,869,351
E params: 3,448,480
D params: 1,076,480
C params: 206,087
Balanced accuracy (at median threshold): 0.3962
Best F1=0.6667 @ thr=0.6444
Best Accuracy=0.5000 @ thr=0.6444
AUC=0.3606
Average anomaly score on real class: 1.133103
Inference complete!
Encoder E_xzx_2510.pt: AUC=0.3606, AvgRealScore=1.133103

=== Evaluating encoder: E_xzx_2520.pt ===
G params: 7,869,351
E params: 3,448,480
D params: 1,076,480
C params: 206,087
Balanced accuracy (at median threshold): 0.3902
Best F1=0.6667 @ thr=0.6497
Best Accuracy=0.5000 @ thr=3.5523
AUC=0.3523
Average anomaly score on real class: 1.134255
Inference complete!
Encoder E_xzx_2520.pt: AUC=0.3523, AvgRealScore=1.134255

=== Evaluating encoder: E_xzx_2530.pt ===
G params: 7,869,351
E params: 3,448,480
D params: 1,076,480
C params: 206,087
Balanced accuracy (at median threshold): 0.3934
Best F1=0.6667 @ thr=0.6472
Best Accuracy=0.5000 @ thr=0.6472
AUC=0.3589
Average anomaly score on real class: 1.138682
Inference complete!
Encoder E_xzx_2530.pt: AUC=0.3589, AvgRealScore=1.138682

=== Evaluating encoder: E_xzx_2540.pt ===
G params: 7,869,351
E params: 3,448,480
D params: 1,076,480
C params: 206,087
Balanced accuracy (at median threshold): 0.4085
Best F1=0.6667 @ thr=0.6521
Best Accuracy=0.5000 @ thr=0.6521
AUC=0.3702
Average anomaly score on real class: 1.138158
Inference complete!
Encoder E_xzx_2540.pt: AUC=0.3702, AvgRealScore=1.138158

=== Evaluating encoder: E_xzx_2550.pt ===
G params: 7,869,351
E params: 3,448,480
D params: 1,076,480
C params: 206,087
Balanced accuracy (at median threshold): 0.3904
Best F1=0.6667 @ thr=0.6331
Best Accuracy=0.5000 @ thr=0.6331
AUC=0.3532
Average anomaly score on real class: 1.130520
Inference complete!
Encoder E_xzx_2550.pt: AUC=0.3532, AvgRealScore=1.130520

=== Evaluating encoder: E_xzx_2560.pt ===
G params: 7,869,351
E params: 3,448,480
D params: 1,076,480
C params: 206,087
Balanced accuracy (at median threshold): 0.3946
Best F1=0.6667 @ thr=0.6156
Best Accuracy=0.5000 @ thr=3.3468
AUC=0.3546
Average anomaly score on real class: 1.133235
Inference complete!
Encoder E_xzx_2560.pt: AUC=0.3546, AvgRealScore=1.133235

=== Evaluating encoder: E_xzx_2570.pt ===
G params: 7,869,351
E params: 3,448,480
D params: 1,076,480
C params: 206,087
Balanced accuracy (at median threshold): 0.3928
Best F1=0.6667 @ thr=0.5977
Best Accuracy=0.5000 @ thr=0.5977
AUC=0.3552
Average anomaly score on real class: 1.141294
Inference complete!
Encoder E_xzx_2570.pt: AUC=0.3552, AvgRealScore=1.141294

=== Evaluating encoder: E_xzx_2580.pt ===
G params: 7,869,351
E params: 3,448,480
D params: 1,076,480
C params: 206,087
Balanced accuracy (at median threshold): 0.3898
Best F1=0.6667 @ thr=0.6257
Best Accuracy=0.5000 @ thr=0.6257
AUC=0.3528
Average anomaly score on real class: 1.144610
Inference complete!
Encoder E_xzx_2580.pt: AUC=0.3528, AvgRealScore=1.144610

=== Evaluating encoder: E_xzx_2590.pt ===
G params: 7,869,351
E params: 3,448,480
D params: 1,076,480
C params: 206,087
Balanced accuracy (at median threshold): 0.3972
Best F1=0.6667 @ thr=0.6600
Best Accuracy=0.5000 @ thr=3.0705
AUC=0.3615
Average anomaly score on real class: 1.140636
Inference complete!
Encoder E_xzx_2590.pt: AUC=0.3615, AvgRealScore=1.140636
Skipping encoder E_xzx_260.pt (results already exist at ../results/results_32_mel_4n_2_real_300_all/encoder_E_xzx_260)
Encoder E_xzx_260.pt: AUC=0.4455, AvgRealScore=1.113301

=== Evaluating encoder: E_xzx_2600.pt ===
G params: 7,869,351
E params: 3,448,480
D params: 1,076,480
C params: 206,087
Balanced accuracy (at median threshold): 0.3935
Best F1=0.6667 @ thr=0.6586
Best Accuracy=0.5000 @ thr=0.6586
AUC=0.3576
Average anomaly score on real class: 1.144667
Inference complete!
Encoder E_xzx_2600.pt: AUC=0.3576, AvgRealScore=1.144667

=== Evaluating encoder: E_xzx_2610.pt ===
G params: 7,869,351
E params: 3,448,480
D params: 1,076,480
C params: 206,087
Balanced accuracy (at median threshold): 0.3936
Best F1=0.6667 @ thr=0.6198
Best Accuracy=0.5000 @ thr=3.4464
AUC=0.3578
Average anomaly score on real class: 1.137907
Inference complete!
Encoder E_xzx_2610.pt: AUC=0.3578, AvgRealScore=1.137907

=== Evaluating encoder: E_xzx_2620.pt ===
G params: 7,869,351
E params: 3,448,480
D params: 1,076,480
C params: 206,087
Balanced accuracy (at median threshold): 0.3850
Best F1=0.6667 @ thr=0.6600
Best Accuracy=0.5000 @ thr=3.2385
AUC=0.3504
Average anomaly score on real class: 1.134866
Inference complete!
Encoder E_xzx_2620.pt: AUC=0.3504, AvgRealScore=1.134866

=== Evaluating encoder: E_xzx_2630.pt ===
G params: 7,869,351
E params: 3,448,480
D params: 1,076,480
C params: 206,087
Balanced accuracy (at median threshold): 0.3930
Best F1=0.6667 @ thr=0.6105
Best Accuracy=0.5000 @ thr=0.6105
AUC=0.3533
Average anomaly score on real class: 1.132004
Inference complete!
Encoder E_xzx_2630.pt: AUC=0.3533, AvgRealScore=1.132004

=== Evaluating encoder: E_xzx_2640.pt ===
G params: 7,869,351
E params: 3,448,480
D params: 1,076,480
C params: 206,087
Balanced accuracy (at median threshold): 0.3940
Best F1=0.6667 @ thr=0.6165
Best Accuracy=0.5000 @ thr=0.6165
AUC=0.3566
Average anomaly score on real class: 1.133412
Inference complete!
Encoder E_xzx_2640.pt: AUC=0.3566, AvgRealScore=1.133412

=== Evaluating encoder: E_xzx_2650.pt ===
G params: 7,869,351
E params: 3,448,480
D params: 1,076,480
C params: 206,087
Balanced accuracy (at median threshold): 0.4035
Best F1=0.6667 @ thr=0.6186
Best Accuracy=0.5000 @ thr=0.6186
AUC=0.3618
Average anomaly score on real class: 1.136228
Inference complete!
Encoder E_xzx_2650.pt: AUC=0.3618, AvgRealScore=1.136228

=== Evaluating encoder: E_xzx_2660.pt ===
G params: 7,869,351
E params: 3,448,480
D params: 1,076,480
C params: 206,087
Balanced accuracy (at median threshold): 0.3988
Best F1=0.6667 @ thr=0.6333
Best Accuracy=0.5000 @ thr=0.6333
AUC=0.3630
Average anomaly score on real class: 1.132088
Inference complete!
Encoder E_xzx_2660.pt: AUC=0.363, AvgRealScore=1.132088

=== Evaluating encoder: E_xzx_2670.pt ===
G params: 7,869,351
E params: 3,448,480
D params: 1,076,480
C params: 206,087
Balanced accuracy (at median threshold): 0.3928
Best F1=0.6667 @ thr=0.6412
Best Accuracy=0.5000 @ thr=3.3118
AUC=0.3585
Average anomaly score on real class: 1.140285
Inference complete!
Encoder E_xzx_2670.pt: AUC=0.3585, AvgRealScore=1.140285

=== Evaluating encoder: E_xzx_2680.pt ===
G params: 7,869,351
E params: 3,448,480
D params: 1,076,480
C params: 206,087
Balanced accuracy (at median threshold): 0.3975
Best F1=0.6667 @ thr=0.6182
Best Accuracy=0.5000 @ thr=0.6182
AUC=0.3618
Average anomaly score on real class: 1.136773
Inference complete!
Encoder E_xzx_2680.pt: AUC=0.3618, AvgRealScore=1.136773

=== Evaluating encoder: E_xzx_2690.pt ===
G params: 7,869,351
E params: 3,448,480
D params: 1,076,480
C params: 206,087
Balanced accuracy (at median threshold): 0.3973
Best F1=0.6667 @ thr=0.6047
Best Accuracy=0.5000 @ thr=0.6047
AUC=0.3613
Average anomaly score on real class: 1.131546
Inference complete!
Encoder E_xzx_2690.pt: AUC=0.3613, AvgRealScore=1.131546
Skipping encoder E_xzx_270.pt (results already exist at ../results/results_32_mel_4n_2_real_300_all/encoder_E_xzx_270)
Encoder E_xzx_270.pt: AUC=0.4429, AvgRealScore=1.121580

=== Evaluating encoder: E_xzx_2700.pt ===
G params: 7,869,351
E params: 3,448,480
D params: 1,076,480
C params: 206,087
Balanced accuracy (at median threshold): 0.3953
Best F1=0.6667 @ thr=0.6297
Best Accuracy=0.5000 @ thr=0.6297
AUC=0.3562
Average anomaly score on real class: 1.132933
Inference complete!
Encoder E_xzx_2700.pt: AUC=0.3562, AvgRealScore=1.132933

=== Evaluating encoder: E_xzx_2710.pt ===
G params: 7,869,351
E params: 3,448,480
D params: 1,076,480
C params: 206,087
Balanced accuracy (at median threshold): 0.3950
Best F1=0.6667 @ thr=0.6583
Best Accuracy=0.5000 @ thr=0.6583
AUC=0.3575
Average anomaly score on real class: 1.141494
Inference complete!
Encoder E_xzx_2710.pt: AUC=0.3575, AvgRealScore=1.141494

=== Evaluating encoder: E_xzx_2720.pt ===
G params: 7,869,351
E params: 3,448,480
D params: 1,076,480
C params: 206,087
Balanced accuracy (at median threshold): 0.3886
Best F1=0.6667 @ thr=0.6351
Best Accuracy=0.5000 @ thr=0.6351
AUC=0.3499
Average anomaly score on real class: 1.134183
Inference complete!
Encoder E_xzx_2720.pt: AUC=0.3499, AvgRealScore=1.134183

=== Evaluating encoder: E_xzx_2730.pt ===
G params: 7,869,351
E params: 3,448,480
D params: 1,076,480
C params: 206,087
Balanced accuracy (at median threshold): 0.3912
Best F1=0.6667 @ thr=0.6396
Best Accuracy=0.5000 @ thr=0.6396
AUC=0.3548
Average anomaly score on real class: 1.145261
Inference complete!
Encoder E_xzx_2730.pt: AUC=0.3548, AvgRealScore=1.145261

=== Evaluating encoder: E_xzx_2740.pt ===
G params: 7,869,351
E params: 3,448,480
D params: 1,076,480
C params: 206,087
Balanced accuracy (at median threshold): 0.3975
Best F1=0.6667 @ thr=0.6363
Best Accuracy=0.5000 @ thr=0.6363
AUC=0.3598
Average anomaly score on real class: 1.132163
Inference complete!
Encoder E_xzx_2740.pt: AUC=0.3598, AvgRealScore=1.132163

=== Evaluating encoder: E_xzx_2750.pt ===
G params: 7,869,351
E params: 3,448,480
D params: 1,076,480
C params: 206,087
Balanced accuracy (at median threshold): 0.3944
Best F1=0.6667 @ thr=0.6267
Best Accuracy=0.5000 @ thr=3.4389
AUC=0.3546
Average anomaly score on real class: 1.140312
Inference complete!
Encoder E_xzx_2750.pt: AUC=0.3546, AvgRealScore=1.140312

=== Evaluating encoder: E_xzx_2760.pt ===
G params: 7,869,351
E params: 3,448,480
D params: 1,076,480
C params: 206,087
Balanced accuracy (at median threshold): 0.3932
Best F1=0.6667 @ thr=0.6262
Best Accuracy=0.5000 @ thr=0.6262
AUC=0.3550
[2025-07-13 14:00:23] Next job: python eval_all_checkpoints.py --real_data_root ../data/cross/real/data_32 --anomaly_data_dir ../data/cross/fake/data_32_all/all --model_dir ../logdir/logdir_32_mel_4n_2_real_300 --n_layers 4 --use_mel --keep_all --out_dir ../results/results_32_mel_4n_2_real_300_cross_all --compare_mode --ckpt 300 --n_cluster 7 --batch_size 256 --bypass_classifier
[2025-07-13 14:00:33] Immediate spawn requested via terminal.
[2025-07-13 14:00:33] Launching: python eval_all_checkpoints.py --real_data_root ../data/cross/real/data_32 --anomaly_data_dir ../data/cross/fake/data_32_all/all --model_dir ../logdir/logdir_32_mel_4n_2_real_300 --n_layers 4 --use_mel --keep_all --out_dir ../results/results_32_mel_4n_2_real_300_cross_all --compare_mode --ckpt 300 --n_cluster 7 --batch_size 256 --bypass_classifier
[2025-07-13 14:00:33] Started PID=3958155
Building and caching dataset in RAM (once for all checkpoints)...
Traceback (most recent call last):
  File "/media/tameszaza/MyPassport/ml/backup/backup_tames/anomGAN2/eval_all_checkpoints.py", line 363, in <module>
    main()
  File "/media/tameszaza/MyPassport/ml/backup/backup_tames/anomGAN2/eval_all_checkpoints.py", line 103, in main
    ds = RealFakeDirDataset(
         ^^^^^^^^^^^^^^^^^^^
  File "/media/tameszaza/MyPassport/ml/backup/backup_tames/anomGAN2/inference_r.py", line 98, in __init__
    d for d in os.listdir(real_data_root)
               ^^^^^^^^^^^^^^^^^^^^^^^^^^
FileNotFoundError: [Errno 2] No such file or directory: '../data/cross/real/data_32'
[2025-07-13 14:00:37] Job PID=3958155 finished with return code 1
[2025-07-13 14:00:37] Next job: python eval_all_checkpoints.py --real_data_root ../data/cross/real/data_32 --anomaly_data_dir ../data/cross/fake/data_32_all/all --model_dir ../logdir/logdir_32_mel_real_s_2_300 --n_layers 3 --use_mel --keep_all --out_dir ../results/results_32_mel_real_s_2_300_cross_all --compare_mode --ckpt 300 --n_cluster 1 --batch_size 512 --bypass_classifier
[2025-07-13 14:00:47] GPU idle for 10/120s
[2025-07-13 14:00:57] GPU busy - reset idle counter
[2025-07-13 14:01:38] Paused. Waiting...
[2025-07-13 14:01:58] Resumed.
[2025-07-13 14:01:58] Job changed or removed - skipping 'python eval_all_checkpoints.py --real_data_root ../data/cross/real/data_32 --anomaly_data_dir ../data/cross/fake/data_32_all/all --model_dir ../logdir/logdir_32_mel_real_s_2_300 --n_layers 3 --use_mel --keep_all --out_dir ../results/results_32_mel_real_s_2_300_cross_all --compare_mode --ckpt 300 --n_cluster 1 --batch_size 512 --bypass_classifier'
[2025-07-13 14:01:58] Next job: python eval_all_checkpoints.py --real_data_root ../data/cross/real/eval_32 --anomaly_data_dir ../data/cross/fake/eval_32_all/all --model_dir ../logdir/logdir_32_mel_4n_2_real_300 --n_layers 4 --use_mel --keep_all --out_dir ../results/results_32_mel_4n_2_real_300_cross_all --compare_mode --ckpt 300 --n_cluster 7 --batch_size 256 --bypass_classifier
[2025-07-13 14:01:58] Immediate spawn requested via terminal.
[2025-07-13 14:01:58] Launching: python eval_all_checkpoints.py --real_data_root ../data/cross/real/eval_32 --anomaly_data_dir ../data/cross/fake/eval_32_all/all --model_dir ../logdir/logdir_32_mel_4n_2_real_300 --n_layers 4 --use_mel --keep_all --out_dir ../results/results_32_mel_4n_2_real_300_cross_all --compare_mode --ckpt 300 --n_cluster 7 --batch_size 256 --bypass_classifier
[2025-07-13 14:01:58] Started PID=3959501
[2025-07-13 14:01:58] Killing current job via keyboard interrupt.
[2025-07-13 14:01:59] Job PID=3959501 finished with return code -2
[2025-07-13 14:01:59] Next job: python eval_all_checkpoints.py --real_data_root ../data/cross/real/data_32 --anomaly_data_dir ../data/cross/fake/data_32_all/all --model_dir ../logdir/logdir_32_mel_real_s_2_300 --n_layers 3 --use_mel --keep_all --out_dir ../results/results_32_mel_real_s_2_300_cross_all --compare_mode --ckpt 300 --n_cluster 1 --batch_size 512 --bypass_classifier
[2025-07-13 14:02:19] GPU idle for 10/120s
[2025-07-13 14:02:29] GPU busy - reset idle counter
[2025-07-13 14:03:39] Job changed or removed - skipping 'python eval_all_checkpoints.py --real_data_root ../data/cross/real/data_32 --anomaly_data_dir ../data/cross/fake/data_32_all/all --model_dir ../logdir/logdir_32_mel_real_s_2_300 --n_layers 3 --use_mel --keep_all --out_dir ../results/results_32_mel_real_s_2_300_cross_all --compare_mode --ckpt 300 --n_cluster 1 --batch_size 512 --bypass_classifier'
[2025-07-13 14:03:39] Next job: python eval_all_checkpoints.py --real_data_root ../data/cross/real/eval_32 --anomaly_data_dir ../data/cross/fake/eval_32_all/all --model_dir ../logdir/logdir_32_mel_4n_2_real_300 --n_layers 4 --use_mel --keep_all --out_dir ../results/results_32_mel_4n_2_real_300_cross_all --compare_mode --ckpt 300 --n_cluster 7 --batch_size 256 --bypass_classifier
[2025-07-13 14:03:59] Immediate spawn requested via terminal.
[2025-07-13 14:03:59] Launching: python eval_all_checkpoints.py --real_data_root ../data/cross/real/eval_32 --anomaly_data_dir ../data/cross/fake/eval_32_all/all --model_dir ../logdir/logdir_32_mel_4n_2_real_300 --n_layers 4 --use_mel --keep_all --out_dir ../results/results_32_mel_4n_2_real_300_cross_all --compare_mode --ckpt 300 --n_cluster 7 --batch_size 256 --bypass_classifier
[2025-07-13 14:03:59] Started PID=3961613
Building and caching dataset in RAM (once for all checkpoints)...
Traceback (most recent call last):
  File "/media/tameszaza/MyPassport/ml/backup/backup_tames/anomGAN2/eval_all_checkpoints.py", line 363, in <module>
    main()
  File "/media/tameszaza/MyPassport/ml/backup/backup_tames/anomGAN2/eval_all_checkpoints.py", line 103, in main
    ds = RealFakeDirDataset(
         ^^^^^^^^^^^^^^^^^^^
  File "/media/tameszaza/MyPassport/ml/backup/backup_tames/anomGAN2/inference_r.py", line 108, in __init__
    collect_samples(anomaly_data_dir, label=1)
  File "/media/tameszaza/MyPassport/ml/backup/backup_tames/anomGAN2/inference_r.py", line 75, in collect_samples
    raise FileNotFoundError(f"Missing mel/ under {base_dir}")
FileNotFoundError: Missing mel/ under ../data/cross/fake/eval_32_all/all
[2025-07-13 14:04:03] Job PID=3961613 finished with return code 1
[2025-07-13 14:04:03] Next job: python eval_all_checkpoints.py --real_data_root ../data/cross/real/data_32 --anomaly_data_dir ../data/cross/fake/data_32_all/all --model_dir ../logdir/logdir_32_mel_real_s_2_300 --n_layers 3 --use_mel --keep_all --out_dir ../results/results_32_mel_real_s_2_300_cross_all --compare_mode --ckpt 300 --n_cluster 1 --batch_size 512 --bypass_classifier
[2025-07-13 14:04:43] Job changed or removed - skipping 'python eval_all_checkpoints.py --real_data_root ../data/cross/real/data_32 --anomaly_data_dir ../data/cross/fake/data_32_all/all --model_dir ../logdir/logdir_32_mel_real_s_2_300 --n_layers 3 --use_mel --keep_all --out_dir ../results/results_32_mel_real_s_2_300_cross_all --compare_mode --ckpt 300 --n_cluster 1 --batch_size 512 --bypass_classifier'
[2025-07-13 14:04:43] Next job: python eval_all_checkpoints.py --real_data_root ../data/cross/real/eval_32 --anomaly_data_dir ../data/cross/fake/eval_32/all --model_dir ../logdir/logdir_32_mel_4n_2_real_300 --n_layers 4 --use_mel --keep_all --out_dir ../results/results_32_mel_4n_2_real_300_cross_all --compare_mode --ckpt 300 --n_cluster 7 --batch_size 256 --bypass_classifier
[2025-07-13 14:04:43] Immediate spawn requested via terminal.
[2025-07-13 14:04:43] Launching: python eval_all_checkpoints.py --real_data_root ../data/cross/real/eval_32 --anomaly_data_dir ../data/cross/fake/eval_32/all --model_dir ../logdir/logdir_32_mel_4n_2_real_300 --n_layers 4 --use_mel --keep_all --out_dir ../results/results_32_mel_4n_2_real_300_cross_all --compare_mode --ckpt 300 --n_cluster 7 --batch_size 256 --bypass_classifier
[2025-07-13 14:04:43] Started PID=3962296
Average anomaly score on real class: 1.135811
Inference complete!
Encoder E_xzx_2760.pt: AUC=0.355, AvgRealScore=1.135811

=== Evaluating encoder: E_xzx_2770.pt ===
G params: 7,869,351
E params: 3,448,480
D params: 1,076,480
C params: 206,087
Balanced accuracy (at median threshold): 0.3904
Best F1=0.6667 @ thr=0.6143
Best Accuracy=0.5000 @ thr=0.6143
AUC=0.3538
Average anomaly score on real class: 1.135670
Inference complete!
Encoder E_xzx_2770.pt: AUC=0.3538, AvgRealScore=1.135670

=== Evaluating encoder: E_xzx_2780.pt ===
G params: 7,869,351
E params: 3,448,480
D params: 1,076,480
C params: 206,087
Balanced accuracy (at median threshold): 0.3928
Best F1=0.6667 @ thr=0.6506
Best Accuracy=0.5000 @ thr=2.7761
AUC=0.3561
Average anomaly score on real class: 1.138395
Inference complete!
Encoder E_xzx_2780.pt: AUC=0.3561, AvgRealScore=1.138395

=== Evaluating encoder: E_xzx_2790.pt ===
G params: 7,869,351
E params: 3,448,480
D params: 1,076,480
C params: 206,087
Balanced accuracy (at median threshold): 0.3948
Best F1=0.6667 @ thr=0.6155
Best Accuracy=0.5000 @ thr=0.6155
AUC=0.3596
Average anomaly score on real class: 1.134404
Inference complete!
Encoder E_xzx_2790.pt: AUC=0.3596, AvgRealScore=1.134404
Skipping encoder E_xzx_280.pt (results already exist at ../results/results_32_mel_4n_2_real_300_all/encoder_E_xzx_280)
Encoder E_xzx_280.pt: AUC=0.444, AvgRealScore=1.118749

=== Evaluating encoder: E_xzx_2800.pt ===
G params: 7,869,351
E params: 3,448,480
D params: 1,076,480
C params: 206,087
Balanced accuracy (at median threshold): 0.3982
Best F1=0.6667 @ thr=0.6133
Best Accuracy=0.5000 @ thr=0.6133
AUC=0.3610
Average anomaly score on real class: 1.135881
Inference complete!
Encoder E_xzx_2800.pt: AUC=0.361, AvgRealScore=1.135881

=== Evaluating encoder: E_xzx_2810.pt ===
G params: 7,869,351
E params: 3,448,480
D params: 1,076,480
C params: 206,087
Balanced accuracy (at median threshold): 0.3868
Best F1=0.6667 @ thr=0.6430
Best Accuracy=0.5000 @ thr=0.6430
AUC=0.3515
Average anomaly score on real class: 1.142354
Inference complete!
Encoder E_xzx_2810.pt: AUC=0.3515, AvgRealScore=1.142354

=== Evaluating encoder: E_xzx_2820.pt ===
G params: 7,869,351
E params: 3,448,480
D params: 1,076,480
C params: 206,087
Balanced accuracy (at median threshold): 0.3962
Best F1=0.6667 @ thr=0.6291
Best Accuracy=0.5000 @ thr=2.7594
AUC=0.3598
Average anomaly score on real class: 1.146281
Inference complete!
Encoder E_xzx_2820.pt: AUC=0.3598, AvgRealScore=1.146281

=== Evaluating encoder: E_xzx_2830.pt ===
G params: 7,869,351
E params: 3,448,480
D params: 1,076,480
C params: 206,087
Balanced accuracy (at median threshold): 0.3903
Best F1=0.6667 @ thr=0.6374
Best Accuracy=0.5000 @ thr=0.6374
AUC=0.3523
Average anomaly score on real class: 1.139572
Inference complete!
Encoder E_xzx_2830.pt: AUC=0.3523, AvgRealScore=1.139572

=== Evaluating encoder: E_xzx_2840.pt ===
G params: 7,869,351
E params: 3,448,480
D params: 1,076,480
C params: 206,087
Balanced accuracy (at median threshold): 0.3887
Best F1=0.6667 @ thr=0.6075
Best Accuracy=0.5000 @ thr=0.6075
AUC=0.3498
Average anomaly score on real class: 1.136519
Inference complete!
Encoder E_xzx_2840.pt: AUC=0.3498, AvgRealScore=1.136519

=== Evaluating encoder: E_xzx_2850.pt ===
G params: 7,869,351
E params: 3,448,480
D params: 1,076,480
C params: 206,087
Balanced accuracy (at median threshold): 0.3872
Best F1=0.6667 @ thr=0.6381
Best Accuracy=0.5000 @ thr=3.2512
AUC=0.3534
Average anomaly score on real class: 1.133902
Inference complete!
Encoder E_xzx_2850.pt: AUC=0.3534, AvgRealScore=1.133902

=== Evaluating encoder: E_xzx_2860.pt ===
G params: 7,869,351
E params: 3,448,480
D params: 1,076,480
C params: 206,087
Balanced accuracy (at median threshold): 0.3876
Best F1=0.6667 @ thr=0.6204
Best Accuracy=0.5000 @ thr=0.6204
AUC=0.3520
Average anomaly score on real class: 1.137034
Inference complete!
Encoder E_xzx_2860.pt: AUC=0.352, AvgRealScore=1.137034

=== Evaluating encoder: E_xzx_2870.pt ===
G params: 7,869,351
E params: 3,448,480
D params: 1,076,480
C params: 206,087
Balanced accuracy (at median threshold): 0.3899
Best F1=0.6667 @ thr=0.6404
Best Accuracy=0.5000 @ thr=3.2372
AUC=0.3537
Average anomaly score on real class: 1.133803
Inference complete!
Encoder E_xzx_2870.pt: AUC=0.3537, AvgRealScore=1.133803

=== Evaluating encoder: E_xzx_2880.pt ===
G params: 7,869,351
E params: 3,448,480
D params: 1,076,480
C params: 206,087
Balanced accuracy (at median threshold): 0.3944
Best F1=0.6667 @ thr=0.6012
Best Accuracy=0.5000 @ thr=2.6652
AUC=0.3581
Average anomaly score on real class: 1.137937
Inference complete!
Encoder E_xzx_2880.pt: AUC=0.3581, AvgRealScore=1.137937

=== Evaluating encoder: E_xzx_2890.pt ===
G params: 7,869,351
E params: 3,448,480
D params: 1,076,480
C params: 206,087
Balanced accuracy (at median threshold): 0.3935
Best F1=0.6667 @ thr=0.6304
Best Accuracy=0.5000 @ thr=0.6304
AUC=0.3592
Average anomaly score on real class: 1.142659
Inference complete!
Encoder E_xzx_2890.pt: AUC=0.3592, AvgRealScore=1.142659
Skipping encoder E_xzx_290.pt (results already exist at ../results/results_32_mel_4n_2_real_300_all/encoder_E_xzx_290)
Encoder E_xzx_290.pt: AUC=0.4474, AvgRealScore=1.106213

=== Evaluating encoder: E_xzx_2900.pt ===
G params: 7,869,351
E params: 3,448,480
D params: 1,076,480
C params: 206,087
Balanced accuracy (at median threshold): 0.3932
Best F1=0.6667 @ thr=0.6128
Best Accuracy=0.5000 @ thr=0.6128
AUC=0.3536
Average anomaly score on real class: 1.137363
Inference complete!
Encoder E_xzx_2900.pt: AUC=0.3536, AvgRealScore=1.137363

=== Evaluating encoder: E_xzx_2910.pt ===
G params: 7,869,351
E params: 3,448,480
D params: 1,076,480
C params: 206,087
Balanced accuracy (at median threshold): 0.3950
Best F1=0.6667 @ thr=0.6282
Best Accuracy=0.5000 @ thr=3.3078
AUC=0.3570
Average anomaly score on real class: 1.136681
Inference complete!
Encoder E_xzx_2910.pt: AUC=0.357, AvgRealScore=1.136681

=== Evaluating encoder: E_xzx_2920.pt ===
G params: 7,869,351
E params: 3,448,480
D params: 1,076,480
C params: 206,087
Balanced accuracy (at median threshold): 0.3841
Best F1=0.6667 @ thr=0.6298
Best Accuracy=0.5000 @ thr=0.6298
AUC=0.3477
Average anomaly score on real class: 1.139836
Inference complete!
Encoder E_xzx_2920.pt: AUC=0.3477, AvgRealScore=1.139836

=== Evaluating encoder: E_xzx_2930.pt ===
G params: 7,869,351
E params: 3,448,480
D params: 1,076,480
C params: 206,087
Balanced accuracy (at median threshold): 0.3894
Best F1=0.6667 @ thr=0.6288
Best Accuracy=0.5000 @ thr=3.1563
AUC=0.3512
Average anomaly score on real class: 1.138909
Inference complete!
Encoder E_xzx_2930.pt: AUC=0.3512, AvgRealScore=1.138909

=== Evaluating encoder: E_xzx_2940.pt ===
G params: 7,869,351
E params: 3,448,480
D params: 1,076,480
C params: 206,087
Balanced accuracy (at median threshold): 0.3964
Best F1=0.6667 @ thr=0.6194
Best Accuracy=0.5000 @ thr=0.6194
AUC=0.3596
Average anomaly score on real class: 1.140040
Inference complete!
Encoder E_xzx_2940.pt: AUC=0.3596, AvgRealScore=1.140040

=== Evaluating encoder: E_xzx_2950.pt ===
G params: 7,869,351
E params: 3,448,480
D params: 1,076,480
C params: 206,087
Balanced accuracy (at median threshold): 0.3975
Best F1=0.6667 @ thr=0.6639
Best Accuracy=0.5000 @ thr=0.6639
AUC=0.3608
Average anomaly score on real class: 1.136926
Inference complete!
Encoder E_xzx_2950.pt: AUC=0.3608, AvgRealScore=1.136926

=== Evaluating encoder: E_xzx_2960.pt ===
G params: 7,869,351
E params: 3,448,480
D params: 1,076,480
C params: 206,087
Balanced accuracy (at median threshold): 0.3919
Best F1=0.6667 @ thr=0.6137
Best Accuracy=0.5000 @ thr=0.6137
AUC=0.3553
Average anomaly score on real class: 1.149203
Inference complete!
Encoder E_xzx_2960.pt: AUC=0.3553, AvgRealScore=1.149203

=== Evaluating encoder: E_xzx_2970.pt ===
G params: 7,869,351
E params: 3,448,480
D params: 1,076,480
C params: 206,087
Balanced accuracy (at median threshold): 0.3919
Best F1=0.6667 @ thr=0.6220
Best Accuracy=0.5000 @ thr=0.6220
AUC=0.3524
Average anomaly score on real class: 1.132006
Inference complete!
Encoder E_xzx_2970.pt: AUC=0.3524, AvgRealScore=1.132006

=== Evaluating encoder: E_xzx_2980.pt ===
Building and caching dataset in RAM (once for all checkpoints)...
Dataset ready.

=== Evaluating encoder: E_xzx_10.pt ===
G params: 7,869,351
E params: 3,448,480
D params: 1,076,480
C params: 206,087
Balanced accuracy (at median threshold): 0.2508
Best F1=0.6667 @ thr=0.7545
Best Accuracy=0.5000 @ thr=4.5185
AUC=0.1572
Average anomaly score on real class: 1.823495
Inference complete!
Encoder E_xzx_10.pt: AUC=0.1572, AvgRealScore=1.823495

=== Evaluating encoder: E_xzx_100.pt ===
G params: 7,869,351
E params: 3,448,480
D params: 1,076,480
C params: 206,087
Balanced accuracy (at median threshold): 0.3003
Best F1=0.6667 @ thr=0.7188
Best Accuracy=0.5001 @ thr=4.4512
AUC=0.2115
Average anomaly score on real class: 1.752670
Inference complete!
Encoder E_xzx_100.pt: AUC=0.2115, AvgRealScore=1.752670

=== Evaluating encoder: E_xzx_1000.pt ===
G params: 7,869,351
E params: 3,448,480
D params: 1,076,480
C params: 206,087
Balanced accuracy (at median threshold): 0.2943
Best F1=0.6667 @ thr=0.7029
Best Accuracy=0.5000 @ thr=0.7029
AUC=0.2078
Average anomaly score on real class: 1.564348
Inference complete!
Encoder E_xzx_1000.pt: AUC=0.2078, AvgRealScore=1.564348

=== Evaluating encoder: E_xzx_1010.pt ===
G params: 7,869,351
E params: 3,448,480
D params: 1,076,480
C params: 206,087
Balanced accuracy (at median threshold): 0.3000
Best F1=0.6667 @ thr=0.7060
Best Accuracy=0.5000 @ thr=3.7511
AUC=0.2131
Average anomaly score on real class: 1.605071
Inference complete!
Encoder E_xzx_1010.pt: AUC=0.2131, AvgRealScore=1.605071

=== Evaluating encoder: E_xzx_1020.pt ===
G params: 7,869,351
E params: 3,448,480
D params: 1,076,480
C params: 206,087
Balanced accuracy (at median threshold): 0.3025
Best F1=0.6667 @ thr=0.7052
Best Accuracy=0.5001 @ thr=4.0980
AUC=0.2145
Average anomaly score on real class: 1.587729
Inference complete!
Encoder E_xzx_1020.pt: AUC=0.2145, AvgRealScore=1.587729

=== Evaluating encoder: E_xzx_1030.pt ===
G params: 7,869,351
E params: 3,448,480
D params: 1,076,480
C params: 206,087
Balanced accuracy (at median threshold): 0.2880
Best F1=0.6667 @ thr=0.7182
Best Accuracy=0.5001 @ thr=3.6039
AUC=0.1966
Average anomaly score on real class: 1.594162
Inference complete!
Encoder E_xzx_1030.pt: AUC=0.1966, AvgRealScore=1.594162

=== Evaluating encoder: E_xzx_1040.pt ===
G params: 7,869,351
E params: 3,448,480
D params: 1,076,480
C params: 206,087
Balanced accuracy (at median threshold): 0.3018
Best F1=0.6667 @ thr=0.7265
Best Accuracy=0.5000 @ thr=3.9849
AUC=0.2113
Average anomaly score on real class: 1.611315
Inference complete!
Encoder E_xzx_1040.pt: AUC=0.2113, AvgRealScore=1.611315

=== Evaluating encoder: E_xzx_1050.pt ===
G params: 7,869,351
E params: 3,448,480
D params: 1,076,480
C params: 206,087
Balanced accuracy (at median threshold): 0.2994
Best F1=0.6667 @ thr=0.6750
Best Accuracy=0.5000 @ thr=4.0340
AUC=0.2076
Average anomaly score on real class: 1.622650
Inference complete!
Encoder E_xzx_1050.pt: AUC=0.2076, AvgRealScore=1.622650

=== Evaluating encoder: E_xzx_1060.pt ===
G params: 7,869,351
E params: 3,448,480
D params: 1,076,480
C params: 206,087
Balanced accuracy (at median threshold): 0.2979
Best F1=0.6667 @ thr=0.7086
Best Accuracy=0.5000 @ thr=0.7086
AUC=0.2115
Average anomaly score on real class: 1.595387
Inference complete!
Encoder E_xzx_1060.pt: AUC=0.2115, AvgRealScore=1.595387

=== Evaluating encoder: E_xzx_1070.pt ===
G params: 7,869,351
E params: 3,448,480
D params: 1,076,480
C params: 206,087
Balanced accuracy (at median threshold): 0.2990
Best F1=0.6667 @ thr=0.7225
Best Accuracy=0.5000 @ thr=3.9973
AUC=0.2111
Average anomaly score on real class: 1.577888
Inference complete!
Encoder E_xzx_1070.pt: AUC=0.2111, AvgRealScore=1.577888

=== Evaluating encoder: E_xzx_1080.pt ===
G params: 7,869,351
E params: 3,448,480
D params: 1,076,480
C params: 206,087
Balanced accuracy (at median threshold): 0.2979
Best F1=0.6667 @ thr=0.6869
Best Accuracy=0.5000 @ thr=0.6869
AUC=0.2081
Average anomaly score on real class: 1.585740
Inference complete!
Encoder E_xzx_1080.pt: AUC=0.2081, AvgRealScore=1.585740

=== Evaluating encoder: E_xzx_1090.pt ===
G params: 7,869,351
E params: 3,448,480
D params: 1,076,480
C params: 206,087
Balanced accuracy (at median threshold): 0.2997
Best F1=0.6667 @ thr=0.7185
Best Accuracy=0.5000 @ thr=3.8484
AUC=0.2123
Average anomaly score on real class: 1.595255
Inference complete!
Encoder E_xzx_1090.pt: AUC=0.2123, AvgRealScore=1.595255

=== Evaluating encoder: E_xzx_110.pt ===
G params: 7,869,351
E params: 3,448,480
D params: 1,076,480
C params: 206,087
Balanced accuracy (at median threshold): 0.2938
Best F1=0.6667 @ thr=0.7285
Best Accuracy=0.5001 @ thr=0.7285
AUC=0.2027
Average anomaly score on real class: 1.620076
Inference complete!
Encoder E_xzx_110.pt: AUC=0.2027, AvgRealScore=1.620076

=== Evaluating encoder: E_xzx_1100.pt ===
G params: 7,869,351
E params: 3,448,480
D params: 1,076,480
C params: 206,087
Balanced accuracy (at median threshold): 0.2977
Best F1=0.6667 @ thr=0.7232
Best Accuracy=0.5001 @ thr=3.7720
AUC=0.2098
Average anomaly score on real class: 1.580495
Inference complete!
Encoder E_xzx_1100.pt: AUC=0.2098, AvgRealScore=1.580495

=== Evaluating encoder: E_xzx_1110.pt ===
G params: 7,869,351
E params: 3,448,480
D params: 1,076,480
C params: 206,087
Balanced accuracy (at median threshold): 0.2951
Best F1=0.6667 @ thr=0.7139
Best Accuracy=0.5000 @ thr=3.9058
AUC=0.2080
Average anomaly score on real class: 1.583318
Inference complete!
Encoder E_xzx_1110.pt: AUC=0.208, AvgRealScore=1.583318

=== Evaluating encoder: E_xzx_1120.pt ===
G params: 7,869,351
E params: 3,448,480
D params: 1,076,480
C params: 206,087
Balanced accuracy (at median threshold): 0.2913
Best F1=0.6667 @ thr=0.7317
Best Accuracy=0.5000 @ thr=3.7930
AUC=0.2009
Average anomaly score on real class: 1.588549
Inference complete!
Encoder E_xzx_1120.pt: AUC=0.2009, AvgRealScore=1.588549

=== Evaluating encoder: E_xzx_1130.pt ===
G params: 7,869,351
E params: 3,448,480
D params: 1,076,480
C params: 206,087
Balanced accuracy (at median threshold): 0.3018
Best F1=0.6667 @ thr=0.7237
Best Accuracy=0.5000 @ thr=3.8687
AUC=0.2131
Average anomaly score on real class: 1.583385
Inference complete!
Encoder E_xzx_1130.pt: AUC=0.2131, AvgRealScore=1.583385

=== Evaluating encoder: E_xzx_1140.pt ===
G params: 7,869,351
E params: 3,448,480
D params: 1,076,480
C params: 206,087
Balanced accuracy (at median threshold): 0.2976
Best F1=0.6667 @ thr=0.7083
Best Accuracy=0.5000 @ thr=3.6652
AUC=0.2095
Average anomaly score on real class: 1.581672
Inference complete!
Encoder E_xzx_1140.pt: AUC=0.2095, AvgRealScore=1.581672

=== Evaluating encoder: E_xzx_1150.pt ===
G params: 7,869,351
E params: 3,448,480
D params: 1,076,480
C params: 206,087
Balanced accuracy (at median threshold): 0.2878
Best F1=0.6667 @ thr=0.6972
Best Accuracy=0.5001 @ thr=3.7034
AUC=0.2031
Average anomaly score on real class: 1.561003
Inference complete!
Encoder E_xzx_1150.pt: AUC=0.2031, AvgRealScore=1.561003

=== Evaluating encoder: E_xzx_1160.pt ===
G params: 7,869,351
E params: 3,448,480
D params: 1,076,480
C params: 206,087
Balanced accuracy (at median threshold): 0.3077
Best F1=0.6667 @ thr=0.7195
Best Accuracy=0.5000 @ thr=0.7195
AUC=0.2184
Average anomaly score on real class: 1.586935
Inference complete!
Encoder E_xzx_1160.pt: AUC=0.2184, AvgRealScore=1.586935

=== Evaluating encoder: E_xzx_1170.pt ===
G params: 7,869,351
E params: 3,448,480
D params: 1,076,480
C params: 206,087
Balanced accuracy (at median threshold): 0.3000
Best F1=0.6667 @ thr=0.7164
Best Accuracy=0.5001 @ thr=3.8511
AUC=0.2108
Average anomaly score on real class: 1.588721
Inference complete!
Encoder E_xzx_1170.pt: AUC=0.2108, AvgRealScore=1.588721

=== Evaluating encoder: E_xzx_1180.pt ===
G params: 7,869,351
E params: 3,448,480
D params: 1,076,480
C params: 206,087
Balanced accuracy (at median threshold): 0.2985
Best F1=0.6667 @ thr=0.7349
Best Accuracy=0.5001 @ thr=3.7058
AUC=0.2131
Average anomaly score on real class: 1.543626
Inference complete!
Encoder E_xzx_1180.pt: AUC=0.2131, AvgRealScore=1.543626

=== Evaluating encoder: E_xzx_1190.pt ===
G params: 7,869,351
E params: 3,448,480
G params: 7,869,351
E params: 3,448,480
D params: 1,076,480
C params: 206,087
Balanced accuracy (at median threshold): 0.3908
Best F1=0.6667 @ thr=0.6524
Best Accuracy=0.5000 @ thr=0.6524
AUC=0.3528
Average anomaly score on real class: 1.138545
Inference complete!
Encoder E_xzx_2980.pt: AUC=0.3528, AvgRealScore=1.138545

=== Evaluating encoder: E_xzx_2990.pt ===
G params: 7,869,351
E params: 3,448,480
D params: 1,076,480
C params: 206,087
Balanced accuracy (at median threshold): 0.3921
Best F1=0.6667 @ thr=0.6666
Best Accuracy=0.5000 @ thr=0.6666
AUC=0.3556
Average anomaly score on real class: 1.136852
Inference complete!
Encoder E_xzx_2990.pt: AUC=0.3556, AvgRealScore=1.136852
Skipping encoder E_xzx_30.pt (results already exist at ../results/results_32_mel_4n_2_real_300_all/encoder_E_xzx_30)
Encoder E_xzx_30.pt: AUC=0.4898, AvgRealScore=1.202034
Skipping encoder E_xzx_300.pt (results already exist at ../results/results_32_mel_4n_2_real_300_all/encoder_E_xzx_300)
Encoder E_xzx_300.pt: AUC=0.4444, AvgRealScore=1.129537

=== Evaluating encoder: E_xzx_3000.pt ===
G params: 7,869,351
E params: 3,448,480
D params: 1,076,480
C params: 206,087
Balanced accuracy (at median threshold): 0.3859
Best F1=0.6667 @ thr=0.6584
Best Accuracy=0.5000 @ thr=0.6584
AUC=0.3484
Average anomaly score on real class: 1.141978
Inference complete!
Encoder E_xzx_3000.pt: AUC=0.3484, AvgRealScore=1.141978

=== Evaluating encoder: E_xzx_3010.pt ===
G params: 7,869,351
E params: 3,448,480
D params: 1,076,480
C params: 206,087
Balanced accuracy (at median threshold): 0.3893
Best F1=0.6667 @ thr=0.6401
Best Accuracy=0.5000 @ thr=0.6401
AUC=0.3527
Average anomaly score on real class: 1.134546
Inference complete!
Encoder E_xzx_3010.pt: AUC=0.3527, AvgRealScore=1.134546

=== Evaluating encoder: E_xzx_3020.pt ===
G params: 7,869,351
E params: 3,448,480
D params: 1,076,480
C params: 206,087
Balanced accuracy (at median threshold): 0.3949
Best F1=0.6667 @ thr=0.6340
Best Accuracy=0.5000 @ thr=0.6340
AUC=0.3567
Average anomaly score on real class: 1.141297
Inference complete!
Encoder E_xzx_3020.pt: AUC=0.3567, AvgRealScore=1.141297

=== Evaluating encoder: E_xzx_3030.pt ===
G params: 7,869,351
E params: 3,448,480
D params: 1,076,480
C params: 206,087
Balanced accuracy (at median threshold): 0.3889
Best F1=0.6667 @ thr=0.6404
Best Accuracy=0.5000 @ thr=3.5032
AUC=0.3514
Average anomaly score on real class: 1.140295
Inference complete!
Encoder E_xzx_3030.pt: AUC=0.3514, AvgRealScore=1.140295

=== Evaluating encoder: E_xzx_3040.pt ===
G params: 7,869,351
E params: 3,448,480
D params: 1,076,480
C params: 206,087
Balanced accuracy (at median threshold): 0.3916
Best F1=0.6667 @ thr=0.6245
Best Accuracy=0.5000 @ thr=0.6245
AUC=0.3533
Average anomaly score on real class: 1.141400
Inference complete!
Encoder E_xzx_3040.pt: AUC=0.3533, AvgRealScore=1.141400

=== Evaluating encoder: E_xzx_3050.pt ===
G params: 7,869,351
E params: 3,448,480
D params: 1,076,480
C params: 206,087
Balanced accuracy (at median threshold): 0.3930
Best F1=0.6667 @ thr=0.6228
Best Accuracy=0.5000 @ thr=3.2301
AUC=0.3567
Average anomaly score on real class: 1.136750
Inference complete!
Encoder E_xzx_3050.pt: AUC=0.3567, AvgRealScore=1.136750

=== Evaluating encoder: E_xzx_3060.pt ===
G params: 7,869,351
E params: 3,448,480
D params: 1,076,480
C params: 206,087
Balanced accuracy (at median threshold): 0.3885
Best F1=0.6667 @ thr=0.6818
Best Accuracy=0.5000 @ thr=3.2017
AUC=0.3515
Average anomaly score on real class: 1.139207
Inference complete!
Encoder E_xzx_3060.pt: AUC=0.3515, AvgRealScore=1.139207

=== Evaluating encoder: E_xzx_3070.pt ===
G params: 7,869,351
E params: 3,448,480
D params: 1,076,480
C params: 206,087
Balanced accuracy (at median threshold): 0.3949
Best F1=0.6667 @ thr=0.6016
Best Accuracy=0.5000 @ thr=3.0756
AUC=0.3551
Average anomaly score on real class: 1.134951
Inference complete!
Encoder E_xzx_3070.pt: AUC=0.3551, AvgRealScore=1.134951

=== Evaluating encoder: E_xzx_3080.pt ===
G params: 7,869,351
E params: 3,448,480
D params: 1,076,480
C params: 206,087
Balanced accuracy (at median threshold): 0.3872
Best F1=0.6667 @ thr=0.6276
Best Accuracy=0.5000 @ thr=0.6276
AUC=0.3486
Average anomaly score on real class: 1.135131
Inference complete!
Encoder E_xzx_3080.pt: AUC=0.3486, AvgRealScore=1.135131

=== Evaluating encoder: E_xzx_3090.pt ===
G params: 7,869,351
E params: 3,448,480
D params: 1,076,480
C params: 206,087
Balanced accuracy (at median threshold): 0.3880
Best F1=0.6667 @ thr=0.6664
Best Accuracy=0.5000 @ thr=3.4364
AUC=0.3525
Average anomaly score on real class: 1.136155
Inference complete!
Encoder E_xzx_3090.pt: AUC=0.3525, AvgRealScore=1.136155
Skipping encoder E_xzx_310.pt (results already exist at ../results/results_32_mel_4n_2_real_300_all/encoder_E_xzx_310)
Encoder E_xzx_310.pt: AUC=0.4336, AvgRealScore=1.116132

=== Evaluating encoder: E_xzx_3100.pt ===
G params: 7,869,351
E params: 3,448,480
D params: 1,076,480
C params: 206,087
Balanced accuracy (at median threshold): 0.3871
Best F1=0.6667 @ thr=0.6458
Best Accuracy=0.5000 @ thr=0.6458
AUC=0.3509
Average anomaly score on real class: 1.146485
Inference complete!
Encoder E_xzx_3100.pt: AUC=0.3509, AvgRealScore=1.146485

=== Evaluating encoder: E_xzx_3110.pt ===
G params: 7,869,351
E params: 3,448,480
D params: 1,076,480
C params: 206,087
Balanced accuracy (at median threshold): 0.3994
Best F1=0.6667 @ thr=0.6385
Best Accuracy=0.5000 @ thr=0.6385
AUC=0.3649
Average anomaly score on real class: 1.137321
Inference complete!
Encoder E_xzx_3110.pt: AUC=0.3649, AvgRealScore=1.137321

=== Evaluating encoder: E_xzx_3120.pt ===
G params: 7,869,351
E params: 3,448,480
D params: 1,076,480
C params: 206,087
Balanced accuracy (at median threshold): 0.3886
Best F1=0.6667 @ thr=0.6301
Best Accuracy=0.5000 @ thr=3.3914
AUC=0.3504
Average anomaly score on real class: 1.144186
Inference complete!
Encoder E_xzx_3120.pt: AUC=0.3504, AvgRealScore=1.144186

=== Evaluating encoder: E_xzx_3130.pt ===
G params: 7,869,351
E params: 3,448,480
D params: 1,076,480
C params: 206,087
Balanced accuracy (at median threshold): 0.3937
Best F1=0.6667 @ thr=0.6723
Best Accuracy=0.5000 @ thr=0.6723
AUC=0.3583
Average anomaly score on real class: 1.140450
Inference complete!
Encoder E_xzx_3130.pt: AUC=0.3583, AvgRealScore=1.140450

=== Evaluating encoder: E_xzx_3140.pt ===
G params: 7,869,351
E params: 3,448,480
D params: 1,076,480
C params: 206,087
Balanced accuracy (at median threshold): 0.3904
Best F1=0.6667 @ thr=0.6726
Best Accuracy=0.5000 @ thr=3.4950
AUC=0.3505
Average anomaly score on real class: 1.150051
Inference complete!
Encoder E_xzx_3140.pt: AUC=0.3505, AvgRealScore=1.150051

=== Evaluating encoder: E_xzx_3150.pt ===
G params: 7,869,351
E params: 3,448,480
D params: 1,076,480
C params: 206,087
Balanced accuracy (at median threshold): 0.3904
Best F1=0.6667 @ thr=0.6322
Best Accuracy=0.5000 @ thr=0.6322
AUC=0.3509
Average anomaly score on real class: 1.141026
Inference complete!
Encoder E_xzx_3150.pt: AUC=0.3509, AvgRealScore=1.141026

=== Evaluating encoder: E_xzx_3160.pt ===
G params: 7,869,351
E params: 3,448,480
D params: 1,076,480
C params: 206,087
Balanced accuracy (at median threshold): 0.3922
Best F1=0.6667 @ thr=0.6002
Best Accuracy=0.5000 @ thr=0.6002
AUC=0.3565
Average anomaly score on real class: 1.137265
Inference complete!
Encoder E_xzx_3160.pt: AUC=0.3565, AvgRealScore=1.137265

=== Evaluating encoder: E_xzx_3170.pt ===
G params: 7,869,351
E params: 3,448,480
D params: 1,076,480
C params: 206,087
Balanced accuracy (at median threshold): 0.3932
Best F1=0.6667 @ thr=0.6262
Best Accuracy=0.5000 @ thr=0.6262
AUC=0.3561
Average anomaly score on real class: 1.146826
Inference complete!
Encoder E_xzx_3170.pt: AUC=0.3561, AvgRealScore=1.146826

=== Evaluating encoder: E_xzx_3180.pt ===
G params: 7,869,351
E params: 3,448,480
D params: 1,076,480
C params: 206,087
Balanced accuracy (at median threshold): 0.3918
Best F1=0.6667 @ thr=0.6146
Best Accuracy=0.5000 @ thr=0.6146
AUC=0.3510
Average anomaly score on real class: 1.139830
Inference complete!
Encoder E_xzx_3180.pt: AUC=0.351, AvgRealScore=1.139830

=== Evaluating encoder: E_xzx_3190.pt ===
G params: 7,869,351
E params: 3,448,480
D params: 1,076,480
C params: 206,087
Balanced accuracy (at median threshold): 0.3898
Best F1=0.6667 @ thr=0.6232
Best Accuracy=0.5000 @ thr=3.5862
AUC=0.3497
Average anomaly score on real class: 1.141623
Inference complete!
Encoder E_xzx_3190.pt: AUC=0.3497, AvgRealScore=1.141623
Skipping encoder E_xzx_320.pt (results already exist at ../results/results_32_mel_4n_2_real_300_all/encoder_E_xzx_320)
Encoder E_xzx_320.pt: AUC=0.4391, AvgRealScore=1.120348

=== Evaluating encoder: E_xzx_3200.pt ===
G params: 7,869,351
E params: 3,448,480
D params: 1,076,480
C params: 206,087
Balanced accuracy (at median threshold): 0.3896
Best F1=0.6667 @ thr=0.6531
Best Accuracy=0.5000 @ thr=0.6531
AUC=0.3515
Average anomaly score on real class: 1.136171
Inference complete!
Encoder E_xzx_3200.pt: AUC=0.3515, AvgRealScore=1.136171

=== Evaluating encoder: E_xzx_3210.pt ===
G params: 7,869,351
E params: 3,448,480
D params: 1,076,480
C params: 206,087
Balanced accuracy (at median threshold): 0.3937
Best F1=0.6667 @ thr=0.6266
Best Accuracy=0.5000 @ thr=0.6266
AUC=0.3573
Average anomaly score on real class: 1.140913
Inference complete!
Encoder E_xzx_3210.pt: AUC=0.3573, AvgRealScore=1.140913

=== Evaluating encoder: E_xzx_3220.pt ===
G params: 7,869,351
E params: 3,448,480
D params: 1,076,480
C params: 206,087
Balanced accuracy (at median threshold): 0.3903
Best F1=0.6667 @ thr=0.6272
Best Accuracy=0.5000 @ thr=0.6272
AUC=0.3548
Average anomaly score on real class: 1.138133
Inference complete!
Encoder E_xzx_3220.pt: AUC=0.3548, AvgRealScore=1.138133

=== Evaluating encoder: E_xzx_3230.pt ===
G params: 7,869,351
E params: 3,448,480
D params: 1,076,480
C params: 206,087
Balanced accuracy (at median threshold): 0.3893
Best F1=0.6667 @ thr=0.6378
Best Accuracy=0.5000 @ thr=0.6378
AUC=0.3505
Average anomaly score on real class: 1.146414
Inference complete!
Encoder E_xzx_3230.pt: AUC=0.3505, AvgRealScore=1.146414

=== Evaluating encoder: E_xzx_3240.pt ===
G params: 7,869,351
E params: 3,448,480
D params: 1,076,480
C params: 206,087
Balanced accuracy (at median threshold): 0.3919
Best F1=0.6667 @ thr=0.6325
Best Accuracy=0.5000 @ thr=0.6325
AUC=0.3538
Average anomaly score on real class: 1.141435
Inference complete!
Encoder E_xzx_3240.pt: AUC=0.3538, AvgRealScore=1.141435

=== Evaluating encoder: E_xzx_3250.pt ===
G params: 7,869,351
E params: 3,448,480
D params: 1,076,480
C params: 206,087
Balanced accuracy (at median threshold): 0.3832
Best F1=0.6667 @ thr=0.6648
Best Accuracy=0.5000 @ thr=3.3410
AUC=0.3467
Average anomaly score on real class: 1.144811
Inference complete!
Encoder E_xzx_3250.pt: AUC=0.3467, AvgRealScore=1.144811

=== Evaluating encoder: E_xzx_3260.pt ===
G params: 7,869,351
E params: 3,448,480
D params: 1,076,480
C params: 206,087
Balanced accuracy (at median threshold): 0.3845
Best F1=0.6667 @ thr=0.6481
Best Accuracy=0.5000 @ thr=0.6481
AUC=0.3482
Average anomaly score on real class: 1.144277
Inference complete!
Encoder E_xzx_3260.pt: AUC=0.3482, AvgRealScore=1.144277

=== Evaluating encoder: E_xzx_3270.pt ===
G params: 7,869,351
E params: 3,448,480
D params: 1,076,480
C params: 206,087
Balanced accuracy (at median threshold): 0.3846
Best F1=0.6667 @ thr=0.6623
Best Accuracy=0.5000 @ thr=3.1795
AUC=0.3464
Average anomaly score on real class: 1.143368
Inference complete!
Encoder E_xzx_3270.pt: AUC=0.3464, AvgRealScore=1.143368

=== Evaluating encoder: E_xzx_3280.pt ===
G params: 7,869,351
E params: 3,448,480
D params: 1,076,480
C params: 206,087
Balanced accuracy (at median threshold): 0.3904
Best F1=0.6667 @ thr=0.6214
Best Accuracy=0.5000 @ thr=0.6214
AUC=0.3527
Average anomaly score on real class: 1.141532
Inference complete!
Encoder E_xzx_3280.pt: AUC=0.3527, AvgRealScore=1.141532

=== Evaluating encoder: E_xzx_3290.pt ===
G params: 7,869,351
E params: 3,448,480
D params: 1,076,480
C params: 206,087
Balanced accuracy (at median threshold): 0.3857
Best F1=0.6667 @ thr=0.6072
Best Accuracy=0.5000 @ thr=0.6072
AUC=0.3453
Average anomaly score on real class: 1.142172
Inference complete!
Encoder E_xzx_3290.pt: AUC=0.3453, AvgRealScore=1.142172
Skipping encoder E_xzx_330.pt (results already exist at ../results/results_32_mel_4n_2_real_300_all/encoder_E_xzx_330)
Encoder E_xzx_330.pt: AUC=0.4407, AvgRealScore=1.120695

=== Evaluating encoder: E_xzx_3300.pt ===
G params: 7,869,351
E params: 3,448,480
D params: 1,076,480
C params: 206,087
Balanced accuracy (at median threshold): 0.3843
Best F1=0.6667 @ thr=0.6741
Best Accuracy=0.5000 @ thr=0.6741
AUC=0.3439
Average anomaly score on real class: 1.140130
Inference complete!
Encoder E_xzx_3300.pt: AUC=0.3439, AvgRealScore=1.140130

=== Evaluating encoder: E_xzx_3310.pt ===
G params: 7,869,351
E params: 3,448,480
D params: 1,076,480
C params: 206,087
Balanced accuracy (at median threshold): 0.3958
Best F1=0.6667 @ thr=0.6146
Best Accuracy=0.5000 @ thr=3.7279
AUC=0.3601
Average anomaly score on real class: 1.141713
Inference complete!
Encoder E_xzx_3310.pt: AUC=0.3601, AvgRealScore=1.141713

=== Evaluating encoder: E_xzx_3320.pt ===
G params: 7,869,351
E params: 3,448,480
D params: 1,076,480
C params: 206,087
Balanced accuracy (at median threshold): 0.3889
Best F1=0.6667 @ thr=0.6326
Best Accuracy=0.5000 @ thr=0.6326
AUC=0.3485
Average anomaly score on real class: 1.139080
Inference complete!
Encoder E_xzx_3320.pt: AUC=0.3485, AvgRealScore=1.139080

=== Evaluating encoder: E_xzx_3330.pt ===
G params: 7,869,351
E params: 3,448,480
D params: 1,076,480
C params: 206,087
Balanced accuracy (at median threshold): 0.3867
Best F1=0.6667 @ thr=0.6372
Best Accuracy=0.5000 @ thr=0.6372
AUC=0.3477
Average anomaly score on real class: 1.143936
Inference complete!
Encoder E_xzx_3330.pt: AUC=0.3477, AvgRealScore=1.143936

=== Evaluating encoder: E_xzx_3340.pt ===
G params: 7,869,351
E params: 3,448,480
D params: 1,076,480
C params: 206,087
Balanced accuracy (at median threshold): 0.3839
Best F1=0.6667 @ thr=0.6045
Best Accuracy=0.5000 @ thr=0.6045
AUC=0.3461
Average anomaly score on real class: 1.139835
Inference complete!
Encoder E_xzx_3340.pt: AUC=0.3461, AvgRealScore=1.139835

=== Evaluating encoder: E_xzx_3350.pt ===
G params: 7,869,351
E params: 3,448,480
D params: 1,076,480
C params: 206,087
Balanced accuracy (at median threshold): 0.3877
Best F1=0.6667 @ thr=0.6093
Best Accuracy=0.5000 @ thr=0.6093
AUC=0.3470
Average anomaly score on real class: 1.141442
Inference complete!
Encoder E_xzx_3350.pt: AUC=0.347, AvgRealScore=1.141442

=== Evaluating encoder: E_xzx_3360.pt ===
G params: 7,869,351
E params: 3,448,480
D params: 1,076,480
C params: 206,087
Balanced accuracy (at median threshold): 0.3913
Best F1=0.6667 @ thr=0.6386
Best Accuracy=0.5000 @ thr=3.1273
AUC=0.3504
Average anomaly score on real class: 1.142828
Inference complete!
Encoder E_xzx_3360.pt: AUC=0.3504, AvgRealScore=1.142828

=== Evaluating encoder: E_xzx_3370.pt ===
G params: 7,869,351
E params: 3,448,480
D params: 1,076,480
C params: 206,087
Balanced accuracy (at median threshold): 0.3946
Best F1=0.6667 @ thr=0.6449
Best Accuracy=0.5000 @ thr=0.6449
AUC=0.3573
Average anomaly score on real class: 1.142483
Inference complete!
Encoder E_xzx_3370.pt: AUC=0.3573, AvgRealScore=1.142483

=== Evaluating encoder: E_xzx_3380.pt ===
G params: 7,869,351
E params: 3,448,480
D params: 1,076,480
C params: 206,087
Balanced accuracy (at median threshold): 0.3886
Best F1=0.6667 @ thr=0.6252
Best Accuracy=0.5000 @ thr=0.6252
AUC=0.3493
Average anomaly score on real class: 1.146572
Inference complete!
Encoder E_xzx_3380.pt: AUC=0.3493, AvgRealScore=1.146572

=== Evaluating encoder: E_xzx_3390.pt ===
G params: 7,869,351
E params: 3,448,480
D params: 1,076,480
C params: 206,087
Balanced accuracy (at median threshold): 0.3895
Best F1=0.6667 @ thr=0.6663
Best Accuracy=0.5000 @ thr=3.4248
AUC=0.3517
Average anomaly score on real class: 1.140591
Inference complete!
Encoder E_xzx_3390.pt: AUC=0.3517, AvgRealScore=1.140591
Skipping encoder E_xzx_340.pt (results already exist at ../results/results_32_mel_4n_2_real_300_all/encoder_E_xzx_340)
Encoder E_xzx_340.pt: AUC=0.4388, AvgRealScore=1.126658

=== Evaluating encoder: E_xzx_3400.pt ===
D params: 1,076,480
C params: 206,087
Balanced accuracy (at median threshold): 0.3012
Best F1=0.6667 @ thr=0.7033
Best Accuracy=0.5000 @ thr=3.7585
AUC=0.2146
Average anomaly score on real class: 1.586872
Inference complete!
Encoder E_xzx_1190.pt: AUC=0.2146, AvgRealScore=1.586872

=== Evaluating encoder: E_xzx_120.pt ===
G params: 7,869,351
E params: 3,448,480
D params: 1,076,480
C params: 206,087
Balanced accuracy (at median threshold): 0.2976
Best F1=0.6667 @ thr=0.7243
Best Accuracy=0.5000 @ thr=4.3021
AUC=0.2053
Average anomaly score on real class: 1.719367
Inference complete!
Encoder E_xzx_120.pt: AUC=0.2053, AvgRealScore=1.719367

=== Evaluating encoder: E_xzx_1200.pt ===
G params: 7,869,351
E params: 3,448,480
D params: 1,076,480
C params: 206,087
Balanced accuracy (at median threshold): 0.2985
Best F1=0.6667 @ thr=0.7073
Best Accuracy=0.5000 @ thr=4.1802
AUC=0.2092
Average anomaly score on real class: 1.619914
Inference complete!
Encoder E_xzx_1200.pt: AUC=0.2092, AvgRealScore=1.619914

=== Evaluating encoder: E_xzx_1210.pt ===
G params: 7,869,351
E params: 3,448,480
D params: 1,076,480
C params: 206,087
Balanced accuracy (at median threshold): 0.2998
Best F1=0.6667 @ thr=0.7215
Best Accuracy=0.5000 @ thr=3.8775
AUC=0.2087
Average anomaly score on real class: 1.640838
Inference complete!
Encoder E_xzx_1210.pt: AUC=0.2087, AvgRealScore=1.640838

=== Evaluating encoder: E_xzx_1220.pt ===
G params: 7,869,351
E params: 3,448,480
D params: 1,076,480
C params: 206,087
Balanced accuracy (at median threshold): 0.2980
Best F1=0.6667 @ thr=0.7125
Best Accuracy=0.5000 @ thr=3.8768
AUC=0.2079
Average anomaly score on real class: 1.586535
Inference complete!
Encoder E_xzx_1220.pt: AUC=0.2079, AvgRealScore=1.586535

=== Evaluating encoder: E_xzx_1230.pt ===
G params: 7,869,351
E params: 3,448,480
D params: 1,076,480
C params: 206,087
Balanced accuracy (at median threshold): 0.3051
Best F1=0.6667 @ thr=0.7363
Best Accuracy=0.5000 @ thr=4.0532
AUC=0.2180
Average anomaly score on real class: 1.608224
Inference complete!
Encoder E_xzx_1230.pt: AUC=0.218, AvgRealScore=1.608224

=== Evaluating encoder: E_xzx_1240.pt ===
G params: 7,869,351
E params: 3,448,480
D params: 1,076,480
C params: 206,087
Balanced accuracy (at median threshold): 0.3035
Best F1=0.6667 @ thr=0.7213
Best Accuracy=0.5000 @ thr=4.0328
AUC=0.2157
Average anomaly score on real class: 1.619641
Inference complete!
Encoder E_xzx_1240.pt: AUC=0.2157, AvgRealScore=1.619641

=== Evaluating encoder: E_xzx_1250.pt ===
G params: 7,869,351
E params: 3,448,480
D params: 1,076,480
C params: 206,087
Balanced accuracy (at median threshold): 0.3016
Best F1=0.6667 @ thr=0.7245
Best Accuracy=0.5001 @ thr=4.6327
AUC=0.2095
Average anomaly score on real class: 1.611254
Inference complete!
Encoder E_xzx_1250.pt: AUC=0.2095, AvgRealScore=1.611254

=== Evaluating encoder: E_xzx_1260.pt ===
G params: 7,869,351
E params: 3,448,480
D params: 1,076,480
C params: 206,087
Balanced accuracy (at median threshold): 0.3018
Best F1=0.6667 @ thr=0.6932
Best Accuracy=0.5000 @ thr=3.8177
AUC=0.2126
Average anomaly score on real class: 1.553432
Inference complete!
Encoder E_xzx_1260.pt: AUC=0.2126, AvgRealScore=1.553432

=== Evaluating encoder: E_xzx_1270.pt ===
G params: 7,869,351
E params: 3,448,480
D params: 1,076,480
C params: 206,087
Balanced accuracy (at median threshold): 0.2970
Best F1=0.6667 @ thr=0.7171
Best Accuracy=0.5001 @ thr=3.8120
AUC=0.2108
Average anomaly score on real class: 1.587394
Inference complete!
Encoder E_xzx_1270.pt: AUC=0.2108, AvgRealScore=1.587394

=== Evaluating encoder: E_xzx_1280.pt ===
G params: 7,869,351
E params: 3,448,480
D params: 1,076,480
C params: 206,087
Balanced accuracy (at median threshold): 0.3007
Best F1=0.6667 @ thr=0.7088
Best Accuracy=0.5000 @ thr=3.6594
AUC=0.2115
Average anomaly score on real class: 1.597381
Inference complete!
Encoder E_xzx_1280.pt: AUC=0.2115, AvgRealScore=1.597381

=== Evaluating encoder: E_xzx_1290.pt ===
G params: 7,869,351
E params: 3,448,480
D params: 1,076,480
C params: 206,087
Balanced accuracy (at median threshold): 0.3005
Best F1=0.6667 @ thr=0.7271
Best Accuracy=0.5000 @ thr=3.6595
AUC=0.2149
Average anomaly score on real class: 1.563522
Inference complete!
Encoder E_xzx_1290.pt: AUC=0.2149, AvgRealScore=1.563522

=== Evaluating encoder: E_xzx_130.pt ===
G params: 7,869,351
E params: 3,448,480
D params: 1,076,480
C params: 206,087
Balanced accuracy (at median threshold): 0.2882
Best F1=0.6667 @ thr=0.7059
Best Accuracy=0.5000 @ thr=4.1858
AUC=0.1946
Average anomaly score on real class: 1.657625
Inference complete!
Encoder E_xzx_130.pt: AUC=0.1946, AvgRealScore=1.657625

=== Evaluating encoder: E_xzx_1300.pt ===
G params: 7,869,351
E params: 3,448,480
D params: 1,076,480
C params: 206,087
Balanced accuracy (at median threshold): 0.2967
Best F1=0.6667 @ thr=0.7212
Best Accuracy=0.5000 @ thr=3.6082
AUC=0.2085
Average anomaly score on real class: 1.581833
Inference complete!
Encoder E_xzx_1300.pt: AUC=0.2085, AvgRealScore=1.581833

=== Evaluating encoder: E_xzx_1310.pt ===
G params: 7,869,351
E params: 3,448,480
D params: 1,076,480
C params: 206,087
Balanced accuracy (at median threshold): 0.3017
Best F1=0.6667 @ thr=0.7195
Best Accuracy=0.5000 @ thr=3.6343
AUC=0.2156
Average anomaly score on real class: 1.565792
Inference complete!
Encoder E_xzx_1310.pt: AUC=0.2156, AvgRealScore=1.565792

=== Evaluating encoder: E_xzx_1320.pt ===
G params: 7,869,351
E params: 3,448,480
D params: 1,076,480
C params: 206,087
Balanced accuracy (at median threshold): 0.2888
Best F1=0.6667 @ thr=0.7260
Best Accuracy=0.5001 @ thr=3.9176
AUC=0.2004
Average anomaly score on real class: 1.596860
Inference complete!
Encoder E_xzx_1320.pt: AUC=0.2004, AvgRealScore=1.596860

=== Evaluating encoder: E_xzx_1330.pt ===
G params: 7,869,351
E params: 3,448,480
D params: 1,076,480
C params: 206,087
Balanced accuracy (at median threshold): 0.3008
Best F1=0.6667 @ thr=0.7303
Best Accuracy=0.5000 @ thr=3.8831
AUC=0.2132
Average anomaly score on real class: 1.585324
Inference complete!
Encoder E_xzx_1330.pt: AUC=0.2132, AvgRealScore=1.585324

=== Evaluating encoder: E_xzx_1340.pt ===
G params: 7,869,351
E params: 3,448,480
D params: 1,076,480
C params: 206,087
Balanced accuracy (at median threshold): 0.2977
Best F1=0.6667 @ thr=0.7142
Best Accuracy=0.5000 @ thr=3.7801
AUC=0.2102
Average anomaly score on real class: 1.560042
Inference complete!
Encoder E_xzx_1340.pt: AUC=0.2102, AvgRealScore=1.560042

=== Evaluating encoder: E_xzx_1350.pt ===
G params: 7,869,351
E params: 3,448,480
D params: 1,076,480
C params: 206,087
Balanced accuracy (at median threshold): 0.2982
Best F1=0.6667 @ thr=0.7340
Best Accuracy=0.5001 @ thr=3.9650
AUC=0.2135
Average anomaly score on real class: 1.574439
Inference complete!
Encoder E_xzx_1350.pt: AUC=0.2135, AvgRealScore=1.574439

=== Evaluating encoder: E_xzx_1360.pt ===
G params: 7,869,351
E params: 3,448,480
D params: 1,076,480
C params: 206,087
Balanced accuracy (at median threshold): 0.2966
Best F1=0.6667 @ thr=0.7046
Best Accuracy=0.5000 @ thr=0.7046
AUC=0.2096
Average anomaly score on real class: 1.571397
Inference complete!
Encoder E_xzx_1360.pt: AUC=0.2096, AvgRealScore=1.571397

=== Evaluating encoder: E_xzx_1370.pt ===
G params: 7,869,351
E params: 3,448,480
D params: 1,076,480
C params: 206,087
Balanced accuracy (at median threshold): 0.2976
Best F1=0.6667 @ thr=0.7173
Best Accuracy=0.5000 @ thr=4.0645
AUC=0.2093
Average anomaly score on real class: 1.610127
Inference complete!
Encoder E_xzx_1370.pt: AUC=0.2093, AvgRealScore=1.610127

=== Evaluating encoder: E_xzx_1380.pt ===
G params: 7,869,351
E params: 3,448,480
D params: 1,076,480
C params: 206,087
Balanced accuracy (at median threshold): 0.2965
Best F1=0.6667 @ thr=0.7271
Best Accuracy=0.5000 @ thr=3.7632
AUC=0.2095
Average anomaly score on real class: 1.576626
Inference complete!
Encoder E_xzx_1380.pt: AUC=0.2095, AvgRealScore=1.576626

=== Evaluating encoder: E_xzx_1390.pt ===
G params: 7,869,351
E params: 3,448,480
D params: 1,076,480
C params: 206,087
Balanced accuracy (at median threshold): 0.2986
Best F1=0.6667 @ thr=0.7292
Best Accuracy=0.5000 @ thr=3.7225
AUC=0.2094
G params: 7,869,351
E params: 3,448,480
D params: 1,076,480
C params: 206,087
Balanced accuracy (at median threshold): 0.3871
Best F1=0.6667 @ thr=0.6102
Best Accuracy=0.5000 @ thr=3.7916
AUC=0.3492
Average anomaly score on real class: 1.141778
Inference complete!
Encoder E_xzx_3400.pt: AUC=0.3492, AvgRealScore=1.141778

=== Evaluating encoder: E_xzx_3410.pt ===
G params: 7,869,351
E params: 3,448,480
D params: 1,076,480
C params: 206,087
Balanced accuracy (at median threshold): 0.3832
Best F1=0.6667 @ thr=0.6078
Best Accuracy=0.5000 @ thr=0.6078
AUC=0.3440
Average anomaly score on real class: 1.147941
Inference complete!
Encoder E_xzx_3410.pt: AUC=0.344, AvgRealScore=1.147941

=== Evaluating encoder: E_xzx_3420.pt ===
G params: 7,869,351
E params: 3,448,480
D params: 1,076,480
C params: 206,087
Balanced accuracy (at median threshold): 0.3875
Best F1=0.6667 @ thr=0.6294
Best Accuracy=0.5000 @ thr=3.3666
AUC=0.3514
Average anomaly score on real class: 1.130745
Inference complete!
Encoder E_xzx_3420.pt: AUC=0.3514, AvgRealScore=1.130745

=== Evaluating encoder: E_xzx_3430.pt ===
G params: 7,869,351
E params: 3,448,480
D params: 1,076,480
C params: 206,087
Balanced accuracy (at median threshold): 0.3822
Best F1=0.6667 @ thr=0.6073
Best Accuracy=0.5000 @ thr=0.6073
AUC=0.3452
Average anomaly score on real class: 1.140384
Inference complete!
Encoder E_xzx_3430.pt: AUC=0.3452, AvgRealScore=1.140384

=== Evaluating encoder: E_xzx_3440.pt ===
G params: 7,869,351
E params: 3,448,480
D params: 1,076,480
C params: 206,087
Balanced accuracy (at median threshold): 0.3845
Best F1=0.6667 @ thr=0.6182
Best Accuracy=0.5000 @ thr=3.5243
AUC=0.3471
Average anomaly score on real class: 1.143061
Inference complete!
Encoder E_xzx_3440.pt: AUC=0.3471, AvgRealScore=1.143061

=== Evaluating encoder: E_xzx_3450.pt ===
G params: 7,869,351
E params: 3,448,480
D params: 1,076,480
C params: 206,087
Balanced accuracy (at median threshold): 0.3866
Best F1=0.6667 @ thr=0.6373
Best Accuracy=0.5000 @ thr=0.6373
AUC=0.3469
Average anomaly score on real class: 1.139210
Inference complete!
Encoder E_xzx_3450.pt: AUC=0.3469, AvgRealScore=1.139210

=== Evaluating encoder: E_xzx_3460.pt ===
G params: 7,869,351
E params: 3,448,480
D params: 1,076,480
C params: 206,087
Balanced accuracy (at median threshold): 0.3830
Best F1=0.6667 @ thr=0.6328
Best Accuracy=0.5000 @ thr=0.6328
AUC=0.3446
Average anomaly score on real class: 1.144041
Inference complete!
Encoder E_xzx_3460.pt: AUC=0.3446, AvgRealScore=1.144041

=== Evaluating encoder: E_xzx_3470.pt ===
G params: 7,869,351
E params: 3,448,480
D params: 1,076,480
C params: 206,087
Balanced accuracy (at median threshold): 0.3848
Best F1=0.6667 @ thr=0.6261
Best Accuracy=0.5000 @ thr=3.3527
AUC=0.3469
Average anomaly score on real class: 1.142418
Inference complete!
Encoder E_xzx_3470.pt: AUC=0.3469, AvgRealScore=1.142418

=== Evaluating encoder: E_xzx_3480.pt ===
G params: 7,869,351
E params: 3,448,480
D params: 1,076,480
C params: 206,087
Balanced accuracy (at median threshold): 0.3834
Best F1=0.6667 @ thr=0.6262
Best Accuracy=0.5000 @ thr=0.6262
AUC=0.3449
Average anomaly score on real class: 1.144170
Inference complete!
Encoder E_xzx_3480.pt: AUC=0.3449, AvgRealScore=1.144170

=== Evaluating encoder: E_xzx_3490.pt ===
G params: 7,869,351
E params: 3,448,480
D params: 1,076,480
C params: 206,087
Balanced accuracy (at median threshold): 0.3873
Best F1=0.6667 @ thr=0.6068
Best Accuracy=0.5000 @ thr=0.6068
AUC=0.3491
Average anomaly score on real class: 1.137492
Inference complete!
Encoder E_xzx_3490.pt: AUC=0.3491, AvgRealScore=1.137492
Skipping encoder E_xzx_350.pt (results already exist at ../results/results_32_mel_4n_2_real_300_all/encoder_E_xzx_350)
Encoder E_xzx_350.pt: AUC=0.4374, AvgRealScore=1.120194

=== Evaluating encoder: E_xzx_3500.pt ===
G params: 7,869,351
E params: 3,448,480
D params: 1,076,480
C params: 206,087
Balanced accuracy (at median threshold): 0.3912
Best F1=0.6667 @ thr=0.6213
Best Accuracy=0.5000 @ thr=0.6213
AUC=0.3535
Average anomaly score on real class: 1.139122
Inference complete!
Encoder E_xzx_3500.pt: AUC=0.3535, AvgRealScore=1.139122

=== Evaluating encoder: E_xzx_3510.pt ===
G params: 7,869,351
E params: 3,448,480
D params: 1,076,480
C params: 206,087
Balanced accuracy (at median threshold): 0.3839
Best F1=0.6667 @ thr=0.6068
Best Accuracy=0.5000 @ thr=0.6068
AUC=0.3434
Average anomaly score on real class: 1.142002
Inference complete!
Encoder E_xzx_3510.pt: AUC=0.3434, AvgRealScore=1.142002

=== Evaluating encoder: E_xzx_3520.pt ===
G params: 7,869,351
E params: 3,448,480
D params: 1,076,480
C params: 206,087
Balanced accuracy (at median threshold): 0.3826
Best F1=0.6667 @ thr=0.6652
Best Accuracy=0.5000 @ thr=0.6652
AUC=0.3458
Average anomaly score on real class: 1.142243
Inference complete!
Encoder E_xzx_3520.pt: AUC=0.3458, AvgRealScore=1.142243

=== Evaluating encoder: E_xzx_3530.pt ===
G params: 7,869,351
E params: 3,448,480
D params: 1,076,480
C params: 206,087
Balanced accuracy (at median threshold): 0.3862
Best F1=0.6667 @ thr=0.6162
Best Accuracy=0.5000 @ thr=3.2156
AUC=0.3507
Average anomaly score on real class: 1.146022
Inference complete!
Encoder E_xzx_3530.pt: AUC=0.3507, AvgRealScore=1.146022

=== Evaluating encoder: E_xzx_3540.pt ===
G params: 7,869,351
E params: 3,448,480
D params: 1,076,480
C params: 206,087
Balanced accuracy (at median threshold): 0.3912
Best F1=0.6667 @ thr=0.6659
Best Accuracy=0.5000 @ thr=0.6659
AUC=0.3516
Average anomaly score on real class: 1.145108
Inference complete!
Encoder E_xzx_3540.pt: AUC=0.3516, AvgRealScore=1.145108

=== Evaluating encoder: E_xzx_3550.pt ===
G params: 7,869,351
E params: 3,448,480
D params: 1,076,480
C params: 206,087
Balanced accuracy (at median threshold): 0.3886
Best F1=0.6667 @ thr=0.6024
Best Accuracy=0.5000 @ thr=0.6024
AUC=0.3493
Average anomaly score on real class: 1.145509
Inference complete!
Encoder E_xzx_3550.pt: AUC=0.3493, AvgRealScore=1.145509

=== Evaluating encoder: E_xzx_3560.pt ===
G params: 7,869,351
E params: 3,448,480
D params: 1,076,480
C params: 206,087
Balanced accuracy (at median threshold): 0.3914
Best F1=0.6667 @ thr=0.6517
Best Accuracy=0.5000 @ thr=0.6517
AUC=0.3552
Average anomaly score on real class: 1.145166
Inference complete!
Encoder E_xzx_3560.pt: AUC=0.3552, AvgRealScore=1.145166

=== Evaluating encoder: E_xzx_3570.pt ===
G params: 7,869,351
E params: 3,448,480
D params: 1,076,480
C params: 206,087
Balanced accuracy (at median threshold): 0.3991
Best F1=0.6667 @ thr=0.6429
Best Accuracy=0.5000 @ thr=0.6429
AUC=0.3615
Average anomaly score on real class: 1.142016
Inference complete!
Encoder E_xzx_3570.pt: AUC=0.3615, AvgRealScore=1.142016

=== Evaluating encoder: E_xzx_3580.pt ===
G params: 7,869,351
E params: 3,448,480
D params: 1,076,480
C params: 206,087
Balanced accuracy (at median threshold): 0.3850
Best F1=0.6667 @ thr=0.6291
Best Accuracy=0.5000 @ thr=3.5050
AUC=0.3466
Average anomaly score on real class: 1.135107
Inference complete!
Encoder E_xzx_3580.pt: AUC=0.3466, AvgRealScore=1.135107

=== Evaluating encoder: E_xzx_3590.pt ===
G params: 7,869,351
E params: 3,448,480
D params: 1,076,480
C params: 206,087
Balanced accuracy (at median threshold): 0.3854
Best F1=0.6667 @ thr=0.6025
Best Accuracy=0.5000 @ thr=0.6025
AUC=0.3488
Average anomaly score on real class: 1.149505
Inference complete!
Encoder E_xzx_3590.pt: AUC=0.3488, AvgRealScore=1.149505
Skipping encoder E_xzx_360.pt (results already exist at ../results/results_32_mel_4n_2_real_300_all/encoder_E_xzx_360)
Encoder E_xzx_360.pt: AUC=0.4311, AvgRealScore=1.122209

=== Evaluating encoder: E_xzx_3600.pt ===
G params: 7,869,351
E params: 3,448,480
D params: 1,076,480
C params: 206,087
Balanced accuracy (at median threshold): 0.3868
Best F1=0.6667 @ thr=0.6227
Best Accuracy=0.5000 @ thr=0.6227
AUC=0.3463
Average anomaly score on real class: 1.142660
Inference complete!
Encoder E_xzx_3600.pt: AUC=0.3463, AvgRealScore=1.142660

=== Evaluating encoder: E_xzx_3610.pt ===
G params: 7,869,351
E params: 3,448,480
D params: 1,076,480
C params: 206,087
Balanced accuracy (at median threshold): 0.3817
Best F1=0.6667 @ thr=0.6242
Average anomaly score on real class: 1.588635
Inference complete!
Encoder E_xzx_1390.pt: AUC=0.2094, AvgRealScore=1.588635

=== Evaluating encoder: E_xzx_140.pt ===
G params: 7,869,351
E params: 3,448,480
D params: 1,076,480
C params: 206,087
Balanced accuracy (at median threshold): 0.3043
Best F1=0.6667 @ thr=0.6908
Best Accuracy=0.5000 @ thr=0.6908
AUC=0.2134
Average anomaly score on real class: 1.636285
Inference complete!
Encoder E_xzx_140.pt: AUC=0.2134, AvgRealScore=1.636285

=== Evaluating encoder: E_xzx_1400.pt ===
G params: 7,869,351
E params: 3,448,480
D params: 1,076,480
C params: 206,087
Balanced accuracy (at median threshold): 0.3062
Best F1=0.6667 @ thr=0.7266
Best Accuracy=0.5000 @ thr=3.8197
AUC=0.2176
Average anomaly score on real class: 1.600945
Inference complete!
Encoder E_xzx_1400.pt: AUC=0.2176, AvgRealScore=1.600945

=== Evaluating encoder: E_xzx_1410.pt ===
G params: 7,869,351
E params: 3,448,480
D params: 1,076,480
C params: 206,087
Balanced accuracy (at median threshold): 0.2908
Best F1=0.6667 @ thr=0.7300
Best Accuracy=0.5001 @ thr=3.7757
AUC=0.2001
Average anomaly score on real class: 1.585925
Inference complete!
Encoder E_xzx_1410.pt: AUC=0.2001, AvgRealScore=1.585925

=== Evaluating encoder: E_xzx_1420.pt ===
G params: 7,869,351
E params: 3,448,480
D params: 1,076,480
C params: 206,087
Balanced accuracy (at median threshold): 0.2984
Best F1=0.6667 @ thr=0.7344
Best Accuracy=0.5000 @ thr=3.7420
AUC=0.2114
Average anomaly score on real class: 1.571391
Inference complete!
Encoder E_xzx_1420.pt: AUC=0.2114, AvgRealScore=1.571391

=== Evaluating encoder: E_xzx_1430.pt ===
G params: 7,869,351
E params: 3,448,480
D params: 1,076,480
C params: 206,087
Balanced accuracy (at median threshold): 0.2948
Best F1=0.6667 @ thr=0.7213
Best Accuracy=0.5000 @ thr=3.7879
AUC=0.2074
Average anomaly score on real class: 1.594283
Inference complete!
Encoder E_xzx_1430.pt: AUC=0.2074, AvgRealScore=1.594283

=== Evaluating encoder: E_xzx_1440.pt ===
G params: 7,869,351
E params: 3,448,480
D params: 1,076,480
C params: 206,087
Balanced accuracy (at median threshold): 0.2975
Best F1=0.6667 @ thr=0.7140
Best Accuracy=0.5001 @ thr=4.4015
AUC=0.2073
Average anomaly score on real class: 1.607608
Inference complete!
Encoder E_xzx_1440.pt: AUC=0.2073, AvgRealScore=1.607608

=== Evaluating encoder: E_xzx_1450.pt ===
G params: 7,869,351
E params: 3,448,480
D params: 1,076,480
C params: 206,087
Balanced accuracy (at median threshold): 0.2940
Best F1=0.6667 @ thr=0.7189
Best Accuracy=0.5000 @ thr=3.7496
AUC=0.2044
Average anomaly score on real class: 1.598557
Inference complete!
Encoder E_xzx_1450.pt: AUC=0.2044, AvgRealScore=1.598557

=== Evaluating encoder: E_xzx_1460.pt ===
G params: 7,869,351
E params: 3,448,480
D params: 1,076,480
C params: 206,087
Balanced accuracy (at median threshold): 0.3025
Best F1=0.6667 @ thr=0.7396
Best Accuracy=0.5001 @ thr=3.7206
AUC=0.2131
Average anomaly score on real class: 1.590401
Inference complete!
Encoder E_xzx_1460.pt: AUC=0.2131, AvgRealScore=1.590401

=== Evaluating encoder: E_xzx_1470.pt ===
G params: 7,869,351
E params: 3,448,480
D params: 1,076,480
C params: 206,087
Balanced accuracy (at median threshold): 0.3031
Best F1=0.6667 @ thr=0.7249
Best Accuracy=0.5000 @ thr=3.8806
AUC=0.2168
Average anomaly score on real class: 1.580394
Inference complete!
Encoder E_xzx_1470.pt: AUC=0.2168, AvgRealScore=1.580394

=== Evaluating encoder: E_xzx_1480.pt ===
G params: 7,869,351
E params: 3,448,480
D params: 1,076,480
C params: 206,087
Balanced accuracy (at median threshold): 0.3017
Best F1=0.6667 @ thr=0.7344
Best Accuracy=0.5000 @ thr=0.7344
AUC=0.2143
Average anomaly score on real class: 1.585138
Inference complete!
Encoder E_xzx_1480.pt: AUC=0.2143, AvgRealScore=1.585138

=== Evaluating encoder: E_xzx_1490.pt ===
G params: 7,869,351
E params: 3,448,480
D params: 1,076,480
C params: 206,087
Balanced accuracy (at median threshold): 0.3021
Best F1=0.6667 @ thr=0.7268
Best Accuracy=0.5000 @ thr=3.9209
AUC=0.2111
Average anomaly score on real class: 1.614082
Inference complete!
Encoder E_xzx_1490.pt: AUC=0.2111, AvgRealScore=1.614082

=== Evaluating encoder: E_xzx_150.pt ===
G params: 7,869,351
E params: 3,448,480
D params: 1,076,480
C params: 206,087
Balanced accuracy (at median threshold): 0.2833
Best F1=0.6667 @ thr=0.6953
Best Accuracy=0.5000 @ thr=3.8405
AUC=0.1921
Average anomaly score on real class: 1.628470
Inference complete!
Encoder E_xzx_150.pt: AUC=0.1921, AvgRealScore=1.628470

=== Evaluating encoder: E_xzx_1500.pt ===
G params: 7,869,351
E params: 3,448,480
D params: 1,076,480
C params: 206,087
Balanced accuracy (at median threshold): 0.3058
Best F1=0.6667 @ thr=0.7159
Best Accuracy=0.5000 @ thr=3.8040
AUC=0.2178
Average anomaly score on real class: 1.579951
Inference complete!
Encoder E_xzx_1500.pt: AUC=0.2178, AvgRealScore=1.579951

=== Evaluating encoder: E_xzx_1510.pt ===
G params: 7,869,351
E params: 3,448,480
D params: 1,076,480
C params: 206,087
Balanced accuracy (at median threshold): 0.2938
Best F1=0.6667 @ thr=0.7235
Best Accuracy=0.5000 @ thr=0.7235
AUC=0.2026
Average anomaly score on real class: 1.608004
Inference complete!
Encoder E_xzx_1510.pt: AUC=0.2026, AvgRealScore=1.608004

=== Evaluating encoder: E_xzx_1520.pt ===
G params: 7,869,351
E params: 3,448,480
D params: 1,076,480
C params: 206,087
Balanced accuracy (at median threshold): 0.2972
Best F1=0.6667 @ thr=0.7106
Best Accuracy=0.5000 @ thr=3.5823
AUC=0.2096
Average anomaly score on real class: 1.579282
Inference complete!
Encoder E_xzx_1520.pt: AUC=0.2096, AvgRealScore=1.579282

=== Evaluating encoder: E_xzx_1530.pt ===
G params: 7,869,351
E params: 3,448,480
D params: 1,076,480
C params: 206,087
Balanced accuracy (at median threshold): 0.2956
Best F1=0.6667 @ thr=0.7232
Best Accuracy=0.5000 @ thr=0.7232
AUC=0.2066
Average anomaly score on real class: 1.608459
Inference complete!
Encoder E_xzx_1530.pt: AUC=0.2066, AvgRealScore=1.608459

=== Evaluating encoder: E_xzx_1540.pt ===
G params: 7,869,351
E params: 3,448,480
D params: 1,076,480
C params: 206,087
Balanced accuracy (at median threshold): 0.3020
Best F1=0.6667 @ thr=0.7315
Best Accuracy=0.5000 @ thr=0.7315
AUC=0.2094
Average anomaly score on real class: 1.619388
Inference complete!
Encoder E_xzx_1540.pt: AUC=0.2094, AvgRealScore=1.619388

=== Evaluating encoder: E_xzx_1550.pt ===
G params: 7,869,351
E params: 3,448,480
D params: 1,076,480
C params: 206,087
Balanced accuracy (at median threshold): 0.2985
Best F1=0.6667 @ thr=0.7393
Best Accuracy=0.5000 @ thr=3.7898
AUC=0.2085
Average anomaly score on real class: 1.583225
Inference complete!
Encoder E_xzx_1550.pt: AUC=0.2085, AvgRealScore=1.583225

=== Evaluating encoder: E_xzx_1560.pt ===
G params: 7,869,351
E params: 3,448,480
D params: 1,076,480
C params: 206,087
Balanced accuracy (at median threshold): 0.2961
Best F1=0.6667 @ thr=0.7215
Best Accuracy=0.5000 @ thr=3.7344
AUC=0.2077
Average anomaly score on real class: 1.581704
Inference complete!
Encoder E_xzx_1560.pt: AUC=0.2077, AvgRealScore=1.581704

=== Evaluating encoder: E_xzx_1570.pt ===
G params: 7,869,351
E params: 3,448,480
D params: 1,076,480
C params: 206,087
Balanced accuracy (at median threshold): 0.2991
Best F1=0.6667 @ thr=0.7275
Best Accuracy=0.5000 @ thr=3.7482
AUC=0.2104
Average anomaly score on real class: 1.590844
Inference complete!
Encoder E_xzx_1570.pt: AUC=0.2104, AvgRealScore=1.590844

=== Evaluating encoder: E_xzx_1580.pt ===
G params: 7,869,351
E params: 3,448,480
D params: 1,076,480
C params: 206,087
Balanced accuracy (at median threshold): 0.2925
Best F1=0.6667 @ thr=0.7164
Best Accuracy=0.5001 @ thr=3.6667
AUC=0.2008
Average anomaly score on real class: 1.599844
Inference complete!
Encoder E_xzx_1580.pt: AUC=0.2008, AvgRealScore=1.599844

=== Evaluating encoder: E_xzx_1590.pt ===
G params: 7,869,351
E params: 3,448,480
D params: 1,076,480
C params: 206,087
Balanced accuracy (at median threshold): 0.2998
Best F1=0.6667 @ thr=0.7236
Best Accuracy=0.5000 @ thr=0.7236
AUC=0.2104
Average anomaly score on real class: 1.613092
Inference complete!
Encoder E_xzx_1590.pt: AUC=0.2104, AvgRealScore=1.613092

=== Evaluating encoder: E_xzx_160.pt ===
Best Accuracy=0.5000 @ thr=0.6242
AUC=0.3434
Average anomaly score on real class: 1.142659
Inference complete!
Encoder E_xzx_3610.pt: AUC=0.3434, AvgRealScore=1.142659

=== Evaluating encoder: E_xzx_3620.pt ===
G params: 7,869,351
E params: 3,448,480
D params: 1,076,480
C params: 206,087
Balanced accuracy (at median threshold): 0.3841
Best F1=0.6667 @ thr=0.6158
Best Accuracy=0.5000 @ thr=0.6158
AUC=0.3467
Average anomaly score on real class: 1.148591
Inference complete!
Encoder E_xzx_3620.pt: AUC=0.3467, AvgRealScore=1.148591

=== Evaluating encoder: E_xzx_3630.pt ===
G params: 7,869,351
E params: 3,448,480
D params: 1,076,480
C params: 206,087
Balanced accuracy (at median threshold): 0.3844
Best F1=0.6667 @ thr=0.6240
Best Accuracy=0.5000 @ thr=3.6285
AUC=0.3444
Average anomaly score on real class: 1.137299
Inference complete!
Encoder E_xzx_3630.pt: AUC=0.3444, AvgRealScore=1.137299

=== Evaluating encoder: E_xzx_3640.pt ===
G params: 7,869,351
E params: 3,448,480
D params: 1,076,480
C params: 206,087
Balanced accuracy (at median threshold): 0.3881
Best F1=0.6667 @ thr=0.6415
Best Accuracy=0.5000 @ thr=0.6415
AUC=0.3534
Average anomaly score on real class: 1.146464
Inference complete!
Encoder E_xzx_3640.pt: AUC=0.3534, AvgRealScore=1.146464

=== Evaluating encoder: E_xzx_3650.pt ===
G params: 7,869,351
E params: 3,448,480
D params: 1,076,480
C params: 206,087
Balanced accuracy (at median threshold): 0.3866
Best F1=0.6667 @ thr=0.6090
Best Accuracy=0.5000 @ thr=0.6090
AUC=0.3468
Average anomaly score on real class: 1.142380
Inference complete!
Encoder E_xzx_3650.pt: AUC=0.3468, AvgRealScore=1.142380

=== Evaluating encoder: E_xzx_3660.pt ===
G params: 7,869,351
E params: 3,448,480
D params: 1,076,480
C params: 206,087
Balanced accuracy (at median threshold): 0.3820
Best F1=0.6667 @ thr=0.6325
Best Accuracy=0.5000 @ thr=0.6325
AUC=0.3399
Average anomaly score on real class: 1.143442
Inference complete!
Encoder E_xzx_3660.pt: AUC=0.3399, AvgRealScore=1.143442

=== Evaluating encoder: E_xzx_3670.pt ===
G params: 7,869,351
E params: 3,448,480
D params: 1,076,480
C params: 206,087
Balanced accuracy (at median threshold): 0.3822
Best F1=0.6667 @ thr=0.6145
Best Accuracy=0.5000 @ thr=0.6145
AUC=0.3412
Average anomaly score on real class: 1.151271
Inference complete!
Encoder E_xzx_3670.pt: AUC=0.3412, AvgRealScore=1.151271

=== Evaluating encoder: E_xzx_3680.pt ===
G params: 7,869,351
E params: 3,448,480
D params: 1,076,480
C params: 206,087
Balanced accuracy (at median threshold): 0.3885
Best F1=0.6667 @ thr=0.6530
Best Accuracy=0.5000 @ thr=3.2362
AUC=0.3491
Average anomaly score on real class: 1.143464
Inference complete!
Encoder E_xzx_3680.pt: AUC=0.3491, AvgRealScore=1.143464

=== Evaluating encoder: E_xzx_3690.pt ===
G params: 7,869,351
E params: 3,448,480
D params: 1,076,480
C params: 206,087
Balanced accuracy (at median threshold): 0.3899
Best F1=0.6667 @ thr=0.6102
Best Accuracy=0.5000 @ thr=0.6102
AUC=0.3504
Average anomaly score on real class: 1.151135
Inference complete!
Encoder E_xzx_3690.pt: AUC=0.3504, AvgRealScore=1.151135
Skipping encoder E_xzx_370.pt (results already exist at ../results/results_32_mel_4n_2_real_300_all/encoder_E_xzx_370)
Encoder E_xzx_370.pt: AUC=0.4296, AvgRealScore=1.129155

=== Evaluating encoder: E_xzx_3700.pt ===
G params: 7,869,351
E params: 3,448,480
D params: 1,076,480
C params: 206,087
Balanced accuracy (at median threshold): 0.3803
Best F1=0.6667 @ thr=0.5932
Best Accuracy=0.5000 @ thr=0.5932
AUC=0.3419
Average anomaly score on real class: 1.139136
Inference complete!
Encoder E_xzx_3700.pt: AUC=0.3419, AvgRealScore=1.139136

=== Evaluating encoder: E_xzx_3710.pt ===
G params: 7,869,351
E params: 3,448,480
D params: 1,076,480
C params: 206,087
Balanced accuracy (at median threshold): 0.3850
Best F1=0.6667 @ thr=0.6076
Best Accuracy=0.5000 @ thr=0.6076
AUC=0.3462
Average anomaly score on real class: 1.144475
Inference complete!
Encoder E_xzx_3710.pt: AUC=0.3462, AvgRealScore=1.144475

=== Evaluating encoder: E_xzx_3720.pt ===
G params: 7,869,351
E params: 3,448,480
D params: 1,076,480
C params: 206,087
Balanced accuracy (at median threshold): 0.3890
Best F1=0.6667 @ thr=0.6100
Best Accuracy=0.5000 @ thr=3.3515
AUC=0.3521
Average anomaly score on real class: 1.150994
Inference complete!
Encoder E_xzx_3720.pt: AUC=0.3521, AvgRealScore=1.150994

=== Evaluating encoder: E_xzx_3730.pt ===
G params: 7,869,351
E params: 3,448,480
D params: 1,076,480
C params: 206,087
Balanced accuracy (at median threshold): 0.3886
Best F1=0.6667 @ thr=0.6234
Best Accuracy=0.5000 @ thr=0.6234
AUC=0.3493
Average anomaly score on real class: 1.141682
Inference complete!
Encoder E_xzx_3730.pt: AUC=0.3493, AvgRealScore=1.141682

=== Evaluating encoder: E_xzx_3740.pt ===
G params: 7,869,351
E params: 3,448,480
D params: 1,076,480
C params: 206,087
Balanced accuracy (at median threshold): 0.3816
Best F1=0.6667 @ thr=0.6187
Best Accuracy=0.5000 @ thr=0.6187
AUC=0.3412
Average anomaly score on real class: 1.144019
Inference complete!
Encoder E_xzx_3740.pt: AUC=0.3412, AvgRealScore=1.144019

=== Evaluating encoder: E_xzx_3750.pt ===
G params: 7,869,351
E params: 3,448,480
D params: 1,076,480
C params: 206,087
Balanced accuracy (at median threshold): 0.3822
Best F1=0.6667 @ thr=0.6024
Best Accuracy=0.5000 @ thr=3.5504
AUC=0.3426
Average anomaly score on real class: 1.138752
Inference complete!
Encoder E_xzx_3750.pt: AUC=0.3426, AvgRealScore=1.138752

=== Evaluating encoder: E_xzx_3760.pt ===
G params: 7,869,351
E params: 3,448,480
D params: 1,076,480
C params: 206,087
Balanced accuracy (at median threshold): 0.3794
Best F1=0.6667 @ thr=0.6286
Best Accuracy=0.5000 @ thr=0.6286
AUC=0.3406
Average anomaly score on real class: 1.153768
Inference complete!
Encoder E_xzx_3760.pt: AUC=0.3406, AvgRealScore=1.153768

=== Evaluating encoder: E_xzx_3770.pt ===
G params: 7,869,351
E params: 3,448,480
D params: 1,076,480
C params: 206,087
Balanced accuracy (at median threshold): 0.3809
Best F1=0.6667 @ thr=0.6094
Best Accuracy=0.5000 @ thr=3.4218
AUC=0.3403
Average anomaly score on real class: 1.151512
Inference complete!
Encoder E_xzx_3770.pt: AUC=0.3403, AvgRealScore=1.151512

=== Evaluating encoder: E_xzx_3780.pt ===
G params: 7,869,351
E params: 3,448,480
D params: 1,076,480
C params: 206,087
Balanced accuracy (at median threshold): 0.3859
Best F1=0.6667 @ thr=0.6347
Best Accuracy=0.5000 @ thr=0.6347
AUC=0.3511
Average anomaly score on real class: 1.156034
Inference complete!
Encoder E_xzx_3780.pt: AUC=0.3511, AvgRealScore=1.156034

=== Evaluating encoder: E_xzx_3790.pt ===
G params: 7,869,351
E params: 3,448,480
D params: 1,076,480
C params: 206,087
Balanced accuracy (at median threshold): 0.3894
Best F1=0.6667 @ thr=0.6103
Best Accuracy=0.5000 @ thr=3.0046
AUC=0.3510
Average anomaly score on real class: 1.148869
Inference complete!
Encoder E_xzx_3790.pt: AUC=0.351, AvgRealScore=1.148869
Skipping encoder E_xzx_380.pt (results already exist at ../results/results_32_mel_4n_2_real_300_all/encoder_E_xzx_380)
Encoder E_xzx_380.pt: AUC=0.4315, AvgRealScore=1.142465

=== Evaluating encoder: E_xzx_3800.pt ===
G params: 7,869,351
E params: 3,448,480
D params: 1,076,480
C params: 206,087
Balanced accuracy (at median threshold): 0.3872
Best F1=0.6667 @ thr=0.6121
Best Accuracy=0.5000 @ thr=0.6121
AUC=0.3491
Average anomaly score on real class: 1.144673
Inference complete!
Encoder E_xzx_3800.pt: AUC=0.3491, AvgRealScore=1.144673

=== Evaluating encoder: E_xzx_3810.pt ===
G params: 7,869,351
E params: 3,448,480
D params: 1,076,480
C params: 206,087
Balanced accuracy (at median threshold): 0.3811
Best F1=0.6667 @ thr=0.6055
Best Accuracy=0.5000 @ thr=0.6055
AUC=0.3431
Average anomaly score on real class: 1.142878
Inference complete!
Encoder E_xzx_3810.pt: AUC=0.3431, AvgRealScore=1.142878

=== Evaluating encoder: E_xzx_3820.pt ===
G params: 7,869,351
E params: 3,448,480
D params: 1,076,480
C params: 206,087
Balanced accuracy (at median threshold): 0.3857
Best F1=0.6667 @ thr=0.6365
Best Accuracy=0.5000 @ thr=3.4259
AUC=0.3461
Average anomaly score on real class: 1.140352
Inference complete!
Encoder E_xzx_3820.pt: AUC=0.3461, AvgRealScore=1.140352
G params: 7,869,351
E params: 3,448,480
D params: 1,076,480
C params: 206,087
Balanced accuracy (at median threshold): 0.2930
Best F1=0.6667 @ thr=0.6990
Best Accuracy=0.5000 @ thr=3.7921
AUC=0.1994
Average anomaly score on real class: 1.637592
Inference complete!
Encoder E_xzx_160.pt: AUC=0.1994, AvgRealScore=1.637592

=== Evaluating encoder: E_xzx_1600.pt ===
G params: 7,869,351
E params: 3,448,480
D params: 1,076,480
C params: 206,087
Balanced accuracy (at median threshold): 0.2985
Best F1=0.6667 @ thr=0.7198
Best Accuracy=0.5001 @ thr=3.6439
AUC=0.2111
Average anomaly score on real class: 1.583769
Inference complete!
Encoder E_xzx_1600.pt: AUC=0.2111, AvgRealScore=1.583769

=== Evaluating encoder: E_xzx_1610.pt ===
G params: 7,869,351
E params: 3,448,480
D params: 1,076,480
C params: 206,087
Balanced accuracy (at median threshold): 0.3011
Best F1=0.6667 @ thr=0.7369
Best Accuracy=0.5000 @ thr=3.7182
AUC=0.2125
Average anomaly score on real class: 1.593469
Inference complete!
Encoder E_xzx_1610.pt: AUC=0.2125, AvgRealScore=1.593469

=== Evaluating encoder: E_xzx_1620.pt ===
G params: 7,869,351
E params: 3,448,480
D params: 1,076,480
C params: 206,087
Balanced accuracy (at median threshold): 0.2995
Best F1=0.6667 @ thr=0.7269
Best Accuracy=0.5000 @ thr=0.7269
AUC=0.2124
Average anomaly score on real class: 1.589939
Inference complete!
Encoder E_xzx_1620.pt: AUC=0.2124, AvgRealScore=1.589939

=== Evaluating encoder: E_xzx_1630.pt ===
G params: 7,869,351
E params: 3,448,480
D params: 1,076,480
C params: 206,087
Balanced accuracy (at median threshold): 0.2951
Best F1=0.6667 @ thr=0.7230
Best Accuracy=0.5000 @ thr=3.8416
AUC=0.2046
Average anomaly score on real class: 1.604811
Inference complete!
Encoder E_xzx_1630.pt: AUC=0.2046, AvgRealScore=1.604811

=== Evaluating encoder: E_xzx_1640.pt ===
G params: 7,869,351
E params: 3,448,480
D params: 1,076,480
C params: 206,087
Balanced accuracy (at median threshold): 0.2939
Best F1=0.6667 @ thr=0.7307
Best Accuracy=0.5000 @ thr=3.6538
AUC=0.2060
Average anomaly score on real class: 1.579370
Inference complete!
Encoder E_xzx_1640.pt: AUC=0.206, AvgRealScore=1.579370

=== Evaluating encoder: E_xzx_1650.pt ===
G params: 7,869,351
E params: 3,448,480
D params: 1,076,480
C params: 206,087
Balanced accuracy (at median threshold): 0.2981
Best F1=0.6667 @ thr=0.7296
Best Accuracy=0.5000 @ thr=0.7296
AUC=0.2099
Average anomaly score on real class: 1.597409
Inference complete!
Encoder E_xzx_1650.pt: AUC=0.2099, AvgRealScore=1.597409

=== Evaluating encoder: E_xzx_1660.pt ===
G params: 7,869,351
E params: 3,448,480
D params: 1,076,480
C params: 206,087
Balanced accuracy (at median threshold): 0.2995
Best F1=0.6667 @ thr=0.7336
Best Accuracy=0.5000 @ thr=3.6586
AUC=0.2098
Average anomaly score on real class: 1.592229
Inference complete!
Encoder E_xzx_1660.pt: AUC=0.2098, AvgRealScore=1.592229

=== Evaluating encoder: E_xzx_1670.pt ===
G params: 7,869,351
E params: 3,448,480
D params: 1,076,480
C params: 206,087
Balanced accuracy (at median threshold): 0.3007
Best F1=0.6667 @ thr=0.7302
Best Accuracy=0.5000 @ thr=3.8095
AUC=0.2110
Average anomaly score on real class: 1.617599
Inference complete!
Encoder E_xzx_1670.pt: AUC=0.211, AvgRealScore=1.617599

=== Evaluating encoder: E_xzx_1680.pt ===
G params: 7,869,351
E params: 3,448,480
D params: 1,076,480
C params: 206,087
Balanced accuracy (at median threshold): 0.2968
Best F1=0.6667 @ thr=0.7367
Best Accuracy=0.5000 @ thr=0.7367
AUC=0.2098
Average anomaly score on real class: 1.593543
Inference complete!
Encoder E_xzx_1680.pt: AUC=0.2098, AvgRealScore=1.593543

=== Evaluating encoder: E_xzx_1690.pt ===
G params: 7,869,351
E params: 3,448,480
D params: 1,076,480
C params: 206,087
Balanced accuracy (at median threshold): 0.2958
Best F1=0.6667 @ thr=0.7320
Best Accuracy=0.5000 @ thr=0.7320
AUC=0.2072
Average anomaly score on real class: 1.601891
Inference complete!
Encoder E_xzx_1690.pt: AUC=0.2072, AvgRealScore=1.601891

=== Evaluating encoder: E_xzx_170.pt ===
G params: 7,869,351
E params: 3,448,480
D params: 1,076,480
C params: 206,087
Balanced accuracy (at median threshold): 0.2824
Best F1=0.6667 @ thr=0.7120
Best Accuracy=0.5000 @ thr=0.7120
AUC=0.1927
Average anomaly score on real class: 1.615021
Inference complete!
Encoder E_xzx_170.pt: AUC=0.1927, AvgRealScore=1.615021

=== Evaluating encoder: E_xzx_1700.pt ===
G params: 7,869,351
E params: 3,448,480
D params: 1,076,480
C params: 206,087
Balanced accuracy (at median threshold): 0.2943
Best F1=0.6667 @ thr=0.7223
Best Accuracy=0.5000 @ thr=3.9551
AUC=0.2034
Average anomaly score on real class: 1.601072
Inference complete!
Encoder E_xzx_1700.pt: AUC=0.2034, AvgRealScore=1.601072

=== Evaluating encoder: E_xzx_1710.pt ===
G params: 7,869,351
E params: 3,448,480
D params: 1,076,480
C params: 206,087
Balanced accuracy (at median threshold): 0.3008
Best F1=0.6667 @ thr=0.7272
Best Accuracy=0.5000 @ thr=0.7272
AUC=0.2115
Average anomaly score on real class: 1.589506
Inference complete!
Encoder E_xzx_1710.pt: AUC=0.2115, AvgRealScore=1.589506

=== Evaluating encoder: E_xzx_1720.pt ===
G params: 7,869,351
E params: 3,448,480
D params: 1,076,480
C params: 206,087
Balanced accuracy (at median threshold): 0.3059
Best F1=0.6667 @ thr=0.7222
Best Accuracy=0.5000 @ thr=3.5970
AUC=0.2152
Average anomaly score on real class: 1.596375
Inference complete!
Encoder E_xzx_1720.pt: AUC=0.2152, AvgRealScore=1.596375

=== Evaluating encoder: E_xzx_1730.pt ===
G params: 7,869,351
E params: 3,448,480
D params: 1,076,480
C params: 206,087
Balanced accuracy (at median threshold): 0.2956
Best F1=0.6667 @ thr=0.7260
Best Accuracy=0.5000 @ thr=0.7260
AUC=0.2060
Average anomaly score on real class: 1.594104
Inference complete!
Encoder E_xzx_1730.pt: AUC=0.206, AvgRealScore=1.594104

=== Evaluating encoder: E_xzx_1740.pt ===
G params: 7,869,351
E params: 3,448,480
D params: 1,076,480
C params: 206,087
Balanced accuracy (at median threshold): 0.2954
Best F1=0.6667 @ thr=0.7278
Best Accuracy=0.5000 @ thr=3.9085
AUC=0.2067
Average anomaly score on real class: 1.582158
Inference complete!
Encoder E_xzx_1740.pt: AUC=0.2067, AvgRealScore=1.582158

=== Evaluating encoder: E_xzx_1750.pt ===
G params: 7,869,351
E params: 3,448,480
D params: 1,076,480
C params: 206,087
Balanced accuracy (at median threshold): 0.2989
Best F1=0.6667 @ thr=0.7317
Best Accuracy=0.5000 @ thr=0.7317
AUC=0.2108
Average anomaly score on real class: 1.595431
Inference complete!
Encoder E_xzx_1750.pt: AUC=0.2108, AvgRealScore=1.595431

=== Evaluating encoder: E_xzx_1760.pt ===
G params: 7,869,351
E params: 3,448,480
D params: 1,076,480
C params: 206,087
Balanced accuracy (at median threshold): 0.2938
Best F1=0.6667 @ thr=0.7301
Best Accuracy=0.5000 @ thr=3.6661
AUC=0.2076
Average anomaly score on real class: 1.558294
Inference complete!
Encoder E_xzx_1760.pt: AUC=0.2076, AvgRealScore=1.558294

=== Evaluating encoder: E_xzx_1770.pt ===
G params: 7,869,351
E params: 3,448,480
D params: 1,076,480
C params: 206,087
Balanced accuracy (at median threshold): 0.3020
Best F1=0.6667 @ thr=0.7314
Best Accuracy=0.5000 @ thr=3.7727
AUC=0.2158
Average anomaly score on real class: 1.571250
Inference complete!
Encoder E_xzx_1770.pt: AUC=0.2158, AvgRealScore=1.571250

=== Evaluating encoder: E_xzx_1780.pt ===
G params: 7,869,351
E params: 3,448,480
D params: 1,076,480
C params: 206,087
Balanced accuracy (at median threshold): 0.2936
Best F1=0.6667 @ thr=0.7378
Best Accuracy=0.5000 @ thr=3.9200
AUC=0.2055
Average anomaly score on real class: 1.587807
Inference complete!
Encoder E_xzx_1780.pt: AUC=0.2055, AvgRealScore=1.587807

=== Evaluating encoder: E_xzx_1790.pt ===
G params: 7,869,351
E params: 3,448,480
D params: 1,076,480
C params: 206,087
Balanced accuracy (at median threshold): 0.2957
Best F1=0.6667 @ thr=0.7288
Best Accuracy=0.5000 @ thr=3.8848
AUC=0.2067
Average anomaly score on real class: 1.590321
Inference complete!
Encoder E_xzx_1790.pt: AUC=0.2067, AvgRealScore=1.590321

=== Evaluating encoder: E_xzx_180.pt ===
G params: 7,869,351
E params: 3,448,480
D params: 1,076,480
C params: 206,087
Balanced accuracy (at median threshold): 0.2931
Best F1=0.6667 @ thr=0.6934

=== Evaluating encoder: E_xzx_3830.pt ===
G params: 7,869,351
E params: 3,448,480
D params: 1,076,480
C params: 206,087
Balanced accuracy (at median threshold): 0.3841
Best F1=0.6667 @ thr=0.6248
Best Accuracy=0.5000 @ thr=0.6248
AUC=0.3481
Average anomaly score on real class: 1.145620
Inference complete!
Encoder E_xzx_3830.pt: AUC=0.3481, AvgRealScore=1.145620

=== Evaluating encoder: E_xzx_3840.pt ===
G params: 7,869,351
E params: 3,448,480
D params: 1,076,480
C params: 206,087
Balanced accuracy (at median threshold): 0.3881
Best F1=0.6667 @ thr=0.6287
Best Accuracy=0.5000 @ thr=0.6287
AUC=0.3482
Average anomaly score on real class: 1.140607
Inference complete!
Encoder E_xzx_3840.pt: AUC=0.3482, AvgRealScore=1.140607

=== Evaluating encoder: E_xzx_3850.pt ===
G params: 7,869,351
E params: 3,448,480
D params: 1,076,480
C params: 206,087
Balanced accuracy (at median threshold): 0.3854
Best F1=0.6667 @ thr=0.6168
Best Accuracy=0.5000 @ thr=0.6168
AUC=0.3446
Average anomaly score on real class: 1.144034
Inference complete!
Encoder E_xzx_3850.pt: AUC=0.3446, AvgRealScore=1.144034

=== Evaluating encoder: E_xzx_3860.pt ===
G params: 7,869,351
E params: 3,448,480
D params: 1,076,480
C params: 206,087
Balanced accuracy (at median threshold): 0.3849
Best F1=0.6667 @ thr=0.6144
Best Accuracy=0.5000 @ thr=2.8664
AUC=0.3445
Average anomaly score on real class: 1.148154
Inference complete!
Encoder E_xzx_3860.pt: AUC=0.3445, AvgRealScore=1.148154

=== Evaluating encoder: E_xzx_3870.pt ===
G params: 7,869,351
E params: 3,448,480
D params: 1,076,480
C params: 206,087
Balanced accuracy (at median threshold): 0.3905
Best F1=0.6667 @ thr=0.6177
Best Accuracy=0.5000 @ thr=3.2058
AUC=0.3537
Average anomaly score on real class: 1.148331
Inference complete!
Encoder E_xzx_3870.pt: AUC=0.3537, AvgRealScore=1.148331

=== Evaluating encoder: E_xzx_3880.pt ===
G params: 7,869,351
E params: 3,448,480
D params: 1,076,480
C params: 206,087
Balanced accuracy (at median threshold): 0.3876
Best F1=0.6667 @ thr=0.6018
Best Accuracy=0.5000 @ thr=3.4066
AUC=0.3449
Average anomaly score on real class: 1.141631
Inference complete!
Encoder E_xzx_3880.pt: AUC=0.3449, AvgRealScore=1.141631

=== Evaluating encoder: E_xzx_3890.pt ===
G params: 7,869,351
E params: 3,448,480
D params: 1,076,480
C params: 206,087
Balanced accuracy (at median threshold): 0.3850
Best F1=0.6667 @ thr=0.6234
Best Accuracy=0.5000 @ thr=0.6234
AUC=0.3457
Average anomaly score on real class: 1.147611
Inference complete!
Encoder E_xzx_3890.pt: AUC=0.3457, AvgRealScore=1.147611
Skipping encoder E_xzx_390.pt (results already exist at ../results/results_32_mel_4n_2_real_300_all/encoder_E_xzx_390)
Encoder E_xzx_390.pt: AUC=0.4343, AvgRealScore=1.143062

=== Evaluating encoder: E_xzx_3900.pt ===
G params: 7,869,351
E params: 3,448,480
D params: 1,076,480
C params: 206,087
Balanced accuracy (at median threshold): 0.3817
Best F1=0.6667 @ thr=0.6265
Best Accuracy=0.5000 @ thr=2.8848
AUC=0.3431
Average anomaly score on real class: 1.145757
Inference complete!
Encoder E_xzx_3900.pt: AUC=0.3431, AvgRealScore=1.145757

=== Evaluating encoder: E_xzx_3910.pt ===
G params: 7,869,351
E params: 3,448,480
D params: 1,076,480
C params: 206,087
Balanced accuracy (at median threshold): 0.3877
Best F1=0.6667 @ thr=0.6549
Best Accuracy=0.5000 @ thr=3.1437
AUC=0.3465
Average anomaly score on real class: 1.140398
Inference complete!
Encoder E_xzx_3910.pt: AUC=0.3465, AvgRealScore=1.140398

=== Evaluating encoder: E_xzx_3920.pt ===
G params: 7,869,351
E params: 3,448,480
D params: 1,076,480
C params: 206,087
Balanced accuracy (at median threshold): 0.3785
Best F1=0.6667 @ thr=0.6238
Best Accuracy=0.5000 @ thr=0.6238
AUC=0.3393
Average anomaly score on real class: 1.150187
Inference complete!
Encoder E_xzx_3920.pt: AUC=0.3393, AvgRealScore=1.150187

=== Evaluating encoder: E_xzx_3930.pt ===
G params: 7,869,351
E params: 3,448,480
D params: 1,076,480
C params: 206,087
Balanced accuracy (at median threshold): 0.3787
Best F1=0.6667 @ thr=0.6321
Best Accuracy=0.5000 @ thr=0.6321
AUC=0.3392
Average anomaly score on real class: 1.145231
Inference complete!
Encoder E_xzx_3930.pt: AUC=0.3392, AvgRealScore=1.145231

=== Evaluating encoder: E_xzx_3940.pt ===
G params: 7,869,351
E params: 3,448,480
D params: 1,076,480
C params: 206,087
Balanced accuracy (at median threshold): 0.3835
Best F1=0.6667 @ thr=0.6053
Best Accuracy=0.5000 @ thr=0.6053
AUC=0.3444
Average anomaly score on real class: 1.147295
Inference complete!
Encoder E_xzx_3940.pt: AUC=0.3444, AvgRealScore=1.147295

=== Evaluating encoder: E_xzx_3950.pt ===
G params: 7,869,351
E params: 3,448,480
D params: 1,076,480
C params: 206,087
Balanced accuracy (at median threshold): 0.3902
Best F1=0.6667 @ thr=0.6242
Best Accuracy=0.5000 @ thr=0.6242
AUC=0.3512
Average anomaly score on real class: 1.147327
Inference complete!
Encoder E_xzx_3950.pt: AUC=0.3512, AvgRealScore=1.147327

=== Evaluating encoder: E_xzx_3960.pt ===
G params: 7,869,351
E params: 3,448,480
D params: 1,076,480
C params: 206,087
Balanced accuracy (at median threshold): 0.3863
Best F1=0.6667 @ thr=0.5989
Best Accuracy=0.5000 @ thr=3.3055
AUC=0.3484
Average anomaly score on real class: 1.145676
Inference complete!
Encoder E_xzx_3960.pt: AUC=0.3484, AvgRealScore=1.145676

=== Evaluating encoder: E_xzx_3970.pt ===
G params: 7,869,351
E params: 3,448,480
D params: 1,076,480
C params: 206,087
Balanced accuracy (at median threshold): 0.3923
Best F1=0.6667 @ thr=0.6148
Best Accuracy=0.5000 @ thr=3.2164
AUC=0.3505
Average anomaly score on real class: 1.140445
Inference complete!
Encoder E_xzx_3970.pt: AUC=0.3505, AvgRealScore=1.140445

=== Evaluating encoder: E_xzx_3980.pt ===
G params: 7,869,351
E params: 3,448,480
D params: 1,076,480
C params: 206,087
Balanced accuracy (at median threshold): 0.3841
Best F1=0.6667 @ thr=0.6237
Best Accuracy=0.5000 @ thr=0.6237
AUC=0.3459
Average anomaly score on real class: 1.143283
Inference complete!
Encoder E_xzx_3980.pt: AUC=0.3459, AvgRealScore=1.143283

=== Evaluating encoder: E_xzx_3990.pt ===
G params: 7,869,351
E params: 3,448,480
D params: 1,076,480
C params: 206,087
Balanced accuracy (at median threshold): 0.3858
Best F1=0.6667 @ thr=0.6377
Best Accuracy=0.5000 @ thr=0.6377
AUC=0.3466
Average anomaly score on real class: 1.155131
Inference complete!
Encoder E_xzx_3990.pt: AUC=0.3466, AvgRealScore=1.155131
Skipping encoder E_xzx_40.pt (results already exist at ../results/results_32_mel_4n_2_real_300_all/encoder_E_xzx_40)
Encoder E_xzx_40.pt: AUC=0.4895, AvgRealScore=1.213687
Skipping encoder E_xzx_400.pt (results already exist at ../results/results_32_mel_4n_2_real_300_all/encoder_E_xzx_400)
Encoder E_xzx_400.pt: AUC=0.4254, AvgRealScore=1.135896

=== Evaluating encoder: E_xzx_4000.pt ===
G params: 7,869,351
E params: 3,448,480
D params: 1,076,480
C params: 206,087
Balanced accuracy (at median threshold): 0.3853
Best F1=0.6667 @ thr=0.6336
Best Accuracy=0.5000 @ thr=3.4469
AUC=0.3445
Average anomaly score on real class: 1.144196
Inference complete!
Encoder E_xzx_4000.pt: AUC=0.3445, AvgRealScore=1.144196

=== Evaluating encoder: E_xzx_4010.pt ===
G params: 7,869,351
E params: 3,448,480
D params: 1,076,480
C params: 206,087
Balanced accuracy (at median threshold): 0.3818
Best F1=0.6667 @ thr=0.6225
Best Accuracy=0.5000 @ thr=3.2037
AUC=0.3422
Average anomaly score on real class: 1.143771
Inference complete!
Encoder E_xzx_4010.pt: AUC=0.3422, AvgRealScore=1.143771

=== Evaluating encoder: E_xzx_4020.pt ===
G params: 7,869,351
E params: 3,448,480
D params: 1,076,480
C params: 206,087
Balanced accuracy (at median threshold): 0.3921
Best F1=0.6667 @ thr=0.6151
Best Accuracy=0.5000 @ thr=0.6151
AUC=0.3531
Average anomaly score on real class: 1.142048
Inference complete!
Encoder E_xzx_4020.pt: AUC=0.3531, AvgRealScore=1.142048

=== Evaluating encoder: E_xzx_4030.pt ===
G params: 7,869,351
E params: 3,448,480
D params: 1,076,480
C params: 206,087
Balanced accuracy (at median threshold): 0.3900
Best F1=0.6667 @ thr=0.6221
Best Accuracy=0.5000 @ thr=0.6221
AUC=0.3537
Average anomaly score on real class: 1.150036
Inference complete!
Encoder E_xzx_4030.pt: AUC=0.3537, AvgRealScore=1.150036
Best Accuracy=0.5000 @ thr=3.9567
AUC=0.2018
Average anomaly score on real class: 1.642159
Inference complete!
Encoder E_xzx_180.pt: AUC=0.2018, AvgRealScore=1.642159

=== Evaluating encoder: E_xzx_1800.pt ===
G params: 7,869,351
E params: 3,448,480
D params: 1,076,480
C params: 206,087
Balanced accuracy (at median threshold): 0.2994
Best F1=0.6667 @ thr=0.7366
Best Accuracy=0.5001 @ thr=3.8135
AUC=0.2126
Average anomaly score on real class: 1.604149
Inference complete!
Encoder E_xzx_1800.pt: AUC=0.2126, AvgRealScore=1.604149

=== Evaluating encoder: E_xzx_1810.pt ===
G params: 7,869,351
E params: 3,448,480
D params: 1,076,480
C params: 206,087
Balanced accuracy (at median threshold): 0.2962
Best F1=0.6667 @ thr=0.7129
Best Accuracy=0.5000 @ thr=0.7129
AUC=0.2095
Average anomaly score on real class: 1.585748
Inference complete!
Encoder E_xzx_1810.pt: AUC=0.2095, AvgRealScore=1.585748

=== Evaluating encoder: E_xzx_1820.pt ===
G params: 7,869,351
E params: 3,448,480
D params: 1,076,480
C params: 206,087
Balanced accuracy (at median threshold): 0.3039
Best F1=0.6667 @ thr=0.7301
Best Accuracy=0.5000 @ thr=0.7301
AUC=0.2134
Average anomaly score on real class: 1.607817
Inference complete!
Encoder E_xzx_1820.pt: AUC=0.2134, AvgRealScore=1.607817

=== Evaluating encoder: E_xzx_1830.pt ===
G params: 7,869,351
E params: 3,448,480
D params: 1,076,480
C params: 206,087
Balanced accuracy (at median threshold): 0.2956
Best F1=0.6667 @ thr=0.7240
Best Accuracy=0.5000 @ thr=0.7240
AUC=0.2084
Average anomaly score on real class: 1.581151
Inference complete!
Encoder E_xzx_1830.pt: AUC=0.2084, AvgRealScore=1.581151

=== Evaluating encoder: E_xzx_1840.pt ===
G params: 7,869,351
E params: 3,448,480
D params: 1,076,480
C params: 206,087
Balanced accuracy (at median threshold): 0.2953
Best F1=0.6667 @ thr=0.7231
Best Accuracy=0.5000 @ thr=3.7449
AUC=0.2093
Average anomaly score on real class: 1.592598
Inference complete!
Encoder E_xzx_1840.pt: AUC=0.2093, AvgRealScore=1.592598

=== Evaluating encoder: E_xzx_1850.pt ===
G params: 7,869,351
E params: 3,448,480
D params: 1,076,480
C params: 206,087
Balanced accuracy (at median threshold): 0.3022
Best F1=0.6667 @ thr=0.7414
Best Accuracy=0.5001 @ thr=3.7121
AUC=0.2151
Average anomaly score on real class: 1.607979
Inference complete!
Encoder E_xzx_1850.pt: AUC=0.2151, AvgRealScore=1.607979

=== Evaluating encoder: E_xzx_1860.pt ===
G params: 7,869,351
E params: 3,448,480
D params: 1,076,480
C params: 206,087
Balanced accuracy (at median threshold): 0.3003
Best F1=0.6667 @ thr=0.7253
Best Accuracy=0.5000 @ thr=3.7124
AUC=0.2087
Average anomaly score on real class: 1.591366
Inference complete!
Encoder E_xzx_1860.pt: AUC=0.2087, AvgRealScore=1.591366

=== Evaluating encoder: E_xzx_1870.pt ===
G params: 7,869,351
E params: 3,448,480
D params: 1,076,480
C params: 206,087
Balanced accuracy (at median threshold): 0.3014
Best F1=0.6667 @ thr=0.7313
Best Accuracy=0.5000 @ thr=3.7553
AUC=0.2142
Average anomaly score on real class: 1.561008
Inference complete!
Encoder E_xzx_1870.pt: AUC=0.2142, AvgRealScore=1.561008

=== Evaluating encoder: E_xzx_1880.pt ===
G params: 7,869,351
E params: 3,448,480
D params: 1,076,480
C params: 206,087
Balanced accuracy (at median threshold): 0.2982
Best F1=0.6667 @ thr=0.7298
Best Accuracy=0.5001 @ thr=3.6156
AUC=0.2085
Average anomaly score on real class: 1.570290
Inference complete!
Encoder E_xzx_1880.pt: AUC=0.2085, AvgRealScore=1.570290

=== Evaluating encoder: E_xzx_1890.pt ===
G params: 7,869,351
E params: 3,448,480
D params: 1,076,480
C params: 206,087
Balanced accuracy (at median threshold): 0.2991
Best F1=0.6667 @ thr=0.7341
Best Accuracy=0.5001 @ thr=3.7463
AUC=0.2083
Average anomaly score on real class: 1.585508
Inference complete!
Encoder E_xzx_1890.pt: AUC=0.2083, AvgRealScore=1.585508

=== Evaluating encoder: E_xzx_190.pt ===
G params: 7,869,351
E params: 3,448,480
D params: 1,076,480
C params: 206,087
Balanced accuracy (at median threshold): 0.2944
Best F1=0.6667 @ thr=0.6857
Best Accuracy=0.5000 @ thr=0.7385
AUC=0.2013
Average anomaly score on real class: 1.641189
Inference complete!
Encoder E_xzx_190.pt: AUC=0.2013, AvgRealScore=1.641189

=== Evaluating encoder: E_xzx_1900.pt ===
G params: 7,869,351
E params: 3,448,480
D params: 1,076,480
C params: 206,087
Balanced accuracy (at median threshold): 0.2975
Best F1=0.6667 @ thr=0.7302
Best Accuracy=0.5001 @ thr=3.5516
AUC=0.2095
Average anomaly score on real class: 1.591256
Inference complete!
Encoder E_xzx_1900.pt: AUC=0.2095, AvgRealScore=1.591256

=== Evaluating encoder: E_xzx_1910.pt ===
G params: 7,869,351
E params: 3,448,480
D params: 1,076,480
C params: 206,087
Balanced accuracy (at median threshold): 0.3002
Best F1=0.6667 @ thr=0.7298
Best Accuracy=0.5001 @ thr=3.5971
AUC=0.2120
Average anomaly score on real class: 1.569944
Inference complete!
Encoder E_xzx_1910.pt: AUC=0.212, AvgRealScore=1.569944

=== Evaluating encoder: E_xzx_1920.pt ===
G params: 7,869,351
E params: 3,448,480
D params: 1,076,480
C params: 206,087
Balanced accuracy (at median threshold): 0.2956
Best F1=0.6667 @ thr=0.7222
Best Accuracy=0.5000 @ thr=3.6830
AUC=0.2075
Average anomaly score on real class: 1.592137
Inference complete!
Encoder E_xzx_1920.pt: AUC=0.2075, AvgRealScore=1.592137

=== Evaluating encoder: E_xzx_1930.pt ===
G params: 7,869,351
E params: 3,448,480
D params: 1,076,480
C params: 206,087
Balanced accuracy (at median threshold): 0.2958
Best F1=0.6667 @ thr=0.7309
Best Accuracy=0.5000 @ thr=3.7079
AUC=0.2060
Average anomaly score on real class: 1.609350
Inference complete!
Encoder E_xzx_1930.pt: AUC=0.206, AvgRealScore=1.609350

=== Evaluating encoder: E_xzx_1940.pt ===
G params: 7,869,351
E params: 3,448,480
D params: 1,076,480
C params: 206,087
Balanced accuracy (at median threshold): 0.3021
Best F1=0.6667 @ thr=0.7331
Best Accuracy=0.5001 @ thr=3.6793
AUC=0.2168
Average anomaly score on real class: 1.582901
Inference complete!
Encoder E_xzx_1940.pt: AUC=0.2168, AvgRealScore=1.582901

=== Evaluating encoder: E_xzx_1950.pt ===
G params: 7,869,351
E params: 3,448,480
D params: 1,076,480
C params: 206,087
Balanced accuracy (at median threshold): 0.2961
Best F1=0.6667 @ thr=0.7230
Best Accuracy=0.5001 @ thr=3.7922
AUC=0.2054
Average anomaly score on real class: 1.602077
Inference complete!
Encoder E_xzx_1950.pt: AUC=0.2054, AvgRealScore=1.602077

=== Evaluating encoder: E_xzx_1960.pt ===
G params: 7,869,351
E params: 3,448,480
D params: 1,076,480
C params: 206,087
Balanced accuracy (at median threshold): 0.2951
Best F1=0.6667 @ thr=0.7242
Best Accuracy=0.5000 @ thr=3.6485
AUC=0.2051
Average anomaly score on real class: 1.584335
Inference complete!
Encoder E_xzx_1960.pt: AUC=0.2051, AvgRealScore=1.584335

=== Evaluating encoder: E_xzx_1970.pt ===
G params: 7,869,351
E params: 3,448,480
D params: 1,076,480
C params: 206,087
Balanced accuracy (at median threshold): 0.2986
Best F1=0.6667 @ thr=0.7225
Best Accuracy=0.5000 @ thr=3.8039
AUC=0.2062
Average anomaly score on real class: 1.606133
Inference complete!
Encoder E_xzx_1970.pt: AUC=0.2062, AvgRealScore=1.606133

=== Evaluating encoder: E_xzx_1980.pt ===
G params: 7,869,351
E params: 3,448,480
D params: 1,076,480
C params: 206,087
Balanced accuracy (at median threshold): 0.2972
Best F1=0.6667 @ thr=0.7237
Best Accuracy=0.5001 @ thr=3.8271
AUC=0.2085
Average anomaly score on real class: 1.628681
Inference complete!
Encoder E_xzx_1980.pt: AUC=0.2085, AvgRealScore=1.628681

=== Evaluating encoder: E_xzx_1990.pt ===
G params: 7,869,351
E params: 3,448,480
D params: 1,076,480
C params: 206,087
Balanced accuracy (at median threshold): 0.2989
Best F1=0.6667 @ thr=0.7252
Best Accuracy=0.5000 @ thr=3.8287
AUC=0.2119
Average anomaly score on real class: 1.597858
Inference complete!
Encoder E_xzx_1990.pt: AUC=0.2119, AvgRealScore=1.597858

=== Evaluating encoder: E_xzx_20.pt ===
G params: 7,869,351
E params: 3,448,480
D params: 1,076,480
C params: 206,087
Balanced accuracy (at median threshold): 0.2662
Best F1=0.6667 @ thr=0.7377
Best Accuracy=0.5001 @ thr=0.7561
AUC=0.1685
Average anomaly score on real class: 1.766267
Inference complete!
Encoder E_xzx_20.pt: AUC=0.1685, AvgRealScore=1.766267

=== Evaluating encoder: E_xzx_4040.pt ===
G params: 7,869,351
E params: 3,448,480
D params: 1,076,480
C params: 206,087
Balanced accuracy (at median threshold): 0.3849
Best F1=0.6667 @ thr=0.6432
Best Accuracy=0.5000 @ thr=3.2565
AUC=0.3467
Average anomaly score on real class: 1.148762
Inference complete!
Encoder E_xzx_4040.pt: AUC=0.3467, AvgRealScore=1.148762

=== Evaluating encoder: E_xzx_4050.pt ===
G params: 7,869,351
E params: 3,448,480
D params: 1,076,480
C params: 206,087
Balanced accuracy (at median threshold): 0.3814
Best F1=0.6667 @ thr=0.6188
Best Accuracy=0.5000 @ thr=3.5140
AUC=0.3405
Average anomaly score on real class: 1.138633
Inference complete!
Encoder E_xzx_4050.pt: AUC=0.3405, AvgRealScore=1.138633

=== Evaluating encoder: E_xzx_4060.pt ===
G params: 7,869,351
E params: 3,448,480
D params: 1,076,480
C params: 206,087
Balanced accuracy (at median threshold): 0.3795
Best F1=0.6667 @ thr=0.6039
Best Accuracy=0.5000 @ thr=0.6039
AUC=0.3411
Average anomaly score on real class: 1.139423
Inference complete!
Encoder E_xzx_4060.pt: AUC=0.3411, AvgRealScore=1.139423

=== Evaluating encoder: E_xzx_4070.pt ===
G params: 7,869,351
E params: 3,448,480
D params: 1,076,480
C params: 206,087
Balanced accuracy (at median threshold): 0.3878
Best F1=0.6667 @ thr=0.6003
Best Accuracy=0.5000 @ thr=3.2870
AUC=0.3492
Average anomaly score on real class: 1.152727
Inference complete!
Encoder E_xzx_4070.pt: AUC=0.3492, AvgRealScore=1.152727

=== Evaluating encoder: E_xzx_4080.pt ===
G params: 7,869,351
E params: 3,448,480
D params: 1,076,480
C params: 206,087
Balanced accuracy (at median threshold): 0.3872
Best F1=0.6667 @ thr=0.5960
Best Accuracy=0.5000 @ thr=0.5960
AUC=0.3427
Average anomaly score on real class: 1.140584
Inference complete!
Encoder E_xzx_4080.pt: AUC=0.3427, AvgRealScore=1.140584

=== Evaluating encoder: E_xzx_4090.pt ===
G params: 7,869,351
E params: 3,448,480
D params: 1,076,480
C params: 206,087
Balanced accuracy (at median threshold): 0.3825
Best F1=0.6667 @ thr=0.6196
Best Accuracy=0.5000 @ thr=0.6196
AUC=0.3452
Average anomaly score on real class: 1.146657
Inference complete!
Encoder E_xzx_4090.pt: AUC=0.3452, AvgRealScore=1.146657
Skipping encoder E_xzx_410.pt (results already exist at ../results/results_32_mel_4n_2_real_300_all/encoder_E_xzx_410)
Encoder E_xzx_410.pt: AUC=0.4383, AvgRealScore=1.118325

=== Evaluating encoder: E_xzx_4100.pt ===
G params: 7,869,351
E params: 3,448,480
D params: 1,076,480
C params: 206,087
Balanced accuracy (at median threshold): 0.3836
Best F1=0.6667 @ thr=0.6232
Best Accuracy=0.5000 @ thr=0.6232
AUC=0.3483
Average anomaly score on real class: 1.153252
Inference complete!
Encoder E_xzx_4100.pt: AUC=0.3483, AvgRealScore=1.153252

=== Evaluating encoder: E_xzx_4110.pt ===
G params: 7,869,351
E params: 3,448,480
D params: 1,076,480
C params: 206,087
Balanced accuracy (at median threshold): 0.3861
Best F1=0.6667 @ thr=0.6744
Best Accuracy=0.5000 @ thr=2.9791
AUC=0.3458
Average anomaly score on real class: 1.148135
Inference complete!
Encoder E_xzx_4110.pt: AUC=0.3458, AvgRealScore=1.148135

=== Evaluating encoder: E_xzx_4120.pt ===
G params: 7,869,351
E params: 3,448,480
D params: 1,076,480
C params: 206,087
Balanced accuracy (at median threshold): 0.3862
Best F1=0.6667 @ thr=0.6268
Best Accuracy=0.5000 @ thr=0.6268
AUC=0.3508
Average anomaly score on real class: 1.150460
Inference complete!
Encoder E_xzx_4120.pt: AUC=0.3508, AvgRealScore=1.150460

=== Evaluating encoder: E_xzx_4130.pt ===
G params: 7,869,351
E params: 3,448,480
D params: 1,076,480
C params: 206,087
Balanced accuracy (at median threshold): 0.3807
Best F1=0.6667 @ thr=0.6219
Best Accuracy=0.5000 @ thr=0.6219
AUC=0.3423
Average anomaly score on real class: 1.147979
Inference complete!
Encoder E_xzx_4130.pt: AUC=0.3423, AvgRealScore=1.147979

=== Evaluating encoder: E_xzx_4140.pt ===
G params: 7,869,351
E params: 3,448,480
D params: 1,076,480
C params: 206,087
Balanced accuracy (at median threshold): 0.3804
Best F1=0.6667 @ thr=0.6239
Best Accuracy=0.5000 @ thr=3.0961
AUC=0.3419
Average anomaly score on real class: 1.158094
Inference complete!
Encoder E_xzx_4140.pt: AUC=0.3419, AvgRealScore=1.158094

=== Evaluating encoder: E_xzx_4150.pt ===
G params: 7,869,351
E params: 3,448,480
D params: 1,076,480
C params: 206,087
Balanced accuracy (at median threshold): 0.3800
Best F1=0.6667 @ thr=0.6343
Best Accuracy=0.5000 @ thr=3.1292
AUC=0.3397
Average anomaly score on real class: 1.143849
Inference complete!
Encoder E_xzx_4150.pt: AUC=0.3397, AvgRealScore=1.143849

=== Evaluating encoder: E_xzx_4160.pt ===
G params: 7,869,351
E params: 3,448,480
D params: 1,076,480
C params: 206,087
Balanced accuracy (at median threshold): 0.3803
Best F1=0.6667 @ thr=0.6228
Best Accuracy=0.5000 @ thr=0.6228
AUC=0.3420
Average anomaly score on real class: 1.145306
Inference complete!
Encoder E_xzx_4160.pt: AUC=0.342, AvgRealScore=1.145306

=== Evaluating encoder: E_xzx_4170.pt ===
G params: 7,869,351
E params: 3,448,480
D params: 1,076,480
C params: 206,087
Balanced accuracy (at median threshold): 0.3802
Best F1=0.6667 @ thr=0.5992
Best Accuracy=0.5000 @ thr=0.5992
AUC=0.3409
Average anomaly score on real class: 1.141392
Inference complete!
Encoder E_xzx_4170.pt: AUC=0.3409, AvgRealScore=1.141392

=== Evaluating encoder: E_xzx_4180.pt ===
G params: 7,869,351
E params: 3,448,480
D params: 1,076,480
C params: 206,087
Balanced accuracy (at median threshold): 0.3778
Best F1=0.6667 @ thr=0.6631
Best Accuracy=0.5000 @ thr=0.6631
AUC=0.3400
Average anomaly score on real class: 1.149498
Inference complete!
Encoder E_xzx_4180.pt: AUC=0.34, AvgRealScore=1.149498

=== Evaluating encoder: E_xzx_4190.pt ===
G params: 7,869,351
E params: 3,448,480
D params: 1,076,480
C params: 206,087
Balanced accuracy (at median threshold): 0.3821
Best F1=0.6667 @ thr=0.6094
Best Accuracy=0.5000 @ thr=3.2099
AUC=0.3435
Average anomaly score on real class: 1.139016
Inference complete!
Encoder E_xzx_4190.pt: AUC=0.3435, AvgRealScore=1.139016
Skipping encoder E_xzx_420.pt (results already exist at ../results/results_32_mel_4n_2_real_300_all/encoder_E_xzx_420)
Encoder E_xzx_420.pt: AUC=0.4309, AvgRealScore=1.119713

=== Evaluating encoder: E_xzx_4200.pt ===
G params: 7,869,351
E params: 3,448,480
D params: 1,076,480
C params: 206,087
Balanced accuracy (at median threshold): 0.3827
Best F1=0.6667 @ thr=0.6142
Best Accuracy=0.5000 @ thr=3.1363
AUC=0.3420
Average anomaly score on real class: 1.152810
Inference complete!
Encoder E_xzx_4200.pt: AUC=0.342, AvgRealScore=1.152810

=== Evaluating encoder: E_xzx_4210.pt ===
G params: 7,869,351
E params: 3,448,480
D params: 1,076,480
C params: 206,087
Balanced accuracy (at median threshold): 0.3921
Best F1=0.6667 @ thr=0.6571
Best Accuracy=0.5000 @ thr=0.6571
AUC=0.3513
Average anomaly score on real class: 1.149575
Inference complete!
Encoder E_xzx_4210.pt: AUC=0.3513, AvgRealScore=1.149575

=== Evaluating encoder: E_xzx_4220.pt ===
G params: 7,869,351
E params: 3,448,480
D params: 1,076,480
C params: 206,087
Balanced accuracy (at median threshold): 0.3796
Best F1=0.6667 @ thr=0.6319
Best Accuracy=0.5000 @ thr=0.6319
AUC=0.3406
Average anomaly score on real class: 1.148198
Inference complete!
Encoder E_xzx_4220.pt: AUC=0.3406, AvgRealScore=1.148198

=== Evaluating encoder: E_xzx_4230.pt ===
G params: 7,869,351
E params: 3,448,480
D params: 1,076,480
C params: 206,087
Balanced accuracy (at median threshold): 0.3823
Best F1=0.6667 @ thr=0.6088
Best Accuracy=0.5000 @ thr=0.6088
AUC=0.3425
Average anomaly score on real class: 1.143632
Inference complete!
Encoder E_xzx_4230.pt: AUC=0.3425, AvgRealScore=1.143632

=== Evaluating encoder: E_xzx_4240.pt ===
G params: 7,869,351
E params: 3,448,480
D params: 1,076,480
C params: 206,087
Balanced accuracy (at median threshold): 0.3799
Best F1=0.6667 @ thr=0.5944
Best Accuracy=0.5000 @ thr=3.3802
AUC=0.3424
Average anomaly score on real class: 1.148129
Inference complete!
Encoder E_xzx_4240.pt: AUC=0.3424, AvgRealScore=1.148129

=== Evaluating encoder: E_xzx_4250.pt ===
G params: 7,869,351
E params: 3,448,480
D params: 1,076,480
C params: 206,087
Balanced accuracy (at median threshold): 0.3911
Killed
Killed
[2025-07-14 00:44:47] Next job: python eval_all_checkpoints.py --real_data_root ../data/cross/real/eval_32 --anomaly_data_dir ../data/cross/fake/eval_32_all/all --model_dir ../logdir/logdir_32_mel_real_s_2_300 --n_layers 3 --use_mel --keep_all --out_dir ../results/results_32_mel_real_s_2_300_cross_all --compare_mode --ckpt 300 --n_cluster 1 --batch_size 512 --bypass_classifier
[2025-07-14 00:44:47] GPU idle for 10/120s
[2025-07-14 00:44:57] GPU idle for 20/120s
[2025-07-14 00:45:07] GPU idle for 30/120s
[2025-07-14 00:45:17] GPU idle for 40/120s
[2025-07-14 00:45:17] Immediate spawn requested via terminal.
[2025-07-14 00:45:17] Launching: python eval_all_checkpoints.py --real_data_root ../data/cross/real/eval_32 --anomaly_data_dir ../data/cross/fake/eval_32_all/all --model_dir ../logdir/logdir_32_mel_real_s_2_300 --n_layers 3 --use_mel --keep_all --out_dir ../results/results_32_mel_real_s_2_300_cross_all --compare_mode --ckpt 300 --n_cluster 1 --batch_size 512 --bypass_classifier
[2025-07-14 00:45:17] Started PID=49937
Building and caching dataset in RAM (once for all checkpoints)...
Traceback (most recent call last):
  File "/media/tameszaza/MyPassport/ml/backup/backup_tames/anomGAN2/eval_all_checkpoints.py", line 363, in <module>
    main()
  File "/media/tameszaza/MyPassport/ml/backup/backup_tames/anomGAN2/eval_all_checkpoints.py", line 103, in main
    ds = RealFakeDirDataset(
         ^^^^^^^^^^^^^^^^^^^
  File "/media/tameszaza/MyPassport/ml/backup/backup_tames/anomGAN2/inference_r.py", line 108, in __init__
    collect_samples(anomaly_data_dir, label=1)
  File "/media/tameszaza/MyPassport/ml/backup/backup_tames/anomGAN2/inference_r.py", line 75, in collect_samples
    raise FileNotFoundError(f"Missing mel/ under {base_dir}")
FileNotFoundError: Missing mel/ under ../data/cross/fake/eval_32_all/all
[2025-07-14 00:46:36] Job PID=49937 finished with return code 1
[2025-07-14 00:46:36] Next job: python train2.py --data_root ../data/real/data_32 --log_dir ../logdir/logdir_32_mel_real_4n --use_mel --lambda_lat 0
[2025-07-14 00:46:36] GPU idle for 10/120s
[2025-07-14 00:46:46] GPU idle for 20/120s
[2025-07-14 00:46:56] GPU idle for 30/120s
[2025-07-14 00:47:06] GPU idle for 40/120s
[2025-07-14 00:47:16] GPU idle for 50/120s
[2025-07-14 00:47:26] GPU idle for 60/120s
[2025-07-14 00:47:36] GPU idle for 70/120s
[2025-07-14 00:47:46] GPU idle for 80/120s
[2025-07-14 00:47:56] GPU idle for 90/120s
[2025-07-14 00:47:56] Job changed or removed - skipping 'python train2.py --data_root ../data/real/data_32 --log_dir ../logdir/logdir_32_mel_real_4n --use_mel --lambda_lat 0'
[2025-07-14 00:47:56] Next job: python eval_all_checkpoints.py --real_data_root ../data/cross/real/eval_32 --anomaly_data_dir ../data/cross/fake/eval_32/all --model_dir ../logdir/logdir_32_mel_real_s_2_300 --n_layers 3 --use_mel --keep_all --out_dir ../results/results_32_mel_real_s_2_300_cross_all --compare_mode --ckpt 300 --n_cluster 1 --batch_size 512 --bypass_classifier
[2025-07-14 00:47:56] GPU idle for 10/120s
[2025-07-14 00:48:06] GPU idle for 20/120s
[2025-07-14 00:48:06] Immediate spawn requested via terminal.
[2025-07-14 00:48:06] Launching: python eval_all_checkpoints.py --real_data_root ../data/cross/real/eval_32 --anomaly_data_dir ../data/cross/fake/eval_32/all --model_dir ../logdir/logdir_32_mel_real_s_2_300 --n_layers 3 --use_mel --keep_all --out_dir ../results/results_32_mel_real_s_2_300_cross_all --compare_mode --ckpt 300 --n_cluster 1 --batch_size 512 --bypass_classifier
[2025-07-14 00:48:06] Started PID=50655
Building and caching dataset in RAM (once for all checkpoints)...
Dataset ready.

=== Evaluating encoder: E_xzx_10.pt ===
G params: 351,073
E params: 123,744
D params: 257,024
C params: 205,313
Balanced accuracy (at median threshold): 0.2802
Best F1=0.6667 @ thr=0.6278
Best Accuracy=0.5000 @ thr=1.6361
AUC=0.1876
Average anomaly score on real class: 1.159799
Inference complete!
Encoder E_xzx_10.pt: AUC=0.1876, AvgRealScore=1.159799

=== Evaluating encoder: E_xzx_100.pt ===
G params: 351,073
E params: 123,744
D params: 257,024
C params: 205,313
Balanced accuracy (at median threshold): 0.2825
Best F1=0.6667 @ thr=0.5791
Best Accuracy=0.5000 @ thr=0.5981
AUC=0.1908
Average anomaly score on real class: 1.159278
Inference complete!
Encoder E_xzx_100.pt: AUC=0.1908, AvgRealScore=1.159278

=== Evaluating encoder: E_xzx_1000.pt ===
G params: 351,073
E params: 123,744
D params: 257,024
C params: 205,313
Balanced accuracy (at median threshold): 0.2889
Best F1=0.6667 @ thr=0.6184
Best Accuracy=0.5001 @ thr=1.8581
AUC=0.1937
Average anomaly score on real class: 1.263376
Inference complete!
Encoder E_xzx_1000.pt: AUC=0.1937, AvgRealScore=1.263376

=== Evaluating encoder: E_xzx_1010.pt ===
G params: 351,073
E params: 123,744
D params: 257,024
C params: 205,313
Balanced accuracy (at median threshold): 0.2851
Best F1=0.6667 @ thr=0.5944
Best Accuracy=0.5001 @ thr=1.8817
AUC=0.1914
Average anomaly score on real class: 1.270461
Inference complete!
Encoder E_xzx_1010.pt: AUC=0.1914, AvgRealScore=1.270461

=== Evaluating encoder: E_xzx_1020.pt ===
G params: 351,073
E params: 123,744
D params: 257,024
C params: 205,313
Balanced accuracy (at median threshold): 0.2893
Best F1=0.6667 @ thr=0.5912
Best Accuracy=0.5001 @ thr=1.8385
AUC=0.1999
Average anomaly score on real class: 1.237500
Inference complete!
Encoder E_xzx_1020.pt: AUC=0.1999, AvgRealScore=1.237500

=== Evaluating encoder: E_xzx_1030.pt ===
G params: 351,073
E params: 123,744
D params: 257,024
C params: 205,313
Balanced accuracy (at median threshold): 0.2901
Best F1=0.6667 @ thr=0.6070
Best Accuracy=0.5001 @ thr=1.8668
AUC=0.1998
Average anomaly score on real class: 1.238090
Inference complete!
Encoder E_xzx_1030.pt: AUC=0.1998, AvgRealScore=1.238090

=== Evaluating encoder: E_xzx_1040.pt ===
G params: 351,073
E params: 123,744
D params: 257,024
C params: 205,313
Balanced accuracy (at median threshold): 0.3002
Best F1=0.6667 @ thr=0.5962
Best Accuracy=0.5001 @ thr=1.7958
AUC=0.2151
Average anomaly score on real class: 1.205465
Inference complete!
Encoder E_xzx_1040.pt: AUC=0.2151, AvgRealScore=1.205465

=== Evaluating encoder: E_xzx_1050.pt ===
G params: 351,073
E params: 123,744
D params: 257,024
C params: 205,313
Balanced accuracy (at median threshold): 0.2910
Best F1=0.6667 @ thr=0.6086
Best Accuracy=0.5000 @ thr=1.8658
AUC=0.2012
Average anomaly score on real class: 1.254218
Inference complete!
Encoder E_xzx_1050.pt: AUC=0.2012, AvgRealScore=1.254218

=== Evaluating encoder: E_xzx_1060.pt ===
G params: 351,073
E params: 123,744
D params: 257,024
C params: 205,313
Balanced accuracy (at median threshold): 0.3011
Best F1=0.6667 @ thr=0.5980
Best Accuracy=0.5001 @ thr=1.8857
AUC=0.2195
Average anomaly score on real class: 1.219649
Inference complete!
Encoder E_xzx_1060.pt: AUC=0.2195, AvgRealScore=1.219649

=== Evaluating encoder: E_xzx_1070.pt ===
G params: 351,073
E params: 123,744
D params: 257,024
C params: 205,313
Balanced accuracy (at median threshold): 0.2962
Best F1=0.6667 @ thr=0.6099
Best Accuracy=0.5000 @ thr=1.8768
AUC=0.2074
Average anomaly score on real class: 1.247447
Inference complete!
Encoder E_xzx_1070.pt: AUC=0.2074, AvgRealScore=1.247447

=== Evaluating encoder: E_xzx_1080.pt ===
G params: 351,073
E params: 123,744
D params: 257,024
C params: 205,313
Balanced accuracy (at median threshold): 0.3059
Best F1=0.6667 @ thr=0.5845
Best Accuracy=0.5001 @ thr=1.9187
AUC=0.2285
Average anomaly score on real class: 1.179006
Inference complete!
Encoder E_xzx_1080.pt: AUC=0.2285, AvgRealScore=1.179006

=== Evaluating encoder: E_xzx_1090.pt ===
G params: 351,073
E params: 123,744
D params: 257,024
C params: 205,313
Balanced accuracy (at median threshold): 0.2908
Best F1=0.6667 @ thr=0.5954
Best Accuracy=0.5001 @ thr=1.8766
AUC=0.2006
Average anomaly score on real class: 1.262722
Inference complete!
Encoder E_xzx_1090.pt: AUC=0.2006, AvgRealScore=1.262722

=== Evaluating encoder: E_xzx_110.pt ===
G params: 351,073
E params: 123,744
D params: 257,024
C params: 205,313
Balanced accuracy (at median threshold): 0.2919
Best F1=0.6667 @ thr=0.5707
Best Accuracy=0.5001 @ thr=0.6214
AUC=0.2106
Average anomaly score on real class: 1.109761
Inference complete!
Encoder E_xzx_110.pt: AUC=0.2106, AvgRealScore=1.109761

=== Evaluating encoder: E_xzx_1100.pt ===
G params: 351,073
E params: 123,744
D params: 257,024
C params: 205,313
Balanced accuracy (at median threshold): 0.2933
Best F1=0.6667 @ thr=0.5905
Best Accuracy=0.5001 @ thr=1.9098
AUC=0.2056
Average anomaly score on real class: 1.240537
Inference complete!
Encoder E_xzx_1100.pt: AUC=0.2056, AvgRealScore=1.240537

=== Evaluating encoder: E_xzx_1110.pt ===
G params: 351,073
E params: 123,744
D params: 257,024
C params: 205,313
Balanced accuracy (at median threshold): 0.3049
Best F1=0.6667 @ thr=0.6038
Best Accuracy=0.5001 @ thr=1.8551
AUC=0.2190
Average anomaly score on real class: 1.205209
Inference complete!
Encoder E_xzx_1110.pt: AUC=0.219, AvgRealScore=1.205209

=== Evaluating encoder: E_xzx_1120.pt ===
G params: 351,073
E params: 123,744
D params: 257,024
C params: 205,313
Balanced accuracy (at median threshold): 0.3009
Best F1=0.6667 @ thr=0.5986
Best Accuracy=0.5001 @ thr=1.9245
AUC=0.2125
Average anomaly score on real class: 1.252594
Inference complete!
Encoder E_xzx_1120.pt: AUC=0.2125, AvgRealScore=1.252594

=== Evaluating encoder: E_xzx_1130.pt ===
G params: 351,073
E params: 123,744
D params: 257,024
C params: 205,313
Balanced accuracy (at median threshold): 0.2940
Best F1=0.6667 @ thr=0.5904
Best Accuracy=0.5000 @ thr=1.8776
AUC=0.2068
Average anomaly score on real class: 1.218203
Inference complete!
Encoder E_xzx_1130.pt: AUC=0.2068, AvgRealScore=1.218203

=== Evaluating encoder: E_xzx_1140.pt ===
G params: 351,073
E params: 123,744
D params: 257,024
C params: 205,313
Balanced accuracy (at median threshold): 0.3003
Best F1=0.6667 @ thr=0.6085
Best Accuracy=0.5001 @ thr=1.8791
AUC=0.2105
Average anomaly score on real class: 1.236574
Inference complete!
Encoder E_xzx_1140.pt: AUC=0.2105, AvgRealScore=1.236574

=== Evaluating encoder: E_xzx_1150.pt ===
G params: 351,073
E params: 123,744
D params: 257,024
C params: 205,313
Balanced accuracy (at median threshold): 0.2957
Best F1=0.6667 @ thr=0.6110
Best Accuracy=0.5001 @ thr=1.8553
AUC=0.2137
Average anomaly score on real class: 1.203567
Inference complete!
Encoder E_xzx_1150.pt: AUC=0.2137, AvgRealScore=1.203567

=== Evaluating encoder: E_xzx_1160.pt ===
G params: 351,073
E params: 123,744
D params: 257,024
C params: 205,313
Balanced accuracy (at median threshold): 0.2893
Best F1=0.6667 @ thr=0.6160
Best Accuracy=0.5000 @ thr=1.8795
AUC=0.2020
Average anomaly score on real class: 1.258540
Inference complete!
Encoder E_xzx_1160.pt: AUC=0.202, AvgRealScore=1.258540

=== Evaluating encoder: E_xzx_1170.pt ===
G params: 351,073
E params: 123,744
D params: 257,024
C params: 205,313
Balanced accuracy (at median threshold): 0.2949
Best F1=0.6667 @ thr=0.6047
Best Accuracy=0.5001 @ thr=1.8790
AUC=0.2117
Average anomaly score on real class: 1.236511
Inference complete!
Encoder E_xzx_1170.pt: AUC=0.2117, AvgRealScore=1.236511

=== Evaluating encoder: E_xzx_1180.pt ===
G params: 351,073
E params: 123,744
D params: 257,024
C params: 205,313
Balanced accuracy (at median threshold): 0.2922
Best F1=0.6667 @ thr=0.5931
Best Accuracy=0.5000 @ thr=1.9085
AUC=0.2051
Average anomaly score on real class: 1.250155
Inference complete!
Encoder E_xzx_1180.pt: AUC=0.2051, AvgRealScore=1.250155

=== Evaluating encoder: E_xzx_1190.pt ===
G params: 351,073
E params: 123,744
D params: 257,024
C params: 205,313
Balanced accuracy (at median threshold): 0.3288
Best F1=0.6667 @ thr=0.5858
Best Accuracy=0.5000 @ thr=1.8613
AUC=0.2528
Average anomaly score on real class: 1.158015
Inference complete!
Encoder E_xzx_1190.pt: AUC=0.2528, AvgRealScore=1.158015

=== Evaluating encoder: E_xzx_120.pt ===
G params: 351,073
E params: 123,744
D params: 257,024
C params: 205,313
Balanced accuracy (at median threshold): 0.2888
Best F1=0.6667 @ thr=0.5963
Best Accuracy=0.5001 @ thr=0.5963
AUC=0.2027
Average anomaly score on real class: 1.139443
Inference complete!
Encoder E_xzx_120.pt: AUC=0.2027, AvgRealScore=1.139443

=== Evaluating encoder: E_xzx_1200.pt ===
G params: 351,073
E params: 123,744
D params: 257,024
C params: 205,313
Balanced accuracy (at median threshold): 0.3068
Best F1=0.6667 @ thr=0.6060
Best Accuracy=0.5000 @ thr=1.9104
AUC=0.2207
Average anomaly score on real class: 1.212996
Inference complete!
Encoder E_xzx_1200.pt: AUC=0.2207, AvgRealScore=1.212996

=== Evaluating encoder: E_xzx_1210.pt ===
G params: 351,073
E params: 123,744
D params: 257,024
C params: 205,313
Balanced accuracy (at median threshold): 0.3007
Best F1=0.6667 @ thr=0.6081
Best Accuracy=0.5000 @ thr=1.9297
AUC=0.2106
Average anomaly score on real class: 1.251485
Inference complete!
Encoder E_xzx_1210.pt: AUC=0.2106, AvgRealScore=1.251485

=== Evaluating encoder: E_xzx_1220.pt ===
G params: 351,073
E params: 123,744
D params: 257,024
C params: 205,313
Balanced accuracy (at median threshold): 0.3045
Best F1=0.6667 @ thr=0.5978
Best Accuracy=0.5000 @ thr=1.8896
AUC=0.2235
Average anomaly score on real class: 1.207559
Inference complete!
Encoder E_xzx_1220.pt: AUC=0.2235, AvgRealScore=1.207559

=== Evaluating encoder: E_xzx_1230.pt ===
G params: 351,073
E params: 123,744
D params: 257,024
C params: 205,313
Balanced accuracy (at median threshold): 0.3022
Best F1=0.6667 @ thr=0.6070
Best Accuracy=0.5000 @ thr=1.8801
AUC=0.2147
Average anomaly score on real class: 1.236004
Inference complete!
Encoder E_xzx_1230.pt: AUC=0.2147, AvgRealScore=1.236004

=== Evaluating encoder: E_xzx_1240.pt ===
G params: 351,073
E params: 123,744
D params: 257,024
C params: 205,313
Balanced accuracy (at median threshold): 0.3092
Best F1=0.6667 @ thr=0.6129
Best Accuracy=0.5000 @ thr=1.9209
AUC=0.2289
Average anomaly score on real class: 1.207154
Inference complete!
Encoder E_xzx_1240.pt: AUC=0.2289, AvgRealScore=1.207154

=== Evaluating encoder: E_xzx_1250.pt ===
G params: 351,073
E params: 123,744
D params: 257,024
C params: 205,313
Balanced accuracy (at median threshold): 0.3218
Best F1=0.6667 @ thr=0.6065
Best Accuracy=0.5000 @ thr=1.9048
AUC=0.2436
Average anomaly score on real class: 1.191530
Inference complete!
Encoder E_xzx_1250.pt: AUC=0.2436, AvgRealScore=1.191530

=== Evaluating encoder: E_xzx_1260.pt ===
G params: 351,073
E params: 123,744
D params: 257,024
C params: 205,313
Balanced accuracy (at median threshold): 0.3076
Best F1=0.6667 @ thr=0.5744
Best Accuracy=0.5001 @ thr=1.9267
AUC=0.2285
Average anomaly score on real class: 1.205701
Inference complete!
Encoder E_xzx_1260.pt: AUC=0.2285, AvgRealScore=1.205701

=== Evaluating encoder: E_xzx_1270.pt ===
G params: 351,073
E params: 123,744
D params: 257,024
C params: 205,313
Balanced accuracy (at median threshold): 0.2977
Best F1=0.6667 @ thr=0.6107
Best Accuracy=0.5000 @ thr=1.8776
AUC=0.2115
Average anomaly score on real class: 1.255692
Inference complete!
Encoder E_xzx_1270.pt: AUC=0.2115, AvgRealScore=1.255692

=== Evaluating encoder: E_xzx_1280.pt ===
G params: 351,073
E params: 123,744
D params: 257,024
C params: 205,313
Balanced accuracy (at median threshold): 0.3090
Best F1=0.6667 @ thr=0.6139
Best Accuracy=0.5000 @ thr=1.8733
AUC=0.2277
Average anomaly score on real class: 1.207553
Inference complete!
Encoder E_xzx_1280.pt: AUC=0.2277, AvgRealScore=1.207553

=== Evaluating encoder: E_xzx_1290.pt ===
G params: 351,073
E params: 123,744
D params: 257,024
C params: 205,313
Balanced accuracy (at median threshold): 0.3170
Best F1=0.6667 @ thr=0.6090
Best Accuracy=0.5000 @ thr=1.8923
AUC=0.2382
Average anomaly score on real class: 1.181736
Inference complete!
Encoder E_xzx_1290.pt: AUC=0.2382, AvgRealScore=1.181736

=== Evaluating encoder: E_xzx_130.pt ===
G params: 351,073
E params: 123,744
D params: 257,024
C params: 205,313
Balanced accuracy (at median threshold): 0.2890
Best F1=0.6667 @ thr=0.5952
Best Accuracy=0.5001 @ thr=0.5952
AUC=0.2035
Average anomaly score on real class: 1.154059
Inference complete!
Encoder E_xzx_130.pt: AUC=0.2035, AvgRealScore=1.154059

=== Evaluating encoder: E_xzx_1300.pt ===
G params: 351,073
E params: 123,744
D params: 257,024
C params: 205,313
Balanced accuracy (at median threshold): 0.2876
Best F1=0.6667 @ thr=0.6001
Best Accuracy=0.5000 @ thr=1.8977
AUC=0.2047
Average anomaly score on real class: 1.229647
Inference complete!
Encoder E_xzx_1300.pt: AUC=0.2047, AvgRealScore=1.229647

=== Evaluating encoder: E_xzx_1310.pt ===
G params: 351,073
E params: 123,744
D params: 257,024
C params: 205,313
Balanced accuracy (at median threshold): 0.3057
Best F1=0.6667 @ thr=0.5993
Best Accuracy=0.5000 @ thr=1.9283
AUC=0.2197
Average anomaly score on real class: 1.232592
Inference complete!
Encoder E_xzx_1310.pt: AUC=0.2197, AvgRealScore=1.232592

=== Evaluating encoder: E_xzx_1320.pt ===
G params: 351,073
E params: 123,744
D params: 257,024
C params: 205,313
Balanced accuracy (at median threshold): 0.3094
Best F1=0.6667 @ thr=0.6076
Best Accuracy=0.5000 @ thr=1.9315
AUC=0.2268
Average anomaly score on real class: 1.231587
Inference complete!
Encoder E_xzx_1320.pt: AUC=0.2268, AvgRealScore=1.231587

=== Evaluating encoder: E_xzx_1330.pt ===
G params: 351,073
E params: 123,744
D params: 257,024
C params: 205,313
Balanced accuracy (at median threshold): 0.3057
Best F1=0.6667 @ thr=0.5987
Best Accuracy=0.5000 @ thr=1.9347
AUC=0.2190
Average anomaly score on real class: 1.224608
Inference complete!
Encoder E_xzx_1330.pt: AUC=0.219, AvgRealScore=1.224608

=== Evaluating encoder: E_xzx_1340.pt ===
G params: 351,073
E params: 123,744
D params: 257,024
C params: 205,313
Balanced accuracy (at median threshold): 0.2974
Best F1=0.6667 @ thr=0.6012
Best Accuracy=0.5000 @ thr=1.9171
AUC=0.2106
Average anomaly score on real class: 1.247959
Inference complete!
Encoder E_xzx_1340.pt: AUC=0.2106, AvgRealScore=1.247959

=== Evaluating encoder: E_xzx_1350.pt ===
G params: 351,073
E params: 123,744
D params: 257,024
C params: 205,313
Balanced accuracy (at median threshold): 0.2991
Best F1=0.6667 @ thr=0.5989
Best Accuracy=0.5000 @ thr=1.8702
AUC=0.2121
Average anomaly score on real class: 1.229141
Inference complete!
Encoder E_xzx_1350.pt: AUC=0.2121, AvgRealScore=1.229141

=== Evaluating encoder: E_xzx_1360.pt ===
G params: 351,073
E params: 123,744
D params: 257,024
C params: 205,313
Balanced accuracy (at median threshold): 0.3101
Best F1=0.6667 @ thr=0.6141
Best Accuracy=0.5001 @ thr=1.8805
AUC=0.2287
Average anomaly score on real class: 1.210583
Inference complete!
Encoder E_xzx_1360.pt: AUC=0.2287, AvgRealScore=1.210583

=== Evaluating encoder: E_xzx_1370.pt ===
G params: 351,073
E params: 123,744
D params: 257,024
C params: 205,313
Balanced accuracy (at median threshold): 0.3067
Best F1=0.6667 @ thr=0.5976
Best Accuracy=0.5000 @ thr=1.9505
AUC=0.2247
Average anomaly score on real class: 1.211679
Inference complete!
Encoder E_xzx_1370.pt: AUC=0.2247, AvgRealScore=1.211679

=== Evaluating encoder: E_xzx_1380.pt ===
G params: 351,073
E params: 123,744
D params: 257,024
C params: 205,313
Balanced accuracy (at median threshold): 0.3022
Best F1=0.6667 @ thr=0.6017
Best Accuracy=0.5000 @ thr=1.9286
AUC=0.2156
Average anomaly score on real class: 1.243562
Inference complete!
Encoder E_xzx_1380.pt: AUC=0.2156, AvgRealScore=1.243562

=== Evaluating encoder: E_xzx_1390.pt ===
G params: 351,073
E params: 123,744
D params: 257,024
C params: 205,313
Balanced accuracy (at median threshold): 0.3043
Best F1=0.6667 @ thr=0.6026
Best Accuracy=0.5000 @ thr=1.8875
AUC=0.2216
Average anomaly score on real class: 1.220935
Inference complete!
Encoder E_xzx_1390.pt: AUC=0.2216, AvgRealScore=1.220935

=== Evaluating encoder: E_xzx_140.pt ===
G params: 351,073
E params: 123,744
D params: 257,024
C params: 205,313
Balanced accuracy (at median threshold): 0.2805
Best F1=0.6667 @ thr=0.5720
Best Accuracy=0.5000 @ thr=0.6035
AUC=0.1910
Average anomaly score on real class: 1.200036
Inference complete!
Encoder E_xzx_140.pt: AUC=0.191, AvgRealScore=1.200036

=== Evaluating encoder: E_xzx_1400.pt ===
G params: 351,073
E params: 123,744
D params: 257,024
C params: 205,313
Balanced accuracy (at median threshold): 0.2997
Best F1=0.6667 @ thr=0.6118
Best Accuracy=0.5001 @ thr=1.8814
AUC=0.2128
Average anomaly score on real class: 1.250020
Inference complete!
Encoder E_xzx_1400.pt: AUC=0.2128, AvgRealScore=1.250020

=== Evaluating encoder: E_xzx_1410.pt ===
G params: 351,073
E params: 123,744
D params: 257,024
C params: 205,313
Balanced accuracy (at median threshold): 0.3078
Best F1=0.6667 @ thr=0.6048
Best Accuracy=0.5000 @ thr=1.8829
AUC=0.2256
Average anomaly score on real class: 1.202586
Inference complete!
Encoder E_xzx_1410.pt: AUC=0.2256, AvgRealScore=1.202586

=== Evaluating encoder: E_xzx_1420.pt ===
G params: 351,073
E params: 123,744
D params: 257,024
C params: 205,313
Balanced accuracy (at median threshold): 0.2972
Best F1=0.6667 @ thr=0.6019
Best Accuracy=0.5000 @ thr=1.9145
AUC=0.2156
Average anomaly score on real class: 1.217440
Inference complete!
Encoder E_xzx_1420.pt: AUC=0.2156, AvgRealScore=1.217440

=== Evaluating encoder: E_xzx_1430.pt ===
G params: 351,073
E params: 123,744
D params: 257,024
C params: 205,313
Balanced accuracy (at median threshold): 0.3112
Best F1=0.6667 @ thr=0.6055
Best Accuracy=0.5000 @ thr=1.8599
AUC=0.2312
Average anomaly score on real class: 1.194399
Inference complete!
Encoder E_xzx_1430.pt: AUC=0.2312, AvgRealScore=1.194399

=== Evaluating encoder: E_xzx_1440.pt ===
G params: 351,073
E params: 123,744
D params: 257,024
C params: 205,313
Balanced accuracy (at median threshold): 0.3043
Best F1=0.6667 @ thr=0.5959
Best Accuracy=0.5000 @ thr=1.8775
AUC=0.2243
Average anomaly score on real class: 1.198385
Inference complete!
Encoder E_xzx_1440.pt: AUC=0.2243, AvgRealScore=1.198385

=== Evaluating encoder: E_xzx_1450.pt ===
G params: 351,073
E params: 123,744
D params: 257,024
C params: 205,313
Balanced accuracy (at median threshold): 0.3059
Best F1=0.6667 @ thr=0.5996
Best Accuracy=0.5000 @ thr=1.8691
AUC=0.2221
Average anomaly score on real class: 1.227022
Inference complete!
Encoder E_xzx_1450.pt: AUC=0.2221, AvgRealScore=1.227022

=== Evaluating encoder: E_xzx_1460.pt ===
G params: 351,073
E params: 123,744
D params: 257,024
C params: 205,313
Balanced accuracy (at median threshold): 0.3013
Best F1=0.6667 @ thr=0.6181
Best Accuracy=0.5000 @ thr=1.9440
AUC=0.2124
Average anomaly score on real class: 1.262536
Inference complete!
Encoder E_xzx_1460.pt: AUC=0.2124, AvgRealScore=1.262536

=== Evaluating encoder: E_xzx_1470.pt ===
G params: 351,073
E params: 123,744
D params: 257,024
C params: 205,313
Balanced accuracy (at median threshold): 0.3021
Best F1=0.6667 @ thr=0.6184
Best Accuracy=0.5000 @ thr=1.8747
AUC=0.2175
Average anomaly score on real class: 1.231588
Inference complete!
Encoder E_xzx_1470.pt: AUC=0.2175, AvgRealScore=1.231588

=== Evaluating encoder: E_xzx_1480.pt ===
G params: 351,073
E params: 123,744
D params: 257,024
C params: 205,313
Balanced accuracy (at median threshold): 0.2959
Best F1=0.6667 @ thr=0.6031
Best Accuracy=0.5001 @ thr=1.8411
AUC=0.2109
Average anomaly score on real class: 1.224940
Inference complete!
Encoder E_xzx_1480.pt: AUC=0.2109, AvgRealScore=1.224940

=== Evaluating encoder: E_xzx_1490.pt ===
G params: 351,073
E params: 123,744
D params: 257,024
C params: 205,313
Balanced accuracy (at median threshold): 0.3005
Best F1=0.6667 @ thr=0.6000
Best Accuracy=0.5000 @ thr=1.8896
AUC=0.2183
Average anomaly score on real class: 1.224695
Inference complete!
Encoder E_xzx_1490.pt: AUC=0.2183, AvgRealScore=1.224695

=== Evaluating encoder: E_xzx_150.pt ===
G params: 351,073
E params: 123,744
D params: 257,024
C params: 205,313
Balanced accuracy (at median threshold): 0.2922
Best F1=0.6667 @ thr=0.5716
Best Accuracy=0.5000 @ thr=1.7611
AUC=0.2084
Average anomaly score on real class: 1.129818
Inference complete!
Encoder E_xzx_150.pt: AUC=0.2084, AvgRealScore=1.129818

=== Evaluating encoder: E_xzx_1500.pt ===
G params: 351,073
E params: 123,744
D params: 257,024
C params: 205,313
Balanced accuracy (at median threshold): 0.3055
Best F1=0.6667 @ thr=0.5964
Best Accuracy=0.5000 @ thr=1.8682
AUC=0.2259
Average anomaly score on real class: 1.219970
Inference complete!
Encoder E_xzx_1500.pt: AUC=0.2259, AvgRealScore=1.219970

=== Evaluating encoder: E_xzx_1510.pt ===
G params: 351,073
E params: 123,744
D params: 257,024
C params: 205,313
Balanced accuracy (at median threshold): 0.3049
Best F1=0.6667 @ thr=0.6085
Best Accuracy=0.5000 @ thr=1.9259
AUC=0.2185
Average anomaly score on real class: 1.252662
Inference complete!
Encoder E_xzx_1510.pt: AUC=0.2185, AvgRealScore=1.252662

=== Evaluating encoder: E_xzx_1520.pt ===
G params: 351,073
E params: 123,744
D params: 257,024
C params: 205,313
Balanced accuracy (at median threshold): 0.3064
Best F1=0.6667 @ thr=0.5809
Best Accuracy=0.5001 @ thr=1.9165
AUC=0.2214
Average anomaly score on real class: 1.228914
Inference complete!
Encoder E_xzx_1520.pt: AUC=0.2214, AvgRealScore=1.228914

=== Evaluating encoder: E_xzx_1530.pt ===
G params: 351,073
E params: 123,744
D params: 257,024
C params: 205,313
Balanced accuracy (at median threshold): 0.3043
Best F1=0.6667 @ thr=0.6006
Best Accuracy=0.5000 @ thr=1.9308
AUC=0.2196
Average anomaly score on real class: 1.254070
Inference complete!
Encoder E_xzx_1530.pt: AUC=0.2196, AvgRealScore=1.254070

=== Evaluating encoder: E_xzx_1540.pt ===
G params: 351,073
E params: 123,744
D params: 257,024
C params: 205,313
Balanced accuracy (at median threshold): 0.3140
Best F1=0.6667 @ thr=0.5872
Best Accuracy=0.5000 @ thr=1.8861
AUC=0.2349
Average anomaly score on real class: 1.187042
Inference complete!
Encoder E_xzx_1540.pt: AUC=0.2349, AvgRealScore=1.187042

=== Evaluating encoder: E_xzx_1550.pt ===
G params: 351,073
E params: 123,744
D params: 257,024
C params: 205,313
Balanced accuracy (at median threshold): 0.3160
Best F1=0.6667 @ thr=0.6045
Best Accuracy=0.5000 @ thr=1.8963
AUC=0.2345
Average anomaly score on real class: 1.187833
Inference complete!
Encoder E_xzx_1550.pt: AUC=0.2345, AvgRealScore=1.187833

=== Evaluating encoder: E_xzx_1560.pt ===
G params: 351,073
E params: 123,744
D params: 257,024
C params: 205,313
Balanced accuracy (at median threshold): 0.3073
Best F1=0.6667 @ thr=0.6190
Best Accuracy=0.5000 @ thr=1.8715
AUC=0.2311
Average anomaly score on real class: 1.212114
Inference complete!
Encoder E_xzx_1560.pt: AUC=0.2311, AvgRealScore=1.212114

=== Evaluating encoder: E_xzx_1570.pt ===
G params: 351,073
E params: 123,744
D params: 257,024
C params: 205,313
Balanced accuracy (at median threshold): 0.3058
Best F1=0.6667 @ thr=0.5829
Best Accuracy=0.5000 @ thr=1.9405
AUC=0.2195
Average anomaly score on real class: 1.234478
Inference complete!
Encoder E_xzx_1570.pt: AUC=0.2195, AvgRealScore=1.234478

=== Evaluating encoder: E_xzx_1580.pt ===
G params: 351,073
E params: 123,744
D params: 257,024
C params: 205,313
Balanced accuracy (at median threshold): 0.2931
Best F1=0.6667 @ thr=0.6128
Best Accuracy=0.5000 @ thr=1.9194
AUC=0.2067
Average anomaly score on real class: 1.260648
Inference complete!
Encoder E_xzx_1580.pt: AUC=0.2067, AvgRealScore=1.260648

=== Evaluating encoder: E_xzx_1590.pt ===
G params: 351,073
E params: 123,744
D params: 257,024
C params: 205,313
Balanced accuracy (at median threshold): 0.2961
Best F1=0.6667 @ thr=0.6106
Best Accuracy=0.5001 @ thr=1.9001
AUC=0.2102
Average anomaly score on real class: 1.237091
Inference complete!
Encoder E_xzx_1590.pt: AUC=0.2102, AvgRealScore=1.237091

=== Evaluating encoder: E_xzx_160.pt ===
G params: 351,073
E params: 123,744
D params: 257,024
C params: 205,313
Balanced accuracy (at median threshold): 0.2908
Best F1=0.6667 @ thr=0.5773
Best Accuracy=0.5000 @ thr=1.7529
AUC=0.2064
Average anomaly score on real class: 1.134284
Inference complete!
Encoder E_xzx_160.pt: AUC=0.2064, AvgRealScore=1.134284

=== Evaluating encoder: E_xzx_1600.pt ===
G params: 351,073
E params: 123,744
D params: 257,024
C params: 205,313
Balanced accuracy (at median threshold): 0.3205
Best F1=0.6667 @ thr=0.6090
Best Accuracy=0.5000 @ thr=1.8763
AUC=0.2422
Average anomaly score on real class: 1.186730
Inference complete!
Encoder E_xzx_1600.pt: AUC=0.2422, AvgRealScore=1.186730

=== Evaluating encoder: E_xzx_1610.pt ===
G params: 351,073
E params: 123,744
D params: 257,024
C params: 205,313
Balanced accuracy (at median threshold): 0.3064
Best F1=0.6667 @ thr=0.5997
Best Accuracy=0.5000 @ thr=1.9148
AUC=0.2223
Average anomaly score on real class: 1.235538
Inference complete!
Encoder E_xzx_1610.pt: AUC=0.2223, AvgRealScore=1.235538

=== Evaluating encoder: E_xzx_1620.pt ===
G params: 351,073
E params: 123,744
D params: 257,024
C params: 205,313
Balanced accuracy (at median threshold): 0.3004
Best F1=0.6667 @ thr=0.6000
Best Accuracy=0.5000 @ thr=1.9386
AUC=0.2129
Average anomaly score on real class: 1.248200
Inference complete!
Encoder E_xzx_1620.pt: AUC=0.2129, AvgRealScore=1.248200

=== Evaluating encoder: E_xzx_1630.pt ===
G params: 351,073
E params: 123,744
D params: 257,024
C params: 205,313
Balanced accuracy (at median threshold): 0.2948
Best F1=0.6667 @ thr=0.6079
Best Accuracy=0.5000 @ thr=1.9262
AUC=0.2050
Average anomaly score on real class: 1.275219
Inference complete!
Encoder E_xzx_1630.pt: AUC=0.205, AvgRealScore=1.275219

=== Evaluating encoder: E_xzx_1640.pt ===
G params: 351,073
E params: 123,744
D params: 257,024
C params: 205,313
Balanced accuracy (at median threshold): 0.3072
Best F1=0.6667 @ thr=0.6132
Best Accuracy=0.5000 @ thr=1.9271
AUC=0.2247
Average anomaly score on real class: 1.234748
Inference complete!
Encoder E_xzx_1640.pt: AUC=0.2247, AvgRealScore=1.234748

=== Evaluating encoder: E_xzx_1650.pt ===
G params: 351,073
E params: 123,744
D params: 257,024
C params: 205,313
Balanced accuracy (at median threshold): 0.3054
Best F1=0.6667 @ thr=0.6057
Best Accuracy=0.5000 @ thr=1.9354
AUC=0.2215
Average anomaly score on real class: 1.228966
Inference complete!
Encoder E_xzx_1650.pt: AUC=0.2215, AvgRealScore=1.228966

=== Evaluating encoder: E_xzx_1660.pt ===
G params: 351,073
E params: 123,744
D params: 257,024
C params: 205,313
Balanced accuracy (at median threshold): 0.3032
Best F1=0.6667 @ thr=0.6161
Best Accuracy=0.5000 @ thr=1.9126
AUC=0.2208
Average anomaly score on real class: 1.230246
Inference complete!
Encoder E_xzx_1660.pt: AUC=0.2208, AvgRealScore=1.230246

=== Evaluating encoder: E_xzx_1670.pt ===
G params: 351,073
E params: 123,744
D params: 257,024
C params: 205,313
Balanced accuracy (at median threshold): 0.3131
Best F1=0.6667 @ thr=0.6122
Best Accuracy=0.5000 @ thr=1.9519
AUC=0.2303
Average anomaly score on real class: 1.219189
Inference complete!
Encoder E_xzx_1670.pt: AUC=0.2303, AvgRealScore=1.219189

=== Evaluating encoder: E_xzx_1680.pt ===
G params: 351,073
E params: 123,744
D params: 257,024
C params: 205,313
Balanced accuracy (at median threshold): 0.3076
Best F1=0.6667 @ thr=0.6014
Best Accuracy=0.5000 @ thr=1.8924
AUC=0.2267
Average anomaly score on real class: 1.219516
Inference complete!
Encoder E_xzx_1680.pt: AUC=0.2267, AvgRealScore=1.219516

=== Evaluating encoder: E_xzx_1690.pt ===
G params: 351,073
E params: 123,744
D params: 257,024
C params: 205,313
Balanced accuracy (at median threshold): 0.3028
Best F1=0.6667 @ thr=0.5895
Best Accuracy=0.5001 @ thr=1.9155
AUC=0.2166
Average anomaly score on real class: 1.253622
Inference complete!
Encoder E_xzx_1690.pt: AUC=0.2166, AvgRealScore=1.253622

=== Evaluating encoder: E_xzx_170.pt ===
G params: 351,073
E params: 123,744
D params: 257,024
C params: 205,313
Balanced accuracy (at median threshold): 0.2871
Best F1=0.6667 @ thr=0.5726
Best Accuracy=0.5000 @ thr=0.6009
AUC=0.2050
Average anomaly score on real class: 1.135719
Inference complete!
Encoder E_xzx_170.pt: AUC=0.205, AvgRealScore=1.135719

=== Evaluating encoder: E_xzx_1700.pt ===
G params: 351,073
E params: 123,744
D params: 257,024
C params: 205,313
Balanced accuracy (at median threshold): 0.3044
Best F1=0.6667 @ thr=0.5997
Best Accuracy=0.5000 @ thr=1.8642
AUC=0.2243
Average anomaly score on real class: 1.204065
Inference complete!
Encoder E_xzx_1700.pt: AUC=0.2243, AvgRealScore=1.204065

=== Evaluating encoder: E_xzx_1710.pt ===
G params: 351,073
E params: 123,744
D params: 257,024
C params: 205,313
Balanced accuracy (at median threshold): 0.3169
Best F1=0.6667 @ thr=0.6072
Best Accuracy=0.5000 @ thr=1.9150
AUC=0.2377
Average anomaly score on real class: 1.206398
Inference complete!
Encoder E_xzx_1710.pt: AUC=0.2377, AvgRealScore=1.206398

=== Evaluating encoder: E_xzx_1720.pt ===
G params: 351,073
E params: 123,744
D params: 257,024
C params: 205,313
Balanced accuracy (at median threshold): 0.3100
Best F1=0.6667 @ thr=0.5950
Best Accuracy=0.5000 @ thr=1.9167
AUC=0.2299
Average anomaly score on real class: 1.218146
Inference complete!
Encoder E_xzx_1720.pt: AUC=0.2299, AvgRealScore=1.218146

=== Evaluating encoder: E_xzx_1730.pt ===
G params: 351,073
E params: 123,744
D params: 257,024
C params: 205,313
Balanced accuracy (at median threshold): 0.3041
Best F1=0.6667 @ thr=0.5991
Best Accuracy=0.5000 @ thr=1.8727
AUC=0.2227
Average anomaly score on real class: 1.228944
Inference complete!
Encoder E_xzx_1730.pt: AUC=0.2227, AvgRealScore=1.228944

=== Evaluating encoder: E_xzx_1740.pt ===
G params: 351,073
E params: 123,744
D params: 257,024
C params: 205,313
Balanced accuracy (at median threshold): 0.2988
Best F1=0.6667 @ thr=0.6138
Best Accuracy=0.5000 @ thr=1.9340
AUC=0.2107
Average anomaly score on real class: 1.248787
Inference complete!
Encoder E_xzx_1740.pt: AUC=0.2107, AvgRealScore=1.248787

=== Evaluating encoder: E_xzx_1750.pt ===
G params: 351,073
E params: 123,744
D params: 257,024
C params: 205,313
Balanced accuracy (at median threshold): 0.3143
Best F1=0.6667 @ thr=0.5895
Best Accuracy=0.5000 @ thr=1.8925
AUC=0.2372
Average anomaly score on real class: 1.194135
Inference complete!
Encoder E_xzx_1750.pt: AUC=0.2372, AvgRealScore=1.194135

=== Evaluating encoder: E_xzx_1760.pt ===
G params: 351,073
E params: 123,744
D params: 257,024
C params: 205,313
Balanced accuracy (at median threshold): 0.3304
Best F1=0.6667 @ thr=0.6143
Best Accuracy=0.5000 @ thr=1.8757
AUC=0.2582
Average anomaly score on real class: 1.165628
Inference complete!
Encoder E_xzx_1760.pt: AUC=0.2582, AvgRealScore=1.165628

=== Evaluating encoder: E_xzx_1770.pt ===
G params: 351,073
E params: 123,744
D params: 257,024
C params: 205,313
Balanced accuracy (at median threshold): 0.3122
Best F1=0.6667 @ thr=0.5864
Best Accuracy=0.5000 @ thr=1.9726
AUC=0.2287
Average anomaly score on real class: 1.236705
Inference complete!
Encoder E_xzx_1770.pt: AUC=0.2287, AvgRealScore=1.236705

=== Evaluating encoder: E_xzx_1780.pt ===
G params: 351,073
E params: 123,744
D params: 257,024
C params: 205,313
Balanced accuracy (at median threshold): 0.3248
Best F1=0.6667 @ thr=0.5881
Best Accuracy=0.5000 @ thr=1.8918
AUC=0.2493
Average anomaly score on real class: 1.177251
Inference complete!
Encoder E_xzx_1780.pt: AUC=0.2493, AvgRealScore=1.177251

=== Evaluating encoder: E_xzx_1790.pt ===
G params: 351,073
E params: 123,744
D params: 257,024
C params: 205,313
Balanced accuracy (at median threshold): 0.3072
Best F1=0.6667 @ thr=0.6081
Best Accuracy=0.5000 @ thr=1.9287
AUC=0.2233
Average anomaly score on real class: 1.240104
Inference complete!
Encoder E_xzx_1790.pt: AUC=0.2233, AvgRealScore=1.240104

=== Evaluating encoder: E_xzx_180.pt ===
G params: 351,073
E params: 123,744
D params: 257,024
C params: 205,313
Balanced accuracy (at median threshold): 0.2837
Best F1=0.6667 @ thr=0.5754
Best Accuracy=0.5000 @ thr=1.8197
AUC=0.1931
Average anomaly score on real class: 1.184456
Inference complete!
Encoder E_xzx_180.pt: AUC=0.1931, AvgRealScore=1.184456

=== Evaluating encoder: E_xzx_1800.pt ===
G params: 351,073
E params: 123,744
D params: 257,024
C params: 205,313
Balanced accuracy (at median threshold): 0.3155
Best F1=0.6667 @ thr=0.5883
Best Accuracy=0.5000 @ thr=1.8536
AUC=0.2454
Average anomaly score on real class: 1.160637
Inference complete!
Encoder E_xzx_1800.pt: AUC=0.2454, AvgRealScore=1.160637

=== Evaluating encoder: E_xzx_1810.pt ===
G params: 351,073
E params: 123,744
D params: 257,024
C params: 205,313
Balanced accuracy (at median threshold): 0.3164
Best F1=0.6667 @ thr=0.5913
Best Accuracy=0.5000 @ thr=1.9421
AUC=0.2380
Average anomaly score on real class: 1.212974
Inference complete!
Encoder E_xzx_1810.pt: AUC=0.238, AvgRealScore=1.212974

=== Evaluating encoder: E_xzx_1820.pt ===
G params: 351,073
E params: 123,744
D params: 257,024
C params: 205,313
Balanced accuracy (at median threshold): 0.3104
Best F1=0.6667 @ thr=0.6034
Best Accuracy=0.5000 @ thr=1.9041
AUC=0.2312
Average anomaly score on real class: 1.217709
Inference complete!
Encoder E_xzx_1820.pt: AUC=0.2312, AvgRealScore=1.217709

=== Evaluating encoder: E_xzx_1830.pt ===
G params: 351,073
E params: 123,744
D params: 257,024
C params: 205,313
Balanced accuracy (at median threshold): 0.3159
Best F1=0.6667 @ thr=0.6056
Best Accuracy=0.5000 @ thr=1.9141
AUC=0.2322
Average anomaly score on real class: 1.217981
Inference complete!
Encoder E_xzx_1830.pt: AUC=0.2322, AvgRealScore=1.217981

=== Evaluating encoder: E_xzx_1840.pt ===
G params: 351,073
E params: 123,744
D params: 257,024
C params: 205,313
Balanced accuracy (at median threshold): 0.3106
Best F1=0.6667 @ thr=0.6044
Best Accuracy=0.5000 @ thr=1.9278
AUC=0.2283
Average anomaly score on real class: 1.221985
Inference complete!
Encoder E_xzx_1840.pt: AUC=0.2283, AvgRealScore=1.221985

=== Evaluating encoder: E_xzx_1850.pt ===
G params: 351,073
E params: 123,744
D params: 257,024
C params: 205,313
Balanced accuracy (at median threshold): 0.2979
Best F1=0.6667 @ thr=0.6054
Best Accuracy=0.5000 @ thr=1.9282
AUC=0.2132
Average anomaly score on real class: 1.256276
Inference complete!
Encoder E_xzx_1850.pt: AUC=0.2132, AvgRealScore=1.256276

=== Evaluating encoder: E_xzx_1860.pt ===
G params: 351,073
E params: 123,744
D params: 257,024
C params: 205,313
Balanced accuracy (at median threshold): 0.2993
Best F1=0.6667 @ thr=0.5891
Best Accuracy=0.5000 @ thr=1.9455
AUC=0.2152
Average anomaly score on real class: 1.250738
Inference complete!
Encoder E_xzx_1860.pt: AUC=0.2152, AvgRealScore=1.250738

=== Evaluating encoder: E_xzx_1870.pt ===
G params: 351,073
E params: 123,744
D params: 257,024
C params: 205,313
Balanced accuracy (at median threshold): 0.3164
Best F1=0.6667 @ thr=0.5861
Best Accuracy=0.5000 @ thr=1.9164
AUC=0.2351
Average anomaly score on real class: 1.204330
Inference complete!
Encoder E_xzx_1870.pt: AUC=0.2351, AvgRealScore=1.204330

=== Evaluating encoder: E_xzx_1880.pt ===
G params: 351,073
E params: 123,744
D params: 257,024
C params: 205,313
Balanced accuracy (at median threshold): 0.3053
Best F1=0.6667 @ thr=0.6116
Best Accuracy=0.5000 @ thr=1.8870
AUC=0.2239
Average anomaly score on real class: 1.220064
Inference complete!
Encoder E_xzx_1880.pt: AUC=0.2239, AvgRealScore=1.220064

=== Evaluating encoder: E_xzx_1890.pt ===
G params: 351,073
E params: 123,744
D params: 257,024
C params: 205,313
Balanced accuracy (at median threshold): 0.3057
Best F1=0.6667 @ thr=0.5942
Best Accuracy=0.5000 @ thr=1.9069
AUC=0.2288
Average anomaly score on real class: 1.210615
Inference complete!
Encoder E_xzx_1890.pt: AUC=0.2288, AvgRealScore=1.210615

=== Evaluating encoder: E_xzx_190.pt ===
G params: 351,073
E params: 123,744
D params: 257,024
C params: 205,313
Balanced accuracy (at median threshold): 0.2709
Best F1=0.6667 @ thr=0.5752
Best Accuracy=0.5000 @ thr=1.8611
AUC=0.1753
Average anomaly score on real class: 1.237204
Inference complete!
Encoder E_xzx_190.pt: AUC=0.1753, AvgRealScore=1.237204

=== Evaluating encoder: E_xzx_1900.pt ===
G params: 351,073
E params: 123,744
D params: 257,024
C params: 205,313
Balanced accuracy (at median threshold): 0.3129
Best F1=0.6667 @ thr=0.6167
Best Accuracy=0.5000 @ thr=1.9096
AUC=0.2336
Average anomaly score on real class: 1.213625
Inference complete!
Encoder E_xzx_1900.pt: AUC=0.2336, AvgRealScore=1.213625

=== Evaluating encoder: E_xzx_1910.pt ===
G params: 351,073
E params: 123,744
D params: 257,024
C params: 205,313
Balanced accuracy (at median threshold): 0.2971
Best F1=0.6667 @ thr=0.6061
Best Accuracy=0.5000 @ thr=1.9314
AUC=0.2113
Average anomaly score on real class: 1.256811
Inference complete!
Encoder E_xzx_1910.pt: AUC=0.2113, AvgRealScore=1.256811

=== Evaluating encoder: E_xzx_1920.pt ===
G params: 351,073
E params: 123,744
D params: 257,024
C params: 205,313
Balanced accuracy (at median threshold): 0.3066
Best F1=0.6667 @ thr=0.5924
Best Accuracy=0.5000 @ thr=1.9045
AUC=0.2230
Average anomaly score on real class: 1.239663
Inference complete!
Encoder E_xzx_1920.pt: AUC=0.223, AvgRealScore=1.239663

=== Evaluating encoder: E_xzx_1930.pt ===
G params: 351,073
E params: 123,744
D params: 257,024
C params: 205,313
Balanced accuracy (at median threshold): 0.2926
Best F1=0.6667 @ thr=0.6197
Best Accuracy=0.5000 @ thr=1.8743
AUC=0.2108
Average anomaly score on real class: 1.247202
Inference complete!
Encoder E_xzx_1930.pt: AUC=0.2108, AvgRealScore=1.247202

=== Evaluating encoder: E_xzx_1940.pt ===
G params: 351,073
E params: 123,744
D params: 257,024
C params: 205,313
Balanced accuracy (at median threshold): 0.3150
Best F1=0.6667 @ thr=0.5735
Best Accuracy=0.5000 @ thr=1.9007
AUC=0.2378
Average anomaly score on real class: 1.204513
Inference complete!
Encoder E_xzx_1940.pt: AUC=0.2378, AvgRealScore=1.204513

=== Evaluating encoder: E_xzx_1950.pt ===
G params: 351,073
E params: 123,744
D params: 257,024
C params: 205,313
Balanced accuracy (at median threshold): 0.3119
Best F1=0.6667 @ thr=0.6015
Best Accuracy=0.5000 @ thr=1.9347
AUC=0.2324
Average anomaly score on real class: 1.201548
Inference complete!
Encoder E_xzx_1950.pt: AUC=0.2324, AvgRealScore=1.201548

=== Evaluating encoder: E_xzx_1960.pt ===
G params: 351,073
E params: 123,744
D params: 257,024
C params: 205,313
Balanced accuracy (at median threshold): 0.3119
Best F1=0.6667 @ thr=0.5979
Best Accuracy=0.5000 @ thr=1.9642
AUC=0.2290
Average anomaly score on real class: 1.231273
Inference complete!
Encoder E_xzx_1960.pt: AUC=0.229, AvgRealScore=1.231273

=== Evaluating encoder: E_xzx_1970.pt ===
G params: 351,073
E params: 123,744
D params: 257,024
C params: 205,313
Balanced accuracy (at median threshold): 0.3265
Best F1=0.6667 @ thr=0.5889
Best Accuracy=0.5000 @ thr=1.8796
AUC=0.2553
Average anomaly score on real class: 1.157679
Inference complete!
Encoder E_xzx_1970.pt: AUC=0.2553, AvgRealScore=1.157679

=== Evaluating encoder: E_xzx_1980.pt ===
G params: 351,073
E params: 123,744
D params: 257,024
C params: 205,313
Balanced accuracy (at median threshold): 0.3186
Best F1=0.6667 @ thr=0.5987
Best Accuracy=0.5000 @ thr=1.9012
AUC=0.2439
Average anomaly score on real class: 1.182916
Inference complete!
Encoder E_xzx_1980.pt: AUC=0.2439, AvgRealScore=1.182916

=== Evaluating encoder: E_xzx_1990.pt ===
G params: 351,073
E params: 123,744
D params: 257,024
C params: 205,313
Balanced accuracy (at median threshold): 0.2980
Best F1=0.6667 @ thr=0.5926
Best Accuracy=0.5000 @ thr=1.9698
AUC=0.2113
Average anomaly score on real class: 1.272102
Inference complete!
Encoder E_xzx_1990.pt: AUC=0.2113, AvgRealScore=1.272102

=== Evaluating encoder: E_xzx_20.pt ===
G params: 351,073
E params: 123,744
D params: 257,024
C params: 205,313
Balanced accuracy (at median threshold): 0.2888
Best F1=0.6667 @ thr=0.6071
Best Accuracy=0.5000 @ thr=1.7392
AUC=0.2002
Average anomaly score on real class: 1.159049
Inference complete!
Encoder E_xzx_20.pt: AUC=0.2002, AvgRealScore=1.159049

=== Evaluating encoder: E_xzx_200.pt ===
G params: 351,073
E params: 123,744
D params: 257,024
C params: 205,313
Balanced accuracy (at median threshold): 0.2745
Best F1=0.6667 @ thr=0.5721
Best Accuracy=0.5000 @ thr=1.7630
AUC=0.1829
Average anomaly score on real class: 1.186634
Inference complete!
Encoder E_xzx_200.pt: AUC=0.1829, AvgRealScore=1.186634

=== Evaluating encoder: E_xzx_2000.pt ===
G params: 351,073
E params: 123,744
D params: 257,024
C params: 205,313
Balanced accuracy (at median threshold): 0.3018
Best F1=0.6667 @ thr=0.6058
Best Accuracy=0.5000 @ thr=1.9492
AUC=0.2156
Average anomaly score on real class: 1.257556
Inference complete!
Encoder E_xzx_2000.pt: AUC=0.2156, AvgRealScore=1.257556

=== Evaluating encoder: E_xzx_2010.pt ===
G params: 351,073
E params: 123,744
D params: 257,024
C params: 205,313
Balanced accuracy (at median threshold): 0.3078
Best F1=0.6667 @ thr=0.5922
Best Accuracy=0.5000 @ thr=1.9383
AUC=0.2253
Average anomaly score on real class: 1.232461
Inference complete!
Encoder E_xzx_2010.pt: AUC=0.2253, AvgRealScore=1.232461

=== Evaluating encoder: E_xzx_2020.pt ===
G params: 351,073
E params: 123,744
D params: 257,024
C params: 205,313
Balanced accuracy (at median threshold): 0.2968
Best F1=0.6667 @ thr=0.5828
Best Accuracy=0.5000 @ thr=1.9551
AUC=0.2101
Average anomaly score on real class: 1.277536
Inference complete!
Encoder E_xzx_2020.pt: AUC=0.2101, AvgRealScore=1.277536

=== Evaluating encoder: E_xzx_2030.pt ===
G params: 351,073
E params: 123,744
D params: 257,024
C params: 205,313
Balanced accuracy (at median threshold): 0.3082
Best F1=0.6667 @ thr=0.6043
Best Accuracy=0.5000 @ thr=1.9395
AUC=0.2272
Average anomaly score on real class: 1.227758
Inference complete!
Encoder E_xzx_2030.pt: AUC=0.2272, AvgRealScore=1.227758

=== Evaluating encoder: E_xzx_2040.pt ===
G params: 351,073
E params: 123,744
D params: 257,024
C params: 205,313
Balanced accuracy (at median threshold): 0.2972
Best F1=0.6667 @ thr=0.6031
Best Accuracy=0.5000 @ thr=1.9364
AUC=0.2110
Average anomaly score on real class: 1.267581
Inference complete!
Encoder E_xzx_2040.pt: AUC=0.211, AvgRealScore=1.267581

=== Evaluating encoder: E_xzx_2050.pt ===
G params: 351,073
E params: 123,744
D params: 257,024
C params: 205,313
Balanced accuracy (at median threshold): 0.3119
Best F1=0.6667 @ thr=0.5971
Best Accuracy=0.5000 @ thr=1.9916
AUC=0.2293
Average anomaly score on real class: 1.230589
Inference complete!
Encoder E_xzx_2050.pt: AUC=0.2293, AvgRealScore=1.230589

=== Evaluating encoder: E_xzx_2060.pt ===
G params: 351,073
E params: 123,744
D params: 257,024
C params: 205,313
Balanced accuracy (at median threshold): 0.2985
Best F1=0.6667 @ thr=0.6129
Best Accuracy=0.5000 @ thr=2.0101
AUC=0.2102
Average anomaly score on real class: 1.300490
Inference complete!
Encoder E_xzx_2060.pt: AUC=0.2102, AvgRealScore=1.300490

=== Evaluating encoder: E_xzx_2070.pt ===
G params: 351,073
E params: 123,744
D params: 257,024
C params: 205,313
Balanced accuracy (at median threshold): 0.3030
Best F1=0.6667 @ thr=0.5855
Best Accuracy=0.5000 @ thr=1.9495
AUC=0.2193
Average anomaly score on real class: 1.241514
Inference complete!
Encoder E_xzx_2070.pt: AUC=0.2193, AvgRealScore=1.241514

=== Evaluating encoder: E_xzx_2080.pt ===
G params: 351,073
E params: 123,744
D params: 257,024
C params: 205,313
Balanced accuracy (at median threshold): 0.3086
Best F1=0.6667 @ thr=0.6141
Best Accuracy=0.5000 @ thr=1.9303
AUC=0.2265
Average anomaly score on real class: 1.231518
Inference complete!
Encoder E_xzx_2080.pt: AUC=0.2265, AvgRealScore=1.231518

=== Evaluating encoder: E_xzx_2090.pt ===
G params: 351,073
E params: 123,744
D params: 257,024
C params: 205,313
Balanced accuracy (at median threshold): 0.3025
Best F1=0.6667 @ thr=0.6023
Best Accuracy=0.5000 @ thr=1.9652
AUC=0.2163
Average anomaly score on real class: 1.261356
Inference complete!
Encoder E_xzx_2090.pt: AUC=0.2163, AvgRealScore=1.261356

=== Evaluating encoder: E_xzx_210.pt ===
G params: 351,073
E params: 123,744
D params: 257,024
C params: 205,313
Balanced accuracy (at median threshold): 0.2816
Best F1=0.6667 @ thr=0.5651
Best Accuracy=0.5000 @ thr=1.7853
AUC=0.1916
Average anomaly score on real class: 1.177277
Inference complete!
Encoder E_xzx_210.pt: AUC=0.1916, AvgRealScore=1.177277

=== Evaluating encoder: E_xzx_2100.pt ===
G params: 351,073
E params: 123,744
D params: 257,024
C params: 205,313
Balanced accuracy (at median threshold): 0.3147
Best F1=0.6667 @ thr=0.5890
Best Accuracy=0.5000 @ thr=1.9576
AUC=0.2294
Average anomaly score on real class: 1.250115
Inference complete!
Encoder E_xzx_2100.pt: AUC=0.2294, AvgRealScore=1.250115

=== Evaluating encoder: E_xzx_2110.pt ===
G params: 351,073
E params: 123,744
D params: 257,024
C params: 205,313
Balanced accuracy (at median threshold): 0.2995
Best F1=0.6667 @ thr=0.5996
Best Accuracy=0.5000 @ thr=1.9246
AUC=0.2150
Average anomaly score on real class: 1.257399
Inference complete!
Encoder E_xzx_2110.pt: AUC=0.215, AvgRealScore=1.257399

=== Evaluating encoder: E_xzx_2120.pt ===
G params: 351,073
E params: 123,744
D params: 257,024
C params: 205,313
Balanced accuracy (at median threshold): 0.2991
Best F1=0.6667 @ thr=0.6079
Best Accuracy=0.5000 @ thr=1.9011
AUC=0.2206
Average anomaly score on real class: 1.214483
Inference complete!
Encoder E_xzx_2120.pt: AUC=0.2206, AvgRealScore=1.214483

=== Evaluating encoder: E_xzx_2130.pt ===
G params: 351,073
E params: 123,744
D params: 257,024
C params: 205,313
Balanced accuracy (at median threshold): 0.3040
Best F1=0.6667 @ thr=0.6016
Best Accuracy=0.5000 @ thr=1.9819
AUC=0.2194
Average anomaly score on real class: 1.247049
Inference complete!
Encoder E_xzx_2130.pt: AUC=0.2194, AvgRealScore=1.247049

=== Evaluating encoder: E_xzx_2140.pt ===
G params: 351,073
E params: 123,744
D params: 257,024
C params: 205,313
Balanced accuracy (at median threshold): 0.3202
Best F1=0.6667 @ thr=0.5981
Best Accuracy=0.5000 @ thr=1.9108
AUC=0.2494
Average anomaly score on real class: 1.173093
Inference complete!
Encoder E_xzx_2140.pt: AUC=0.2494, AvgRealScore=1.173093

=== Evaluating encoder: E_xzx_2150.pt ===
G params: 351,073
E params: 123,744
D params: 257,024
C params: 205,313
Balanced accuracy (at median threshold): 0.3049
Best F1=0.6667 @ thr=0.6027
Best Accuracy=0.5000 @ thr=1.9550
AUC=0.2195
Average anomaly score on real class: 1.257142
Inference complete!
Encoder E_xzx_2150.pt: AUC=0.2195, AvgRealScore=1.257142

=== Evaluating encoder: E_xzx_2160.pt ===
G params: 351,073
E params: 123,744
D params: 257,024
C params: 205,313
Balanced accuracy (at median threshold): 0.2959
Best F1=0.6667 @ thr=0.5884
Best Accuracy=0.5000 @ thr=1.9807
AUC=0.2079
Average anomaly score on real class: 1.275364
Inference complete!
Encoder E_xzx_2160.pt: AUC=0.2079, AvgRealScore=1.275364

=== Evaluating encoder: E_xzx_2170.pt ===
G params: 351,073
E params: 123,744
D params: 257,024
C params: 205,313
Balanced accuracy (at median threshold): 0.3085
Best F1=0.6667 @ thr=0.6066
Best Accuracy=0.5000 @ thr=1.9458
AUC=0.2254
Average anomaly score on real class: 1.229963
Inference complete!
Encoder E_xzx_2170.pt: AUC=0.2254, AvgRealScore=1.229963

=== Evaluating encoder: E_xzx_2180.pt ===
G params: 351,073
E params: 123,744
D params: 257,024
C params: 205,313
Balanced accuracy (at median threshold): 0.3128
Best F1=0.6667 @ thr=0.6044
Best Accuracy=0.5000 @ thr=1.9756
AUC=0.2318
Average anomaly score on real class: 1.240973
Inference complete!
Encoder E_xzx_2180.pt: AUC=0.2318, AvgRealScore=1.240973

=== Evaluating encoder: E_xzx_2190.pt ===
G params: 351,073
E params: 123,744
D params: 257,024
C params: 205,313
Balanced accuracy (at median threshold): 0.3003
Best F1=0.6667 @ thr=0.6035
Best Accuracy=0.5000 @ thr=1.9526
AUC=0.2160
Average anomaly score on real class: 1.259987
Inference complete!
Encoder E_xzx_2190.pt: AUC=0.216, AvgRealScore=1.259987

=== Evaluating encoder: E_xzx_220.pt ===
G params: 351,073
E params: 123,744
D params: 257,024
C params: 205,313
Balanced accuracy (at median threshold): 0.2864
Best F1=0.6667 @ thr=0.5771
Best Accuracy=0.5000 @ thr=1.7673
AUC=0.1958
Average anomaly score on real class: 1.168840
Inference complete!
Encoder E_xzx_220.pt: AUC=0.1958, AvgRealScore=1.168840

=== Evaluating encoder: E_xzx_2200.pt ===
G params: 351,073
E params: 123,744
D params: 257,024
C params: 205,313
Balanced accuracy (at median threshold): 0.3251
Best F1=0.6667 @ thr=0.5813
Best Accuracy=0.5000 @ thr=1.9293
AUC=0.2482
Average anomaly score on real class: 1.197301
Inference complete!
Encoder E_xzx_2200.pt: AUC=0.2482, AvgRealScore=1.197301

=== Evaluating encoder: E_xzx_2210.pt ===
G params: 351,073
E params: 123,744
D params: 257,024
C params: 205,313
Balanced accuracy (at median threshold): 0.3142
Best F1=0.6667 @ thr=0.5979
Best Accuracy=0.5000 @ thr=1.9672
AUC=0.2326
Average anomaly score on real class: 1.236880
Inference complete!
Encoder E_xzx_2210.pt: AUC=0.2326, AvgRealScore=1.236880

=== Evaluating encoder: E_xzx_2220.pt ===
G params: 351,073
E params: 123,744
D params: 257,024
C params: 205,313
Balanced accuracy (at median threshold): 0.3110
Best F1=0.6667 @ thr=0.6150
Best Accuracy=0.5000 @ thr=1.9418
AUC=0.2290
Average anomaly score on real class: 1.242383
Inference complete!
Encoder E_xzx_2220.pt: AUC=0.229, AvgRealScore=1.242383

=== Evaluating encoder: E_xzx_2230.pt ===
G params: 351,073
E params: 123,744
D params: 257,024
C params: 205,313
Balanced accuracy (at median threshold): 0.3227
Best F1=0.6667 @ thr=0.5835
Best Accuracy=0.5000 @ thr=1.9590
AUC=0.2483
Average anomaly score on real class: 1.201035
Inference complete!
Encoder E_xzx_2230.pt: AUC=0.2483, AvgRealScore=1.201035

=== Evaluating encoder: E_xzx_2240.pt ===
G params: 351,073
E params: 123,744
D params: 257,024
C params: 205,313
Balanced accuracy (at median threshold): 0.3041
Best F1=0.6667 @ thr=0.6052
Best Accuracy=0.5000 @ thr=2.0036
AUC=0.2170
Average anomaly score on real class: 1.270599
Inference complete!
Encoder E_xzx_2240.pt: AUC=0.217, AvgRealScore=1.270599

=== Evaluating encoder: E_xzx_2250.pt ===
G params: 351,073
E params: 123,744
D params: 257,024
C params: 205,313
Balanced accuracy (at median threshold): 0.3086
Best F1=0.6667 @ thr=0.6089
Best Accuracy=0.5000 @ thr=1.9657
AUC=0.2247
Average anomaly score on real class: 1.242239
Inference complete!
Encoder E_xzx_2250.pt: AUC=0.2247, AvgRealScore=1.242239

=== Evaluating encoder: E_xzx_2260.pt ===
G params: 351,073
E params: 123,744
D params: 257,024
C params: 205,313
Balanced accuracy (at median threshold): 0.3105
Best F1=0.6667 @ thr=0.5907
Best Accuracy=0.5000 @ thr=1.9206
AUC=0.2328
Average anomaly score on real class: 1.208526
Inference complete!
Encoder E_xzx_2260.pt: AUC=0.2328, AvgRealScore=1.208526

=== Evaluating encoder: E_xzx_2270.pt ===
G params: 351,073
E params: 123,744
D params: 257,024
C params: 205,313
Balanced accuracy (at median threshold): 0.3126
Best F1=0.6667 @ thr=0.5843
Best Accuracy=0.5000 @ thr=1.9849
AUC=0.2318
Average anomaly score on real class: 1.230921
Inference complete!
Encoder E_xzx_2270.pt: AUC=0.2318, AvgRealScore=1.230921

=== Evaluating encoder: E_xzx_2280.pt ===
G params: 351,073
E params: 123,744
D params: 257,024
C params: 205,313
Balanced accuracy (at median threshold): 0.3161
Best F1=0.6667 @ thr=0.5914
Best Accuracy=0.5000 @ thr=1.9548
AUC=0.2375
Average anomaly score on real class: 1.223489
Inference complete!
Encoder E_xzx_2280.pt: AUC=0.2375, AvgRealScore=1.223489

=== Evaluating encoder: E_xzx_2290.pt ===
G params: 351,073
E params: 123,744
D params: 257,024
C params: 205,313
Balanced accuracy (at median threshold): 0.3016
Best F1=0.6667 @ thr=0.5903
Best Accuracy=0.5000 @ thr=1.9791
AUC=0.2205
Average anomaly score on real class: 1.240016
Inference complete!
Encoder E_xzx_2290.pt: AUC=0.2205, AvgRealScore=1.240016

=== Evaluating encoder: E_xzx_230.pt ===
G params: 351,073
E params: 123,744
D params: 257,024
C params: 205,313
Balanced accuracy (at median threshold): 0.2871
Best F1=0.6667 @ thr=0.5753
Best Accuracy=0.5000 @ thr=1.7672
AUC=0.2008
Average anomaly score on real class: 1.165338
Inference complete!
Encoder E_xzx_230.pt: AUC=0.2008, AvgRealScore=1.165338

=== Evaluating encoder: E_xzx_2300.pt ===
G params: 351,073
E params: 123,744
D params: 257,024
C params: 205,313
Balanced accuracy (at median threshold): 0.3115
Best F1=0.6667 @ thr=0.5919
Best Accuracy=0.5000 @ thr=1.9434
AUC=0.2321
Average anomaly score on real class: 1.227905
Inference complete!
Encoder E_xzx_2300.pt: AUC=0.2321, AvgRealScore=1.227905

=== Evaluating encoder: E_xzx_2310.pt ===
G params: 351,073
E params: 123,744
D params: 257,024
C params: 205,313
Balanced accuracy (at median threshold): 0.2991
Best F1=0.6667 @ thr=0.5942
Best Accuracy=0.5000 @ thr=2.0169
AUC=0.2101
Average anomaly score on real class: 1.294178
Inference complete!
Encoder E_xzx_2310.pt: AUC=0.2101, AvgRealScore=1.294178

=== Evaluating encoder: E_xzx_2320.pt ===
G params: 351,073
E params: 123,744
D params: 257,024
C params: 205,313
Balanced accuracy (at median threshold): 0.3082
Best F1=0.6667 @ thr=0.5830
Best Accuracy=0.5000 @ thr=1.9860
AUC=0.2244
Average anomaly score on real class: 1.245461
Inference complete!
Encoder E_xzx_2320.pt: AUC=0.2244, AvgRealScore=1.245461

=== Evaluating encoder: E_xzx_2330.pt ===
G params: 351,073
E params: 123,744
D params: 257,024
C params: 205,313
Balanced accuracy (at median threshold): 0.3085
Best F1=0.6667 @ thr=0.5794
Best Accuracy=0.5000 @ thr=2.0104
AUC=0.2290
Average anomaly score on real class: 1.240032
Inference complete!
Encoder E_xzx_2330.pt: AUC=0.229, AvgRealScore=1.240032

=== Evaluating encoder: E_xzx_2340.pt ===
G params: 351,073
E params: 123,744
D params: 257,024
C params: 205,313
Balanced accuracy (at median threshold): 0.3082
Best F1=0.6667 @ thr=0.5975
Best Accuracy=0.5000 @ thr=1.9449
AUC=0.2281
Average anomaly score on real class: 1.230476
Inference complete!
Encoder E_xzx_2340.pt: AUC=0.2281, AvgRealScore=1.230476

=== Evaluating encoder: E_xzx_2350.pt ===
G params: 351,073
E params: 123,744
D params: 257,024
C params: 205,313
Balanced accuracy (at median threshold): 0.3039
Best F1=0.6667 @ thr=0.5857
Best Accuracy=0.5000 @ thr=1.9491
AUC=0.2230
Average anomaly score on real class: 1.229162
Inference complete!
Encoder E_xzx_2350.pt: AUC=0.223, AvgRealScore=1.229162

=== Evaluating encoder: E_xzx_2360.pt ===
G params: 351,073
E params: 123,744
D params: 257,024
C params: 205,313
Balanced accuracy (at median threshold): 0.3124
Best F1=0.6667 @ thr=0.5829
Best Accuracy=0.5000 @ thr=2.0006
AUC=0.2315
Average anomaly score on real class: 1.237434
Inference complete!
Encoder E_xzx_2360.pt: AUC=0.2315, AvgRealScore=1.237434

=== Evaluating encoder: E_xzx_2370.pt ===
G params: 351,073
E params: 123,744
D params: 257,024
C params: 205,313
Balanced accuracy (at median threshold): 0.3204
Best F1=0.6667 @ thr=0.5803
Best Accuracy=0.5000 @ thr=1.9707
AUC=0.2446
Average anomaly score on real class: 1.199437
Inference complete!
Encoder E_xzx_2370.pt: AUC=0.2446, AvgRealScore=1.199437

=== Evaluating encoder: E_xzx_2380.pt ===
G params: 351,073
E params: 123,744
D params: 257,024
C params: 205,313
Balanced accuracy (at median threshold): 0.3105
Best F1=0.6667 @ thr=0.6118
Best Accuracy=0.5000 @ thr=2.0164
AUC=0.2270
Average anomaly score on real class: 1.248895
Inference complete!
Encoder E_xzx_2380.pt: AUC=0.227, AvgRealScore=1.248895

=== Evaluating encoder: E_xzx_2390.pt ===
G params: 351,073
E params: 123,744
D params: 257,024
C params: 205,313
Balanced accuracy (at median threshold): 0.3077
Best F1=0.6667 @ thr=0.5895
Best Accuracy=0.5000 @ thr=2.0062
AUC=0.2222
Average anomaly score on real class: 1.253319
Inference complete!
Encoder E_xzx_2390.pt: AUC=0.2222, AvgRealScore=1.253319

=== Evaluating encoder: E_xzx_240.pt ===
G params: 351,073
E params: 123,744
D params: 257,024
C params: 205,313
Balanced accuracy (at median threshold): 0.2884
Best F1=0.6667 @ thr=0.5762
Best Accuracy=0.5000 @ thr=1.7465
AUC=0.2006
Average anomaly score on real class: 1.158690
Inference complete!
Encoder E_xzx_240.pt: AUC=0.2006, AvgRealScore=1.158690

=== Evaluating encoder: E_xzx_2400.pt ===
G params: 351,073
E params: 123,744
D params: 257,024
C params: 205,313
Balanced accuracy (at median threshold): 0.3086
Best F1=0.6667 @ thr=0.5977
Best Accuracy=0.5000 @ thr=1.9725
AUC=0.2296
Average anomaly score on real class: 1.228541
Inference complete!
Encoder E_xzx_2400.pt: AUC=0.2296, AvgRealScore=1.228541

=== Evaluating encoder: E_xzx_2410.pt ===
G params: 351,073
E params: 123,744
D params: 257,024
C params: 205,313
Balanced accuracy (at median threshold): 0.3191
Best F1=0.6667 @ thr=0.6042
Best Accuracy=0.5000 @ thr=1.9358
AUC=0.2426
Average anomaly score on real class: 1.209253
Inference complete!
Encoder E_xzx_2410.pt: AUC=0.2426, AvgRealScore=1.209253

=== Evaluating encoder: E_xzx_2420.pt ===
G params: 351,073
E params: 123,744
D params: 257,024
C params: 205,313
Balanced accuracy (at median threshold): 0.2919
Best F1=0.6667 @ thr=0.5759
Best Accuracy=0.5000 @ thr=2.0197
AUC=0.2025
Average anomaly score on real class: 1.299464
Inference complete!
Encoder E_xzx_2420.pt: AUC=0.2025, AvgRealScore=1.299464

=== Evaluating encoder: E_xzx_2430.pt ===
G params: 351,073
E params: 123,744
D params: 257,024
C params: 205,313
Balanced accuracy (at median threshold): 0.3115
Best F1=0.6667 @ thr=0.5756
Best Accuracy=0.5000 @ thr=1.9970
AUC=0.2298
Average anomaly score on real class: 1.242077
Inference complete!
Encoder E_xzx_2430.pt: AUC=0.2298, AvgRealScore=1.242077

=== Evaluating encoder: E_xzx_2440.pt ===
G params: 351,073
E params: 123,744
D params: 257,024
C params: 205,313
Balanced accuracy (at median threshold): 0.3123
Best F1=0.6667 @ thr=0.5933
Best Accuracy=0.5000 @ thr=1.9804
AUC=0.2336
Average anomaly score on real class: 1.224058
Inference complete!
Encoder E_xzx_2440.pt: AUC=0.2336, AvgRealScore=1.224058

=== Evaluating encoder: E_xzx_2450.pt ===
G params: 351,073
E params: 123,744
D params: 257,024
C params: 205,313
Balanced accuracy (at median threshold): 0.3174
Best F1=0.6667 @ thr=0.6005
Best Accuracy=0.5000 @ thr=1.8687
AUC=0.2455
Average anomaly score on real class: 1.184088
Inference complete!
Encoder E_xzx_2450.pt: AUC=0.2455, AvgRealScore=1.184088

=== Evaluating encoder: E_xzx_2460.pt ===
G params: 351,073
E params: 123,744
D params: 257,024
C params: 205,313
Balanced accuracy (at median threshold): 0.3091
Best F1=0.6667 @ thr=0.5945
Best Accuracy=0.5000 @ thr=1.9886
AUC=0.2281
Average anomaly score on real class: 1.229484
Inference complete!
Encoder E_xzx_2460.pt: AUC=0.2281, AvgRealScore=1.229484

=== Evaluating encoder: E_xzx_2470.pt ===
G params: 351,073
E params: 123,744
D params: 257,024
C params: 205,313
Balanced accuracy (at median threshold): 0.3094
Best F1=0.6667 @ thr=0.5925
Best Accuracy=0.5000 @ thr=1.9936
AUC=0.2270
Average anomaly score on real class: 1.248631
Inference complete!
Encoder E_xzx_2470.pt: AUC=0.227, AvgRealScore=1.248631

=== Evaluating encoder: E_xzx_2480.pt ===
G params: 351,073
E params: 123,744
D params: 257,024
C params: 205,313
Balanced accuracy (at median threshold): 0.3080
Best F1=0.6667 @ thr=0.5772
Best Accuracy=0.5000 @ thr=1.9560
AUC=0.2305
Average anomaly score on real class: 1.222094
Inference complete!
Encoder E_xzx_2480.pt: AUC=0.2305, AvgRealScore=1.222094

=== Evaluating encoder: E_xzx_2490.pt ===
G params: 351,073
E params: 123,744
D params: 257,024
C params: 205,313
Balanced accuracy (at median threshold): 0.2922
Best F1=0.6667 @ thr=0.5979
Best Accuracy=0.5000 @ thr=1.9900
AUC=0.2076
Average anomaly score on real class: 1.276847
Inference complete!
Encoder E_xzx_2490.pt: AUC=0.2076, AvgRealScore=1.276847

=== Evaluating encoder: E_xzx_250.pt ===
G params: 351,073
E params: 123,744
D params: 257,024
C params: 205,313
Balanced accuracy (at median threshold): 0.2903
Best F1=0.6667 @ thr=0.5713
Best Accuracy=0.5000 @ thr=1.7937
AUC=0.2032
Average anomaly score on real class: 1.166953
Inference complete!
Encoder E_xzx_250.pt: AUC=0.2032, AvgRealScore=1.166953

=== Evaluating encoder: E_xzx_2500.pt ===
G params: 351,073
E params: 123,744
D params: 257,024
C params: 205,313
Balanced accuracy (at median threshold): 0.3154
Best F1=0.6667 @ thr=0.5986
Best Accuracy=0.5000 @ thr=1.9802
AUC=0.2332
Average anomaly score on real class: 1.229926
Inference complete!
Encoder E_xzx_2500.pt: AUC=0.2332, AvgRealScore=1.229926

=== Evaluating encoder: E_xzx_2510.pt ===
G params: 351,073
E params: 123,744
D params: 257,024
C params: 205,313
Balanced accuracy (at median threshold): 0.2958
Best F1=0.6667 @ thr=0.5897
Best Accuracy=0.5000 @ thr=1.9813
AUC=0.2105
Average anomaly score on real class: 1.263225
Inference complete!
Encoder E_xzx_2510.pt: AUC=0.2105, AvgRealScore=1.263225

=== Evaluating encoder: E_xzx_2520.pt ===
G params: 351,073
E params: 123,744
D params: 257,024
C params: 205,313
Balanced accuracy (at median threshold): 0.3124
Best F1=0.6667 @ thr=0.6092
Best Accuracy=0.5000 @ thr=1.9621
AUC=0.2337
Average anomaly score on real class: 1.223487
Inference complete!
Encoder E_xzx_2520.pt: AUC=0.2337, AvgRealScore=1.223487

=== Evaluating encoder: E_xzx_2530.pt ===
G params: 351,073
E params: 123,744
D params: 257,024
C params: 205,313
Balanced accuracy (at median threshold): 0.3145
Best F1=0.6667 @ thr=0.5935
Best Accuracy=0.5000 @ thr=1.8920
AUC=0.2394
Average anomaly score on real class: 1.200064
Inference complete!
Encoder E_xzx_2530.pt: AUC=0.2394, AvgRealScore=1.200064

=== Evaluating encoder: E_xzx_2540.pt ===
G params: 351,073
E params: 123,744
D params: 257,024
C params: 205,313
Balanced accuracy (at median threshold): 0.3281
Best F1=0.6667 @ thr=0.5899
Best Accuracy=0.5000 @ thr=1.9131
AUC=0.2621
Average anomaly score on real class: 1.170803
Inference complete!
Encoder E_xzx_2540.pt: AUC=0.2621, AvgRealScore=1.170803

=== Evaluating encoder: E_xzx_2550.pt ===
G params: 351,073
E params: 123,744
D params: 257,024
C params: 205,313
Balanced accuracy (at median threshold): 0.3044
Best F1=0.6667 @ thr=0.5903
Best Accuracy=0.5000 @ thr=1.9775
AUC=0.2193
Average anomaly score on real class: 1.256115
Inference complete!
Encoder E_xzx_2550.pt: AUC=0.2193, AvgRealScore=1.256115

=== Evaluating encoder: E_xzx_2560.pt ===
G params: 351,073
E params: 123,744
D params: 257,024
C params: 205,313
Balanced accuracy (at median threshold): 0.3149
Best F1=0.6667 @ thr=0.5915
Best Accuracy=0.5000 @ thr=1.9491
AUC=0.2352
Average anomaly score on real class: 1.236573
Inference complete!
Encoder E_xzx_2560.pt: AUC=0.2352, AvgRealScore=1.236573

=== Evaluating encoder: E_xzx_2570.pt ===
G params: 351,073
E params: 123,744
D params: 257,024
C params: 205,313
Balanced accuracy (at median threshold): 0.3113
Best F1=0.6667 @ thr=0.6119
Best Accuracy=0.5000 @ thr=1.9572
AUC=0.2341
Average anomaly score on real class: 1.217218
Inference complete!
Encoder E_xzx_2570.pt: AUC=0.2341, AvgRealScore=1.217218

=== Evaluating encoder: E_xzx_2580.pt ===
G params: 351,073
E params: 123,744
D params: 257,024
C params: 205,313
Balanced accuracy (at median threshold): 0.2971
Best F1=0.6667 @ thr=0.5798
Best Accuracy=0.5000 @ thr=2.0136
AUC=0.2130
Average anomaly score on real class: 1.263558
Inference complete!
Encoder E_xzx_2580.pt: AUC=0.213, AvgRealScore=1.263558

=== Evaluating encoder: E_xzx_2590.pt ===
G params: 351,073
E params: 123,744
D params: 257,024
C params: 205,313
Balanced accuracy (at median threshold): 0.2952
Best F1=0.6667 @ thr=0.6154
Best Accuracy=0.5000 @ thr=2.0275
AUC=0.2080
Average anomaly score on real class: 1.280375
Inference complete!
Encoder E_xzx_2590.pt: AUC=0.208, AvgRealScore=1.280375

=== Evaluating encoder: E_xzx_260.pt ===
G params: 351,073
E params: 123,744
D params: 257,024
C params: 205,313
Balanced accuracy (at median threshold): 0.2838
Best F1=0.6667 @ thr=0.5821
Best Accuracy=0.5000 @ thr=1.7621
AUC=0.1943
Average anomaly score on real class: 1.178176
Inference complete!
Encoder E_xzx_260.pt: AUC=0.1943, AvgRealScore=1.178176

=== Evaluating encoder: E_xzx_2600.pt ===
G params: 351,073
E params: 123,744
D params: 257,024
C params: 205,313
Balanced accuracy (at median threshold): 0.3247
Best F1=0.6667 @ thr=0.5811
Best Accuracy=0.5000 @ thr=1.9313
AUC=0.2554
Average anomaly score on real class: 1.169453
Inference complete!
Encoder E_xzx_2600.pt: AUC=0.2554, AvgRealScore=1.169453

=== Evaluating encoder: E_xzx_2610.pt ===
G params: 351,073
E params: 123,744
D params: 257,024
C params: 205,313
Balanced accuracy (at median threshold): 0.3119
Best F1=0.6667 @ thr=0.5837
Best Accuracy=0.5000 @ thr=1.9998
AUC=0.2308
Average anomaly score on real class: 1.235716
Inference complete!
Encoder E_xzx_2610.pt: AUC=0.2308, AvgRealScore=1.235716

=== Evaluating encoder: E_xzx_2620.pt ===
G params: 351,073
E params: 123,744
D params: 257,024
C params: 205,313
Balanced accuracy (at median threshold): 0.3149
Best F1=0.6667 @ thr=0.5733
Best Accuracy=0.5000 @ thr=2.0038
AUC=0.2339
Average anomaly score on real class: 1.235465
Inference complete!
Encoder E_xzx_2620.pt: AUC=0.2339, AvgRealScore=1.235465

=== Evaluating encoder: E_xzx_2630.pt ===
G params: 351,073
E params: 123,744
D params: 257,024
C params: 205,313
Balanced accuracy (at median threshold): 0.3045
Best F1=0.6667 @ thr=0.5836
Best Accuracy=0.5000 @ thr=0.5836
AUC=0.2224
Average anomaly score on real class: 1.239233
Inference complete!
Encoder E_xzx_2630.pt: AUC=0.2224, AvgRealScore=1.239233

=== Evaluating encoder: E_xzx_2640.pt ===
G params: 351,073
E params: 123,744
D params: 257,024
C params: 205,313
Balanced accuracy (at median threshold): 0.3076
Best F1=0.6667 @ thr=0.5877
Best Accuracy=0.5000 @ thr=1.9819
AUC=0.2233
Average anomaly score on real class: 1.242162
Inference complete!
Encoder E_xzx_2640.pt: AUC=0.2233, AvgRealScore=1.242162

=== Evaluating encoder: E_xzx_2650.pt ===
G params: 351,073
E params: 123,744
D params: 257,024
C params: 205,313
Balanced accuracy (at median threshold): 0.3147
Best F1=0.6667 @ thr=0.5907
Best Accuracy=0.5000 @ thr=1.9875
AUC=0.2374
Average anomaly score on real class: 1.225104
Inference complete!
Encoder E_xzx_2650.pt: AUC=0.2374, AvgRealScore=1.225104

=== Evaluating encoder: E_xzx_2660.pt ===
G params: 351,073
E params: 123,744
D params: 257,024
C params: 205,313
Balanced accuracy (at median threshold): 0.3073
Best F1=0.6667 @ thr=0.5832
Best Accuracy=0.5000 @ thr=1.9755
AUC=0.2265
Average anomaly score on real class: 1.233612
Inference complete!
Encoder E_xzx_2660.pt: AUC=0.2265, AvgRealScore=1.233612

=== Evaluating encoder: E_xzx_2670.pt ===
G params: 351,073
E params: 123,744
D params: 257,024
C params: 205,313
Balanced accuracy (at median threshold): 0.2954
Best F1=0.6667 @ thr=0.6052
Best Accuracy=0.5000 @ thr=1.9942
AUC=0.2073
Average anomaly score on real class: 1.294422
Inference complete!
Encoder E_xzx_2670.pt: AUC=0.2073, AvgRealScore=1.294422

=== Evaluating encoder: E_xzx_2680.pt ===
G params: 351,073
E params: 123,744
D params: 257,024
C params: 205,313
Balanced accuracy (at median threshold): 0.3214
Best F1=0.6667 @ thr=0.6091
Best Accuracy=0.5000 @ thr=1.9258
AUC=0.2514
Average anomaly score on real class: 1.191667
Inference complete!
Encoder E_xzx_2680.pt: AUC=0.2514, AvgRealScore=1.191667

=== Evaluating encoder: E_xzx_2690.pt ===
G params: 351,073
E params: 123,744
D params: 257,024
C params: 205,313
Balanced accuracy (at median threshold): 0.3155
Best F1=0.6667 @ thr=0.5835
Best Accuracy=0.5000 @ thr=2.0311
AUC=0.2403
Average anomaly score on real class: 1.233016
Inference complete!
Encoder E_xzx_2690.pt: AUC=0.2403, AvgRealScore=1.233016

=== Evaluating encoder: E_xzx_270.pt ===
G params: 351,073
E params: 123,744
D params: 257,024
C params: 205,313
Balanced accuracy (at median threshold): 0.2876
Best F1=0.6667 @ thr=0.5770
Best Accuracy=0.5000 @ thr=1.8393
AUC=0.1970
Average anomaly score on real class: 1.207784
Inference complete!
Encoder E_xzx_270.pt: AUC=0.197, AvgRealScore=1.207784

=== Evaluating encoder: E_xzx_2700.pt ===
G params: 351,073
E params: 123,744
D params: 257,024
C params: 205,313
Balanced accuracy (at median threshold): 0.3124
Best F1=0.6667 @ thr=0.5742
Best Accuracy=0.5000 @ thr=1.9965
AUC=0.2350
Average anomaly score on real class: 1.229582
Inference complete!
Encoder E_xzx_2700.pt: AUC=0.235, AvgRealScore=1.229582

=== Evaluating encoder: E_xzx_2710.pt ===
G params: 351,073
E params: 123,744
D params: 257,024
C params: 205,313
Balanced accuracy (at median threshold): 0.3062
Best F1=0.6667 @ thr=0.5966
Best Accuracy=0.5000 @ thr=1.9471
AUC=0.2300
Average anomaly score on real class: 1.209573
Inference complete!
Encoder E_xzx_2710.pt: AUC=0.23, AvgRealScore=1.209573

=== Evaluating encoder: E_xzx_2720.pt ===
G params: 351,073
E params: 123,744
D params: 257,024
C params: 205,313
Balanced accuracy (at median threshold): 0.3120
Best F1=0.6667 @ thr=0.5881
Best Accuracy=0.5000 @ thr=1.9872
AUC=0.2307
Average anomaly score on real class: 1.243628
Inference complete!
Encoder E_xzx_2720.pt: AUC=0.2307, AvgRealScore=1.243628

=== Evaluating encoder: E_xzx_2730.pt ===
G params: 351,073
E params: 123,744
D params: 257,024
C params: 205,313
Balanced accuracy (at median threshold): 0.3016
Best F1=0.6667 @ thr=0.5847
Best Accuracy=0.5000 @ thr=2.0266
AUC=0.2130
Average anomaly score on real class: 1.285488
Inference complete!
Encoder E_xzx_2730.pt: AUC=0.213, AvgRealScore=1.285488

=== Evaluating encoder: E_xzx_2740.pt ===
G params: 351,073
E params: 123,744
D params: 257,024
C params: 205,313
Balanced accuracy (at median threshold): 0.3063
Best F1=0.6667 @ thr=0.5749
Best Accuracy=0.5000 @ thr=2.0239
AUC=0.2255
Average anomaly score on real class: 1.251534
Inference complete!
Encoder E_xzx_2740.pt: AUC=0.2255, AvgRealScore=1.251534

=== Evaluating encoder: E_xzx_2750.pt ===
G params: 351,073
E params: 123,744
D params: 257,024
C params: 205,313
Balanced accuracy (at median threshold): 0.3109
Best F1=0.6667 @ thr=0.5843
Best Accuracy=0.5000 @ thr=2.0280
AUC=0.2279
Average anomaly score on real class: 1.242600
Inference complete!
Encoder E_xzx_2750.pt: AUC=0.2279, AvgRealScore=1.242600

=== Evaluating encoder: E_xzx_2760.pt ===
G params: 351,073
E params: 123,744
D params: 257,024
C params: 205,313
Balanced accuracy (at median threshold): 0.3197
Best F1=0.6667 @ thr=0.5884
Best Accuracy=0.5000 @ thr=2.0513
AUC=0.2422
Average anomaly score on real class: 1.226975
Inference complete!
Encoder E_xzx_2760.pt: AUC=0.2422, AvgRealScore=1.226975

=== Evaluating encoder: E_xzx_2770.pt ===
G params: 351,073
E params: 123,744
D params: 257,024
C params: 205,313
Balanced accuracy (at median threshold): 0.3066
Best F1=0.6667 @ thr=0.5825
Best Accuracy=0.5000 @ thr=2.0341
AUC=0.2235
Average anomaly score on real class: 1.254690
Inference complete!
Encoder E_xzx_2770.pt: AUC=0.2235, AvgRealScore=1.254690

=== Evaluating encoder: E_xzx_2780.pt ===
G params: 351,073
E params: 123,744
D params: 257,024
C params: 205,313
Balanced accuracy (at median threshold): 0.3154
Best F1=0.6667 @ thr=0.5752
Best Accuracy=0.5000 @ thr=1.9976
AUC=0.2371
Average anomaly score on real class: 1.218035
Inference complete!
Encoder E_xzx_2780.pt: AUC=0.2371, AvgRealScore=1.218035

=== Evaluating encoder: E_xzx_2790.pt ===
G params: 351,073
E params: 123,744
D params: 257,024
C params: 205,313
Balanced accuracy (at median threshold): 0.3109
Best F1=0.6667 @ thr=0.6036
Best Accuracy=0.5000 @ thr=1.9933
AUC=0.2283
Average anomaly score on real class: 1.237776
Inference complete!
Encoder E_xzx_2790.pt: AUC=0.2283, AvgRealScore=1.237776

=== Evaluating encoder: E_xzx_280.pt ===
G params: 351,073
E params: 123,744
D params: 257,024
C params: 205,313
Balanced accuracy (at median threshold): 0.2928
Best F1=0.6667 @ thr=0.5825
Best Accuracy=0.5000 @ thr=1.8144
AUC=0.2063
Average anomaly score on real class: 1.152008
Inference complete!
Encoder E_xzx_280.pt: AUC=0.2063, AvgRealScore=1.152008

=== Evaluating encoder: E_xzx_2800.pt ===
G params: 351,073
E params: 123,744
D params: 257,024
C params: 205,313
Balanced accuracy (at median threshold): 0.3113
Best F1=0.6667 @ thr=0.5952
Best Accuracy=0.5000 @ thr=2.0311
AUC=0.2312
Average anomaly score on real class: 1.247515
Inference complete!
Encoder E_xzx_2800.pt: AUC=0.2312, AvgRealScore=1.247515

=== Evaluating encoder: E_xzx_2810.pt ===
G params: 351,073
E params: 123,744
D params: 257,024
C params: 205,313
Balanced accuracy (at median threshold): 0.3036
Best F1=0.6667 @ thr=0.6017
Best Accuracy=0.5000 @ thr=1.9483
AUC=0.2226
Average anomaly score on real class: 1.242614
Inference complete!
Encoder E_xzx_2810.pt: AUC=0.2226, AvgRealScore=1.242614

=== Evaluating encoder: E_xzx_2820.pt ===
G params: 351,073
E params: 123,744
D params: 257,024
C params: 205,313
Balanced accuracy (at median threshold): 0.3026
Best F1=0.6667 @ thr=0.5891
Best Accuracy=0.5000 @ thr=2.0373
AUC=0.2135
Average anomaly score on real class: 1.284494
Inference complete!
Encoder E_xzx_2820.pt: AUC=0.2135, AvgRealScore=1.284494

=== Evaluating encoder: E_xzx_2830.pt ===
G params: 351,073
E params: 123,744
D params: 257,024
C params: 205,313
Balanced accuracy (at median threshold): 0.3241
Best F1=0.6667 @ thr=0.5986
Best Accuracy=0.5000 @ thr=1.9858
AUC=0.2502
Average anomaly score on real class: 1.190699
Inference complete!
Encoder E_xzx_2830.pt: AUC=0.2502, AvgRealScore=1.190699

=== Evaluating encoder: E_xzx_2840.pt ===
G params: 351,073
E params: 123,744
D params: 257,024
C params: 205,313
Balanced accuracy (at median threshold): 0.3115
Best F1=0.6667 @ thr=0.5822
Best Accuracy=0.5000 @ thr=2.0230
AUC=0.2298
Average anomaly score on real class: 1.237556
Inference complete!
Encoder E_xzx_2840.pt: AUC=0.2298, AvgRealScore=1.237556

=== Evaluating encoder: E_xzx_2850.pt ===
G params: 351,073
E params: 123,744
D params: 257,024
C params: 205,313
Balanced accuracy (at median threshold): 0.3087
Best F1=0.6667 @ thr=0.5927
Best Accuracy=0.5000 @ thr=1.9598
AUC=0.2283
Average anomaly score on real class: 1.231526
Inference complete!
Encoder E_xzx_2850.pt: AUC=0.2283, AvgRealScore=1.231526

=== Evaluating encoder: E_xzx_2860.pt ===
G params: 351,073
E params: 123,744
D params: 257,024
C params: 205,313
Balanced accuracy (at median threshold): 0.3126
Best F1=0.6667 @ thr=0.5858
Best Accuracy=0.5000 @ thr=2.0013
AUC=0.2316
Average anomaly score on real class: 1.227171
Inference complete!
Encoder E_xzx_2860.pt: AUC=0.2316, AvgRealScore=1.227171

=== Evaluating encoder: E_xzx_2870.pt ===
G params: 351,073
E params: 123,744
D params: 257,024
C params: 205,313
Balanced accuracy (at median threshold): 0.2934
Best F1=0.6667 @ thr=0.5884
Best Accuracy=0.5000 @ thr=2.0950
AUC=0.2062
Average anomaly score on real class: 1.302955
Inference complete!
Encoder E_xzx_2870.pt: AUC=0.2062, AvgRealScore=1.302955

=== Evaluating encoder: E_xzx_2880.pt ===
G params: 351,073
E params: 123,744
D params: 257,024
C params: 205,313
Balanced accuracy (at median threshold): 0.3146
Best F1=0.6667 @ thr=0.5828
Best Accuracy=0.5000 @ thr=2.0184
AUC=0.2323
Average anomaly score on real class: 1.252165
Inference complete!
Encoder E_xzx_2880.pt: AUC=0.2323, AvgRealScore=1.252165

=== Evaluating encoder: E_xzx_2890.pt ===
G params: 351,073
E params: 123,744
D params: 257,024
C params: 205,313
Balanced accuracy (at median threshold): 0.3083
Best F1=0.6667 @ thr=0.5963
Best Accuracy=0.5000 @ thr=2.0225
AUC=0.2308
Average anomaly score on real class: 1.238120
Inference complete!
Encoder E_xzx_2890.pt: AUC=0.2308, AvgRealScore=1.238120

=== Evaluating encoder: E_xzx_290.pt ===
G params: 351,073
E params: 123,744
D params: 257,024
C params: 205,313
Balanced accuracy (at median threshold): 0.2792
Best F1=0.6667 @ thr=0.5695
Best Accuracy=0.5000 @ thr=1.8404
AUC=0.1825
Average anomaly score on real class: 1.231545
Inference complete!
Encoder E_xzx_290.pt: AUC=0.1825, AvgRealScore=1.231545

=== Evaluating encoder: E_xzx_2900.pt ===
G params: 351,073
E params: 123,744
D params: 257,024
C params: 205,313
Balanced accuracy (at median threshold): 0.3101
Best F1=0.6667 @ thr=0.5779
Best Accuracy=0.5000 @ thr=2.0497
AUC=0.2306
Average anomaly score on real class: 1.234096
Inference complete!
Encoder E_xzx_2900.pt: AUC=0.2306, AvgRealScore=1.234096

=== Evaluating encoder: E_xzx_2910.pt ===
G params: 351,073
E params: 123,744
D params: 257,024
C params: 205,313
Balanced accuracy (at median threshold): 0.3113
Best F1=0.6667 @ thr=0.5925
Best Accuracy=0.5000 @ thr=1.9940
AUC=0.2302
Average anomaly score on real class: 1.240060
Inference complete!
Encoder E_xzx_2910.pt: AUC=0.2302, AvgRealScore=1.240060

=== Evaluating encoder: E_xzx_2920.pt ===
G params: 351,073
E params: 123,744
D params: 257,024
C params: 205,313
Balanced accuracy (at median threshold): 0.3013
Best F1=0.6667 @ thr=0.5847
Best Accuracy=0.5000 @ thr=1.9897
AUC=0.2200
Average anomaly score on real class: 1.239271
Inference complete!
Encoder E_xzx_2920.pt: AUC=0.22, AvgRealScore=1.239271

=== Evaluating encoder: E_xzx_2930.pt ===
G params: 351,073
E params: 123,744
D params: 257,024
C params: 205,313
Balanced accuracy (at median threshold): 0.3004
Best F1=0.6667 @ thr=0.6049
Best Accuracy=0.5000 @ thr=2.0453
AUC=0.2154
Average anomaly score on real class: 1.283833
Inference complete!
Encoder E_xzx_2930.pt: AUC=0.2154, AvgRealScore=1.283833

=== Evaluating encoder: E_xzx_2940.pt ===
G params: 351,073
E params: 123,744
D params: 257,024
C params: 205,313
Balanced accuracy (at median threshold): 0.3039
Best F1=0.6667 @ thr=0.5853
Best Accuracy=0.5000 @ thr=2.0194
AUC=0.2230
Average anomaly score on real class: 1.250419
Inference complete!
Encoder E_xzx_2940.pt: AUC=0.223, AvgRealScore=1.250419

=== Evaluating encoder: E_xzx_2950.pt ===
G params: 351,073
E params: 123,744
D params: 257,024
C params: 205,313
Balanced accuracy (at median threshold): 0.3054
Best F1=0.6667 @ thr=0.5917
Best Accuracy=0.5000 @ thr=2.0525
AUC=0.2211
Average anomaly score on real class: 1.281513
Inference complete!
Encoder E_xzx_2950.pt: AUC=0.2211, AvgRealScore=1.281513

=== Evaluating encoder: E_xzx_2960.pt ===
G params: 351,073
E params: 123,744
D params: 257,024
C params: 205,313
Balanced accuracy (at median threshold): 0.3206
Best F1=0.6667 @ thr=0.5841
Best Accuracy=0.5000 @ thr=2.0060
AUC=0.2449
Average anomaly score on real class: 1.214030
Inference complete!
Encoder E_xzx_2960.pt: AUC=0.2449, AvgRealScore=1.214030

=== Evaluating encoder: E_xzx_2970.pt ===
G params: 351,073
E params: 123,744
D params: 257,024
C params: 205,313
Balanced accuracy (at median threshold): 0.2984
Best F1=0.6667 @ thr=0.5990
Best Accuracy=0.5000 @ thr=2.0515
AUC=0.2114
Average anomaly score on real class: 1.281269
Inference complete!
Encoder E_xzx_2970.pt: AUC=0.2114, AvgRealScore=1.281269

=== Evaluating encoder: E_xzx_2980.pt ===
G params: 351,073
E params: 123,744
D params: 257,024
C params: 205,313
Balanced accuracy (at median threshold): 0.3089
Best F1=0.6667 @ thr=0.5724
Best Accuracy=0.5000 @ thr=2.0468
AUC=0.2232
Average anomaly score on real class: 1.267314
Inference complete!
Encoder E_xzx_2980.pt: AUC=0.2232, AvgRealScore=1.267314

=== Evaluating encoder: E_xzx_2990.pt ===
G params: 351,073
E params: 123,744
D params: 257,024
C params: 205,313
Balanced accuracy (at median threshold): 0.3078
Best F1=0.6667 @ thr=0.5937
Best Accuracy=0.5000 @ thr=2.0393
AUC=0.2234
Average anomaly score on real class: 1.268188
Inference complete!
Encoder E_xzx_2990.pt: AUC=0.2234, AvgRealScore=1.268188

=== Evaluating encoder: E_xzx_30.pt ===
G params: 351,073
E params: 123,744
D params: 257,024
C params: 205,313
Balanced accuracy (at median threshold): 0.2897
Best F1=0.6667 @ thr=0.5935
Best Accuracy=0.5000 @ thr=1.6867
AUC=0.2057
Average anomaly score on real class: 1.125066
Inference complete!
Encoder E_xzx_30.pt: AUC=0.2057, AvgRealScore=1.125066

=== Evaluating encoder: E_xzx_300.pt ===
G params: 351,073
E params: 123,744
D params: 257,024
C params: 205,313
Balanced accuracy (at median threshold): 0.2836
Best F1=0.6667 @ thr=0.5760
Best Accuracy=0.5000 @ thr=1.8381
AUC=0.1912
Average anomaly score on real class: 1.220202
Inference complete!
Encoder E_xzx_300.pt: AUC=0.1912, AvgRealScore=1.220202

=== Evaluating encoder: E_xzx_3000.pt ===
G params: 351,073
E params: 123,744
D params: 257,024
C params: 205,313
Balanced accuracy (at median threshold): 0.3076
Best F1=0.6667 @ thr=0.5933
Best Accuracy=0.5000 @ thr=2.0673
AUC=0.2231
Average anomaly score on real class: 1.266761
Inference complete!
Encoder E_xzx_3000.pt: AUC=0.2231, AvgRealScore=1.266761

=== Evaluating encoder: E_xzx_3010.pt ===
G params: 351,073
E params: 123,744
D params: 257,024
C params: 205,313
Balanced accuracy (at median threshold): 0.3163
Best F1=0.6667 @ thr=0.5930
Best Accuracy=0.5000 @ thr=2.0283
AUC=0.2395
Average anomaly score on real class: 1.217989
Inference complete!
Encoder E_xzx_3010.pt: AUC=0.2395, AvgRealScore=1.217989

=== Evaluating encoder: E_xzx_3020.pt ===
G params: 351,073
E params: 123,744
D params: 257,024
C params: 205,313
Balanced accuracy (at median threshold): 0.3018
Best F1=0.6667 @ thr=0.5828
Best Accuracy=0.5000 @ thr=2.0539
AUC=0.2190
Average anomaly score on real class: 1.257969
Inference complete!
Encoder E_xzx_3020.pt: AUC=0.219, AvgRealScore=1.257969

=== Evaluating encoder: E_xzx_3030.pt ===
G params: 351,073
E params: 123,744
D params: 257,024
C params: 205,313
Balanced accuracy (at median threshold): 0.3133
Best F1=0.6667 @ thr=0.5799
Best Accuracy=0.5000 @ thr=2.0110
AUC=0.2318
Average anomaly score on real class: 1.253032
Inference complete!
Encoder E_xzx_3030.pt: AUC=0.2318, AvgRealScore=1.253032

=== Evaluating encoder: E_xzx_3040.pt ===
G params: 351,073
E params: 123,744
D params: 257,024
C params: 205,313
Balanced accuracy (at median threshold): 0.3063
Best F1=0.6667 @ thr=0.5894
Best Accuracy=0.5000 @ thr=2.0448
AUC=0.2230
Average anomaly score on real class: 1.257521
Inference complete!
Encoder E_xzx_3040.pt: AUC=0.223, AvgRealScore=1.257521

=== Evaluating encoder: E_xzx_3050.pt ===
G params: 351,073
E params: 123,744
D params: 257,024
C params: 205,313
Balanced accuracy (at median threshold): 0.3128
Best F1=0.6667 @ thr=0.5852
Best Accuracy=0.5000 @ thr=1.9894
AUC=0.2318
Average anomaly score on real class: 1.238734
Inference complete!
Encoder E_xzx_3050.pt: AUC=0.2318, AvgRealScore=1.238734

=== Evaluating encoder: E_xzx_3060.pt ===
G params: 351,073
E params: 123,744
D params: 257,024
C params: 205,313
Balanced accuracy (at median threshold): 0.3170
Best F1=0.6667 @ thr=0.5874
Best Accuracy=0.5000 @ thr=2.0011
AUC=0.2345
Average anomaly score on real class: 1.229662
Inference complete!
Encoder E_xzx_3060.pt: AUC=0.2345, AvgRealScore=1.229662

=== Evaluating encoder: E_xzx_3070.pt ===
G params: 351,073
E params: 123,744
D params: 257,024
C params: 205,313
Balanced accuracy (at median threshold): 0.3020
Best F1=0.6667 @ thr=0.5935
Best Accuracy=0.5000 @ thr=0.5935
AUC=0.2178
Average anomaly score on real class: 1.281377
Inference complete!
Encoder E_xzx_3070.pt: AUC=0.2178, AvgRealScore=1.281377

=== Evaluating encoder: E_xzx_3080.pt ===
G params: 351,073
E params: 123,744
D params: 257,024
C params: 205,313
Balanced accuracy (at median threshold): 0.3078
Best F1=0.6667 @ thr=0.5954
Best Accuracy=0.5000 @ thr=2.0461
AUC=0.2273
Average anomaly score on real class: 1.250698
Inference complete!
Encoder E_xzx_3080.pt: AUC=0.2273, AvgRealScore=1.250698

=== Evaluating encoder: E_xzx_3090.pt ===
G params: 351,073
E params: 123,744
D params: 257,024
C params: 205,313
Balanced accuracy (at median threshold): 0.3143
Best F1=0.6667 @ thr=0.5881
Best Accuracy=0.5000 @ thr=1.9891
AUC=0.2331
Average anomaly score on real class: 1.240926
Inference complete!
Encoder E_xzx_3090.pt: AUC=0.2331, AvgRealScore=1.240926

=== Evaluating encoder: E_xzx_310.pt ===
G params: 351,073
E params: 123,744
D params: 257,024
C params: 205,313
Balanced accuracy (at median threshold): 0.2838
Best F1=0.6667 @ thr=0.5926
Best Accuracy=0.5000 @ thr=1.8794
AUC=0.1897
Average anomaly score on real class: 1.218435
Inference complete!
Encoder E_xzx_310.pt: AUC=0.1897, AvgRealScore=1.218435

=== Evaluating encoder: E_xzx_3100.pt ===
G params: 351,073
E params: 123,744
D params: 257,024
C params: 205,313
Balanced accuracy (at median threshold): 0.3109
Best F1=0.6667 @ thr=0.5932
Best Accuracy=0.5000 @ thr=1.9752
AUC=0.2312
Average anomaly score on real class: 1.228681
Inference complete!
Encoder E_xzx_3100.pt: AUC=0.2312, AvgRealScore=1.228681

=== Evaluating encoder: E_xzx_3110.pt ===
G params: 351,073
E params: 123,744
D params: 257,024
C params: 205,313
Balanced accuracy (at median threshold): 0.3120
Best F1=0.6667 @ thr=0.5810
Best Accuracy=0.5000 @ thr=2.0105
AUC=0.2354
Average anomaly score on real class: 1.218229
Inference complete!
Encoder E_xzx_3110.pt: AUC=0.2354, AvgRealScore=1.218229

=== Evaluating encoder: E_xzx_3120.pt ===
G params: 351,073
E params: 123,744
D params: 257,024
C params: 205,313
Balanced accuracy (at median threshold): 0.3138
Best F1=0.6667 @ thr=0.5925
Best Accuracy=0.5000 @ thr=2.0259
AUC=0.2356
Average anomaly score on real class: 1.232947
Inference complete!
Encoder E_xzx_3120.pt: AUC=0.2356, AvgRealScore=1.232947

=== Evaluating encoder: E_xzx_3130.pt ===
G params: 351,073
E params: 123,744
D params: 257,024
C params: 205,313
Balanced accuracy (at median threshold): 0.3045
Best F1=0.6667 @ thr=0.5908
Best Accuracy=0.5000 @ thr=2.0059
AUC=0.2188
Average anomaly score on real class: 1.273090
Inference complete!
Encoder E_xzx_3130.pt: AUC=0.2188, AvgRealScore=1.273090

=== Evaluating encoder: E_xzx_3140.pt ===
G params: 351,073
E params: 123,744
D params: 257,024
C params: 205,313
Balanced accuracy (at median threshold): 0.3178
Best F1=0.6667 @ thr=0.6014
Best Accuracy=0.5000 @ thr=2.0152
AUC=0.2402
Average anomaly score on real class: 1.212969
Inference complete!
Encoder E_xzx_3140.pt: AUC=0.2402, AvgRealScore=1.212969

=== Evaluating encoder: E_xzx_3150.pt ===
G params: 351,073
E params: 123,744
D params: 257,024
C params: 205,313
Balanced accuracy (at median threshold): 0.2985
Best F1=0.6667 @ thr=0.5930
Best Accuracy=0.5000 @ thr=2.0094
AUC=0.2154
Average anomaly score on real class: 1.265481
Inference complete!
Encoder E_xzx_3150.pt: AUC=0.2154, AvgRealScore=1.265481

=== Evaluating encoder: E_xzx_3160.pt ===
G params: 351,073
E params: 123,744
D params: 257,024
C params: 205,313
Balanced accuracy (at median threshold): 0.3117
Best F1=0.6667 @ thr=0.5927
Best Accuracy=0.5000 @ thr=2.0040
AUC=0.2314
Average anomaly score on real class: 1.224971
Inference complete!
Encoder E_xzx_3160.pt: AUC=0.2314, AvgRealScore=1.224971

=== Evaluating encoder: E_xzx_3170.pt ===
G params: 351,073
E params: 123,744
D params: 257,024
C params: 205,313
Balanced accuracy (at median threshold): 0.3096
Best F1=0.6667 @ thr=0.5942
Best Accuracy=0.5000 @ thr=2.0540
AUC=0.2260
Average anomaly score on real class: 1.257935
Inference complete!
Encoder E_xzx_3170.pt: AUC=0.226, AvgRealScore=1.257935

=== Evaluating encoder: E_xzx_3180.pt ===
G params: 351,073
E params: 123,744
D params: 257,024
C params: 205,313
Balanced accuracy (at median threshold): 0.3045
Best F1=0.6667 @ thr=0.5945
Best Accuracy=0.5000 @ thr=2.0159
AUC=0.2222
Average anomaly score on real class: 1.258175
Inference complete!
Encoder E_xzx_3180.pt: AUC=0.2222, AvgRealScore=1.258175

=== Evaluating encoder: E_xzx_3190.pt ===
G params: 351,073
E params: 123,744
D params: 257,024
C params: 205,313
Balanced accuracy (at median threshold): 0.3080
Best F1=0.6667 @ thr=0.5981
Best Accuracy=0.5000 @ thr=2.0272
AUC=0.2303
Average anomaly score on real class: 1.239702
Inference complete!
Encoder E_xzx_3190.pt: AUC=0.2303, AvgRealScore=1.239702

=== Evaluating encoder: E_xzx_320.pt ===
G params: 351,073
E params: 123,744
D params: 257,024
C params: 205,313
Balanced accuracy (at median threshold): 0.2928
Best F1=0.6667 @ thr=0.5877
Best Accuracy=0.5000 @ thr=1.8603
AUC=0.2011
Average anomaly score on real class: 1.197918
Inference complete!
Encoder E_xzx_320.pt: AUC=0.2011, AvgRealScore=1.197918

=== Evaluating encoder: E_xzx_3200.pt ===
G params: 351,073
E params: 123,744
D params: 257,024
C params: 205,313
Balanced accuracy (at median threshold): 0.3166
Best F1=0.6667 @ thr=0.5993
Best Accuracy=0.5000 @ thr=1.9843
AUC=0.2419
Average anomaly score on real class: 1.210256
Inference complete!
Encoder E_xzx_3200.pt: AUC=0.2419, AvgRealScore=1.210256

=== Evaluating encoder: E_xzx_3210.pt ===
G params: 351,073
E params: 123,744
D params: 257,024
C params: 205,313
Balanced accuracy (at median threshold): 0.3117
Best F1=0.6667 @ thr=0.6023
Best Accuracy=0.5000 @ thr=2.0049
AUC=0.2345
Average anomaly score on real class: 1.240319
Inference complete!
Encoder E_xzx_3210.pt: AUC=0.2345, AvgRealScore=1.240319

=== Evaluating encoder: E_xzx_3220.pt ===
G params: 351,073
E params: 123,744
D params: 257,024
C params: 205,313
Balanced accuracy (at median threshold): 0.3175
Best F1=0.6667 @ thr=0.5810
Best Accuracy=0.5000 @ thr=1.9958
AUC=0.2390
Average anomaly score on real class: 1.232353
Inference complete!
Encoder E_xzx_3220.pt: AUC=0.239, AvgRealScore=1.232353

=== Evaluating encoder: E_xzx_3230.pt ===
G params: 351,073
E params: 123,744
D params: 257,024
C params: 205,313
Balanced accuracy (at median threshold): 0.3108
Best F1=0.6667 @ thr=0.5953
Best Accuracy=0.5000 @ thr=1.9652
AUC=0.2330
Average anomaly score on real class: 1.219477
Inference complete!
Encoder E_xzx_3230.pt: AUC=0.233, AvgRealScore=1.219477

=== Evaluating encoder: E_xzx_3240.pt ===
G params: 351,073
E params: 123,744
D params: 257,024
C params: 205,313
Balanced accuracy (at median threshold): 0.3145
Best F1=0.6667 @ thr=0.5884
Best Accuracy=0.5000 @ thr=2.0085
AUC=0.2306
Average anomaly score on real class: 1.266699
Inference complete!
Encoder E_xzx_3240.pt: AUC=0.2306, AvgRealScore=1.266699

=== Evaluating encoder: E_xzx_3250.pt ===
G params: 351,073
E params: 123,744
D params: 257,024
C params: 205,313
Balanced accuracy (at median threshold): 0.3206
Best F1=0.6667 @ thr=0.5992
Best Accuracy=0.5000 @ thr=2.0125
AUC=0.2431
Average anomaly score on real class: 1.226160
Inference complete!
Encoder E_xzx_3250.pt: AUC=0.2431, AvgRealScore=1.226160

=== Evaluating encoder: E_xzx_3260.pt ===
G params: 351,073
E params: 123,744
D params: 257,024
C params: 205,313
Balanced accuracy (at median threshold): 0.3188
Best F1=0.6667 @ thr=0.5962
Best Accuracy=0.5000 @ thr=2.0206
AUC=0.2413
Average anomaly score on real class: 1.224895
Inference complete!
Encoder E_xzx_3260.pt: AUC=0.2413, AvgRealScore=1.224895

=== Evaluating encoder: E_xzx_3270.pt ===
G params: 351,073
E params: 123,744
D params: 257,024
C params: 205,313
Balanced accuracy (at median threshold): 0.3182
Best F1=0.6667 @ thr=0.5839
Best Accuracy=0.5000 @ thr=2.0109
AUC=0.2430
Average anomaly score on real class: 1.211588
Inference complete!
Encoder E_xzx_3270.pt: AUC=0.243, AvgRealScore=1.211588

=== Evaluating encoder: E_xzx_3280.pt ===
G params: 351,073
E params: 123,744
D params: 257,024
C params: 205,313
Balanced accuracy (at median threshold): 0.3267
Best F1=0.6667 @ thr=0.5932
Best Accuracy=0.5000 @ thr=2.0425
AUC=0.2513
Average anomaly score on real class: 1.228735
Inference complete!
Encoder E_xzx_3280.pt: AUC=0.2513, AvgRealScore=1.228735

=== Evaluating encoder: E_xzx_3290.pt ===
G params: 351,073
E params: 123,744
D params: 257,024
C params: 205,313
Balanced accuracy (at median threshold): 0.3143
Best F1=0.6667 @ thr=0.5967
Best Accuracy=0.5000 @ thr=1.9980
AUC=0.2372
Average anomaly score on real class: 1.224834
Inference complete!
Encoder E_xzx_3290.pt: AUC=0.2372, AvgRealScore=1.224834

=== Evaluating encoder: E_xzx_330.pt ===
G params: 351,073
E params: 123,744
D params: 257,024
C params: 205,313
Balanced accuracy (at median threshold): 0.2876
Best F1=0.6667 @ thr=0.5813
Best Accuracy=0.5000 @ thr=1.8909
AUC=0.1943
Average anomaly score on real class: 1.240771
Inference complete!
Encoder E_xzx_330.pt: AUC=0.1943, AvgRealScore=1.240771

=== Evaluating encoder: E_xzx_3300.pt ===
G params: 351,073
E params: 123,744
D params: 257,024
C params: 205,313
Balanced accuracy (at median threshold): 0.3101
Best F1=0.6667 @ thr=0.6141
Best Accuracy=0.5000 @ thr=2.0328
AUC=0.2285
Average anomaly score on real class: 1.262684
Inference complete!
Encoder E_xzx_3300.pt: AUC=0.2285, AvgRealScore=1.262684

=== Evaluating encoder: E_xzx_3310.pt ===
G params: 351,073
E params: 123,744
D params: 257,024
C params: 205,313
Balanced accuracy (at median threshold): 0.3152
Best F1=0.6667 @ thr=0.5880
Best Accuracy=0.5000 @ thr=2.0085
AUC=0.2353
Average anomaly score on real class: 1.245932
Inference complete!
Encoder E_xzx_3310.pt: AUC=0.2353, AvgRealScore=1.245932

=== Evaluating encoder: E_xzx_3320.pt ===
G params: 351,073
E params: 123,744
D params: 257,024
C params: 205,313
Balanced accuracy (at median threshold): 0.3317
Best F1=0.6667 @ thr=0.5776
Best Accuracy=0.5000 @ thr=1.9796
AUC=0.2641
Average anomaly score on real class: 1.178007
Inference complete!
Encoder E_xzx_3320.pt: AUC=0.2641, AvgRealScore=1.178007

=== Evaluating encoder: E_xzx_3330.pt ===
G params: 351,073
E params: 123,744
D params: 257,024
C params: 205,313
Balanced accuracy (at median threshold): 0.3193
Best F1=0.6667 @ thr=0.5796
Best Accuracy=0.5000 @ thr=2.0087
AUC=0.2409
Average anomaly score on real class: 1.230141
Inference complete!
Encoder E_xzx_3330.pt: AUC=0.2409, AvgRealScore=1.230141

=== Evaluating encoder: E_xzx_3340.pt ===
G params: 351,073
E params: 123,744
D params: 257,024
C params: 205,313
Balanced accuracy (at median threshold): 0.3179
Best F1=0.6667 @ thr=0.5941
Best Accuracy=0.5000 @ thr=1.9989
AUC=0.2407
Average anomaly score on real class: 1.236818
Inference complete!
Encoder E_xzx_3340.pt: AUC=0.2407, AvgRealScore=1.236818

=== Evaluating encoder: E_xzx_3350.pt ===
G params: 351,073
E params: 123,744
D params: 257,024
C params: 205,313
Balanced accuracy (at median threshold): 0.3095
Best F1=0.6667 @ thr=0.5935
Best Accuracy=0.5000 @ thr=1.9823
AUC=0.2315
Average anomaly score on real class: 1.240881
Inference complete!
Encoder E_xzx_3350.pt: AUC=0.2315, AvgRealScore=1.240881

=== Evaluating encoder: E_xzx_3360.pt ===
G params: 351,073
E params: 123,744
D params: 257,024
C params: 205,313
Balanced accuracy (at median threshold): 0.3140
Best F1=0.6667 @ thr=0.5881
Best Accuracy=0.5000 @ thr=2.0099
AUC=0.2351
Average anomaly score on real class: 1.244295
Inference complete!
Encoder E_xzx_3360.pt: AUC=0.2351, AvgRealScore=1.244295

=== Evaluating encoder: E_xzx_3370.pt ===
G params: 351,073
E params: 123,744
D params: 257,024
C params: 205,313
Balanced accuracy (at median threshold): 0.3115
Best F1=0.6667 @ thr=0.5932
Best Accuracy=0.5000 @ thr=1.9989
AUC=0.2376
Average anomaly score on real class: 1.226135
Inference complete!
Encoder E_xzx_3370.pt: AUC=0.2376, AvgRealScore=1.226135

=== Evaluating encoder: E_xzx_3380.pt ===
G params: 351,073
E params: 123,744
D params: 257,024
C params: 205,313
Balanced accuracy (at median threshold): 0.3034
Best F1=0.6667 @ thr=0.5910
Best Accuracy=0.5000 @ thr=2.0219
AUC=0.2182
Average anomaly score on real class: 1.269796
Inference complete!
Encoder E_xzx_3380.pt: AUC=0.2182, AvgRealScore=1.269796

=== Evaluating encoder: E_xzx_3390.pt ===
G params: 351,073
E params: 123,744
D params: 257,024
C params: 205,313
Balanced accuracy (at median threshold): 0.3129
Best F1=0.6667 @ thr=0.5995
Best Accuracy=0.5000 @ thr=2.0214
AUC=0.2352
Average anomaly score on real class: 1.233736
Inference complete!
Encoder E_xzx_3390.pt: AUC=0.2352, AvgRealScore=1.233736

=== Evaluating encoder: E_xzx_340.pt ===
G params: 351,073
E params: 123,744
D params: 257,024
C params: 205,313
Balanced accuracy (at median threshold): 0.2949
Best F1=0.6667 @ thr=0.5880
Best Accuracy=0.5000 @ thr=1.8176
AUC=0.2101
Average anomaly score on real class: 1.174857
Inference complete!
Encoder E_xzx_340.pt: AUC=0.2101, AvgRealScore=1.174857

=== Evaluating encoder: E_xzx_3400.pt ===
G params: 351,073
E params: 123,744
D params: 257,024
C params: 205,313
Balanced accuracy (at median threshold): 0.3163
Best F1=0.6667 @ thr=0.5834
Best Accuracy=0.5000 @ thr=2.0200
AUC=0.2429
Average anomaly score on real class: 1.220424
Inference complete!
Encoder E_xzx_3400.pt: AUC=0.2429, AvgRealScore=1.220424

=== Evaluating encoder: E_xzx_3410.pt ===
G params: 351,073
E params: 123,744
D params: 257,024
C params: 205,313
Balanced accuracy (at median threshold): 0.3146
Best F1=0.6667 @ thr=0.5915
Best Accuracy=0.5000 @ thr=2.0314
AUC=0.2345
Average anomaly score on real class: 1.241970
Inference complete!
Encoder E_xzx_3410.pt: AUC=0.2345, AvgRealScore=1.241970

=== Evaluating encoder: E_xzx_3420.pt ===
G params: 351,073
E params: 123,744
D params: 257,024
C params: 205,313
Balanced accuracy (at median threshold): 0.3143
Best F1=0.6667 @ thr=0.5930
Best Accuracy=0.5000 @ thr=2.0490
AUC=0.2324
Average anomaly score on real class: 1.257133
Inference complete!
Encoder E_xzx_3420.pt: AUC=0.2324, AvgRealScore=1.257133

=== Evaluating encoder: E_xzx_3430.pt ===
G params: 351,073
E params: 123,744
D params: 257,024
C params: 205,313
Balanced accuracy (at median threshold): 0.3175
Best F1=0.6667 @ thr=0.5864
Best Accuracy=0.5000 @ thr=2.0172
AUC=0.2395
Average anomaly score on real class: 1.225983
Inference complete!
Encoder E_xzx_3430.pt: AUC=0.2395, AvgRealScore=1.225983

=== Evaluating encoder: E_xzx_3440.pt ===
G params: 351,073
E params: 123,744
D params: 257,024
C params: 205,313
Balanced accuracy (at median threshold): 0.3066
Best F1=0.6667 @ thr=0.5935
Best Accuracy=0.5000 @ thr=2.0079
AUC=0.2217
Average anomaly score on real class: 1.267080
Inference complete!
Encoder E_xzx_3440.pt: AUC=0.2217, AvgRealScore=1.267080

=== Evaluating encoder: E_xzx_3450.pt ===
G params: 351,073
E params: 123,744
D params: 257,024
C params: 205,313
Balanced accuracy (at median threshold): 0.3156
Best F1=0.6667 @ thr=0.5948
Best Accuracy=0.5000 @ thr=2.0360
AUC=0.2360
Average anomaly score on real class: 1.247175
Inference complete!
Encoder E_xzx_3450.pt: AUC=0.236, AvgRealScore=1.247175

=== Evaluating encoder: E_xzx_3460.pt ===
G params: 351,073
E params: 123,744
D params: 257,024
C params: 205,313
Balanced accuracy (at median threshold): 0.3140
Best F1=0.6667 @ thr=0.5884
Best Accuracy=0.5000 @ thr=2.0609
AUC=0.2321
Average anomaly score on real class: 1.261178
Inference complete!
Encoder E_xzx_3460.pt: AUC=0.2321, AvgRealScore=1.261178

=== Evaluating encoder: E_xzx_3470.pt ===
G params: 351,073
E params: 123,744
D params: 257,024
C params: 205,313
Balanced accuracy (at median threshold): 0.3200
Best F1=0.6667 @ thr=0.5990
Best Accuracy=0.5000 @ thr=1.9963
AUC=0.2445
Average anomaly score on real class: 1.217503
Inference complete!
Encoder E_xzx_3470.pt: AUC=0.2445, AvgRealScore=1.217503

=== Evaluating encoder: E_xzx_3480.pt ===
G params: 351,073
E params: 123,744
D params: 257,024
C params: 205,313
Balanced accuracy (at median threshold): 0.3233
Best F1=0.6667 @ thr=0.5786
Best Accuracy=0.5000 @ thr=2.0325
AUC=0.2469
Average anomaly score on real class: 1.226139
Inference complete!
Encoder E_xzx_3480.pt: AUC=0.2469, AvgRealScore=1.226139

=== Evaluating encoder: E_xzx_3490.pt ===
G params: 351,073
E params: 123,744
D params: 257,024
C params: 205,313
Balanced accuracy (at median threshold): 0.3159
Best F1=0.6667 @ thr=0.5959
Best Accuracy=0.5000 @ thr=2.0402
AUC=0.2357
Average anomaly score on real class: 1.245690
Inference complete!
Encoder E_xzx_3490.pt: AUC=0.2357, AvgRealScore=1.245690

=== Evaluating encoder: E_xzx_350.pt ===
G params: 351,073
E params: 123,744
D params: 257,024
C params: 205,313
Balanced accuracy (at median threshold): 0.2907
Best F1=0.6667 @ thr=0.5726
Best Accuracy=0.5000 @ thr=1.8569
AUC=0.1995
Average anomaly score on real class: 1.205029
Inference complete!
Encoder E_xzx_350.pt: AUC=0.1995, AvgRealScore=1.205029

=== Evaluating encoder: E_xzx_3500.pt ===
G params: 351,073
E params: 123,744
D params: 257,024
C params: 205,313
Balanced accuracy (at median threshold): 0.3000
Best F1=0.6667 @ thr=0.5925
Best Accuracy=0.5000 @ thr=2.0129
AUC=0.2175
Average anomaly score on real class: 1.273882
Inference complete!
Encoder E_xzx_3500.pt: AUC=0.2175, AvgRealScore=1.273882

=== Evaluating encoder: E_xzx_3510.pt ===
G params: 351,073
E params: 123,744
D params: 257,024
C params: 205,313
Balanced accuracy (at median threshold): 0.3108
Best F1=0.6667 @ thr=0.6022
Best Accuracy=0.5000 @ thr=1.9627
AUC=0.2377
Average anomaly score on real class: 1.221123
Inference complete!
Encoder E_xzx_3510.pt: AUC=0.2377, AvgRealScore=1.221123

=== Evaluating encoder: E_xzx_3520.pt ===
G params: 351,073
E params: 123,744
D params: 257,024
C params: 205,313
Balanced accuracy (at median threshold): 0.3127
Best F1=0.6667 @ thr=0.5959
Best Accuracy=0.5000 @ thr=2.0546
AUC=0.2356
Average anomaly score on real class: 1.252321
Inference complete!
Encoder E_xzx_3520.pt: AUC=0.2356, AvgRealScore=1.252321

=== Evaluating encoder: E_xzx_3530.pt ===
G params: 351,073
E params: 123,744
D params: 257,024
C params: 205,313
Balanced accuracy (at median threshold): 0.3114
Best F1=0.6667 @ thr=0.5933
Best Accuracy=0.5000 @ thr=2.0059
AUC=0.2348
Average anomaly score on real class: 1.227360
Inference complete!
Encoder E_xzx_3530.pt: AUC=0.2348, AvgRealScore=1.227360

=== Evaluating encoder: E_xzx_3540.pt ===
G params: 351,073
E params: 123,744
D params: 257,024
C params: 205,313
Balanced accuracy (at median threshold): 0.3135
Best F1=0.6667 @ thr=0.5931
Best Accuracy=0.5000 @ thr=2.0216
AUC=0.2358
Average anomaly score on real class: 1.243628
Inference complete!
Encoder E_xzx_3540.pt: AUC=0.2358, AvgRealScore=1.243628

=== Evaluating encoder: E_xzx_3550.pt ===
G params: 351,073
E params: 123,744
D params: 257,024
C params: 205,313
Balanced accuracy (at median threshold): 0.3002
Best F1=0.6667 @ thr=0.5843
Best Accuracy=0.5000 @ thr=2.0376
AUC=0.2138
Average anomaly score on real class: 1.289067
Inference complete!
Encoder E_xzx_3550.pt: AUC=0.2138, AvgRealScore=1.289067

=== Evaluating encoder: E_xzx_3560.pt ===
G params: 351,073
E params: 123,744
D params: 257,024
C params: 205,313
Balanced accuracy (at median threshold): 0.3165
Best F1=0.6667 @ thr=0.5811
Best Accuracy=0.5000 @ thr=2.0050
AUC=0.2391
Average anomaly score on real class: 1.235221
Inference complete!
Encoder E_xzx_3560.pt: AUC=0.2391, AvgRealScore=1.235221

=== Evaluating encoder: E_xzx_3570.pt ===
G params: 351,073
E params: 123,744
D params: 257,024
C params: 205,313
Balanced accuracy (at median threshold): 0.3108
Best F1=0.6667 @ thr=0.5782
Best Accuracy=0.5000 @ thr=2.0557
AUC=0.2280
Average anomaly score on real class: 1.264715
Inference complete!
Encoder E_xzx_3570.pt: AUC=0.228, AvgRealScore=1.264715

=== Evaluating encoder: E_xzx_3580.pt ===
G params: 351,073
E params: 123,744
D params: 257,024
C params: 205,313
Balanced accuracy (at median threshold): 0.3094
Best F1=0.6667 @ thr=0.5898
Best Accuracy=0.5000 @ thr=2.0092
AUC=0.2294
Average anomaly score on real class: 1.256068
Inference complete!
Encoder E_xzx_3580.pt: AUC=0.2294, AvgRealScore=1.256068

=== Evaluating encoder: E_xzx_3590.pt ===
G params: 351,073
E params: 123,744
D params: 257,024
C params: 205,313
Balanced accuracy (at median threshold): 0.3082
Best F1=0.6667 @ thr=0.5864
Best Accuracy=0.5000 @ thr=2.0114
AUC=0.2269
Average anomaly score on real class: 1.238520
Inference complete!
Encoder E_xzx_3590.pt: AUC=0.2269, AvgRealScore=1.238520

=== Evaluating encoder: E_xzx_360.pt ===
G params: 351,073
E params: 123,744
D params: 257,024
C params: 205,313
Balanced accuracy (at median threshold): 0.2874
Best F1=0.6667 @ thr=0.5734
Best Accuracy=0.5000 @ thr=1.8955
AUC=0.1930
Average anomaly score on real class: 1.217042
Inference complete!
Encoder E_xzx_360.pt: AUC=0.193, AvgRealScore=1.217042

=== Evaluating encoder: E_xzx_3600.pt ===
G params: 351,073
E params: 123,744
D params: 257,024
C params: 205,313
Balanced accuracy (at median threshold): 0.3074
Best F1=0.6667 @ thr=0.5900
Best Accuracy=0.5000 @ thr=2.0466
AUC=0.2250
Average anomaly score on real class: 1.258788
Inference complete!
Encoder E_xzx_3600.pt: AUC=0.225, AvgRealScore=1.258788

=== Evaluating encoder: E_xzx_3610.pt ===
G params: 351,073
E params: 123,744
D params: 257,024
C params: 205,313
Balanced accuracy (at median threshold): 0.3013
Best F1=0.6667 @ thr=0.5831
Best Accuracy=0.5000 @ thr=2.0318
AUC=0.2205
Average anomaly score on real class: 1.266754
Inference complete!
Encoder E_xzx_3610.pt: AUC=0.2205, AvgRealScore=1.266754

=== Evaluating encoder: E_xzx_3620.pt ===
G params: 351,073
E params: 123,744
D params: 257,024
C params: 205,313
Balanced accuracy (at median threshold): 0.3261
Best F1=0.6667 @ thr=0.5911
Best Accuracy=0.5000 @ thr=1.9898
AUC=0.2536
Average anomaly score on real class: 1.207774
Inference complete!
Encoder E_xzx_3620.pt: AUC=0.2536, AvgRealScore=1.207774

=== Evaluating encoder: E_xzx_3630.pt ===
G params: 351,073
E params: 123,744
D params: 257,024
C params: 205,313
Balanced accuracy (at median threshold): 0.3166
Best F1=0.6667 @ thr=0.5871
Best Accuracy=0.5000 @ thr=2.0263
AUC=0.2406
Average anomaly score on real class: 1.225973
Inference complete!
Encoder E_xzx_3630.pt: AUC=0.2406, AvgRealScore=1.225973

=== Evaluating encoder: E_xzx_3640.pt ===
G params: 351,073
E params: 123,744
D params: 257,024
C params: 205,313
Balanced accuracy (at median threshold): 0.3072
Best F1=0.6667 @ thr=0.6058
Best Accuracy=0.5000 @ thr=2.0100
AUC=0.2252
Average anomaly score on real class: 1.252482
Inference complete!
Encoder E_xzx_3640.pt: AUC=0.2252, AvgRealScore=1.252482

=== Evaluating encoder: E_xzx_3650.pt ===
G params: 351,073
E params: 123,744
D params: 257,024
C params: 205,313
Balanced accuracy (at median threshold): 0.3136
Best F1=0.6667 @ thr=0.5882
Best Accuracy=0.5000 @ thr=2.0330
AUC=0.2323
Average anomaly score on real class: 1.254123
Inference complete!
Encoder E_xzx_3650.pt: AUC=0.2323, AvgRealScore=1.254123

=== Evaluating encoder: E_xzx_3660.pt ===
G params: 351,073
E params: 123,744
D params: 257,024
C params: 205,313
Balanced accuracy (at median threshold): 0.3175
Best F1=0.6667 @ thr=0.5802
Best Accuracy=0.5000 @ thr=2.0168
AUC=0.2383
Average anomaly score on real class: 1.222880
Inference complete!
Encoder E_xzx_3660.pt: AUC=0.2383, AvgRealScore=1.222880

=== Evaluating encoder: E_xzx_3670.pt ===
G params: 351,073
E params: 123,744
D params: 257,024
C params: 205,313
Balanced accuracy (at median threshold): 0.3013
Best F1=0.6667 @ thr=0.6003
Best Accuracy=0.5000 @ thr=0.6003
AUC=0.2191
Average anomaly score on real class: 1.260710
Inference complete!
Encoder E_xzx_3670.pt: AUC=0.2191, AvgRealScore=1.260710

=== Evaluating encoder: E_xzx_3680.pt ===
G params: 351,073
E params: 123,744
D params: 257,024
C params: 205,313
Balanced accuracy (at median threshold): 0.3132
Best F1=0.6667 @ thr=0.6007
Best Accuracy=0.5000 @ thr=2.0275
AUC=0.2335
Average anomaly score on real class: 1.232532
Inference complete!
Encoder E_xzx_3680.pt: AUC=0.2335, AvgRealScore=1.232532

=== Evaluating encoder: E_xzx_3690.pt ===
G params: 351,073
E params: 123,744
D params: 257,024
C params: 205,313
Balanced accuracy (at median threshold): 0.3057
Best F1=0.6667 @ thr=0.5845
Best Accuracy=0.5000 @ thr=2.0477
AUC=0.2232
Average anomaly score on real class: 1.272710
Inference complete!
Encoder E_xzx_3690.pt: AUC=0.2232, AvgRealScore=1.272710

=== Evaluating encoder: E_xzx_370.pt ===
G params: 351,073
E params: 123,744
D params: 257,024
C params: 205,313
Balanced accuracy (at median threshold): 0.2924
Best F1=0.6667 @ thr=0.5759
Best Accuracy=0.5001 @ thr=1.7723
AUC=0.2070
Average anomaly score on real class: 1.172677
Inference complete!
Encoder E_xzx_370.pt: AUC=0.207, AvgRealScore=1.172677

=== Evaluating encoder: E_xzx_3700.pt ===
G params: 351,073
E params: 123,744
D params: 257,024
C params: 205,313
Balanced accuracy (at median threshold): 0.2939
Best F1=0.6667 @ thr=0.6053
Best Accuracy=0.5000 @ thr=2.0782
AUC=0.2073
Average anomaly score on real class: 1.307581
Inference complete!
Encoder E_xzx_3700.pt: AUC=0.2073, AvgRealScore=1.307581

=== Evaluating encoder: E_xzx_3710.pt ===
G params: 351,073
E params: 123,744
D params: 257,024
C params: 205,313
Balanced accuracy (at median threshold): 0.3081
Best F1=0.6667 @ thr=0.5950
Best Accuracy=0.5000 @ thr=1.9755
AUC=0.2298
Average anomaly score on real class: 1.239000
Inference complete!
Encoder E_xzx_3710.pt: AUC=0.2298, AvgRealScore=1.239000

=== Evaluating encoder: E_xzx_3720.pt ===
G params: 351,073
E params: 123,744
D params: 257,024
C params: 205,313
Balanced accuracy (at median threshold): 0.3003
Best F1=0.6667 @ thr=0.5879
Best Accuracy=0.5000 @ thr=0.5879
AUC=0.2128
Average anomaly score on real class: 1.294152
Inference complete!
Encoder E_xzx_3720.pt: AUC=0.2128, AvgRealScore=1.294152

=== Evaluating encoder: E_xzx_3730.pt ===
G params: 351,073
E params: 123,744
D params: 257,024
C params: 205,313
Balanced accuracy (at median threshold): 0.3073
Best F1=0.6667 @ thr=0.5815
Best Accuracy=0.5000 @ thr=2.0388
AUC=0.2250
Average anomaly score on real class: 1.265023
Inference complete!
Encoder E_xzx_3730.pt: AUC=0.225, AvgRealScore=1.265023

=== Evaluating encoder: E_xzx_3740.pt ===
G params: 351,073
E params: 123,744
D params: 257,024
C params: 205,313
Balanced accuracy (at median threshold): 0.3193
Best F1=0.6667 @ thr=0.5906
Best Accuracy=0.5000 @ thr=2.0149
AUC=0.2450
Average anomaly score on real class: 1.231914
Inference complete!
Encoder E_xzx_3740.pt: AUC=0.245, AvgRealScore=1.231914

=== Evaluating encoder: E_xzx_3750.pt ===
G params: 351,073
E params: 123,744
D params: 257,024
C params: 205,313
Balanced accuracy (at median threshold): 0.3078
Best F1=0.6667 @ thr=0.5985
Best Accuracy=0.5000 @ thr=2.0545
AUC=0.2268
Average anomaly score on real class: 1.255008
Inference complete!
Encoder E_xzx_3750.pt: AUC=0.2268, AvgRealScore=1.255008

=== Evaluating encoder: E_xzx_3760.pt ===
G params: 351,073
E params: 123,744
D params: 257,024
C params: 205,313
Balanced accuracy (at median threshold): 0.3183
Best F1=0.6667 @ thr=0.6058
Best Accuracy=0.5000 @ thr=2.0172
AUC=0.2372
Average anomaly score on real class: 1.257762
Inference complete!
Encoder E_xzx_3760.pt: AUC=0.2372, AvgRealScore=1.257762

=== Evaluating encoder: E_xzx_3770.pt ===
G params: 351,073
E params: 123,744
D params: 257,024
C params: 205,313
Balanced accuracy (at median threshold): 0.3165
Best F1=0.6667 @ thr=0.5860
Best Accuracy=0.5000 @ thr=1.9861
AUC=0.2429
Average anomaly score on real class: 1.222280
Inference complete!
Encoder E_xzx_3770.pt: AUC=0.2429, AvgRealScore=1.222280

=== Evaluating encoder: E_xzx_3780.pt ===
G params: 351,073
E params: 123,744
D params: 257,024
C params: 205,313
Balanced accuracy (at median threshold): 0.3120
Best F1=0.6667 @ thr=0.5896
Best Accuracy=0.5000 @ thr=1.9980
AUC=0.2333
Average anomaly score on real class: 1.236960
Inference complete!
Encoder E_xzx_3780.pt: AUC=0.2333, AvgRealScore=1.236960

=== Evaluating encoder: E_xzx_3790.pt ===
G params: 351,073
E params: 123,744
D params: 257,024
C params: 205,313
Balanced accuracy (at median threshold): 0.3106
Best F1=0.6667 @ thr=0.5872
Best Accuracy=0.5000 @ thr=2.0121
AUC=0.2368
Average anomaly score on real class: 1.222156
Inference complete!
Encoder E_xzx_3790.pt: AUC=0.2368, AvgRealScore=1.222156

=== Evaluating encoder: E_xzx_380.pt ===
G params: 351,073
E params: 123,744
D params: 257,024
C params: 205,313
Balanced accuracy (at median threshold): 0.2856
Best F1=0.6667 @ thr=0.5853
Best Accuracy=0.5000 @ thr=1.9065
AUC=0.1908
Average anomaly score on real class: 1.254070
Inference complete!
Encoder E_xzx_380.pt: AUC=0.1908, AvgRealScore=1.254070

=== Evaluating encoder: E_xzx_3800.pt ===
G params: 351,073
E params: 123,744
D params: 257,024
C params: 205,313
Balanced accuracy (at median threshold): 0.3099
Best F1=0.6667 @ thr=0.6055
Best Accuracy=0.5000 @ thr=2.0225
AUC=0.2313
Average anomaly score on real class: 1.256493
Inference complete!
Encoder E_xzx_3800.pt: AUC=0.2313, AvgRealScore=1.256493

=== Evaluating encoder: E_xzx_3810.pt ===
G params: 351,073
E params: 123,744
D params: 257,024
C params: 205,313
Balanced accuracy (at median threshold): 0.3100
Best F1=0.6667 @ thr=0.6013
Best Accuracy=0.5000 @ thr=2.0408
AUC=0.2313
Average anomaly score on real class: 1.246961
Inference complete!
Encoder E_xzx_3810.pt: AUC=0.2313, AvgRealScore=1.246961

=== Evaluating encoder: E_xzx_3820.pt ===
G params: 351,073
E params: 123,744
D params: 257,024
C params: 205,313
Balanced accuracy (at median threshold): 0.3220
Best F1=0.6667 @ thr=0.6003
Best Accuracy=0.5000 @ thr=1.9838
AUC=0.2523
Average anomaly score on real class: 1.213143
Inference complete!
Encoder E_xzx_3820.pt: AUC=0.2523, AvgRealScore=1.213143

=== Evaluating encoder: E_xzx_3830.pt ===
G params: 351,073
E params: 123,744
D params: 257,024
C params: 205,313
Balanced accuracy (at median threshold): 0.3195
Best F1=0.6667 @ thr=0.5906
Best Accuracy=0.5000 @ thr=2.0126
AUC=0.2428
Average anomaly score on real class: 1.228380
Inference complete!
Encoder E_xzx_3830.pt: AUC=0.2428, AvgRealScore=1.228380

=== Evaluating encoder: E_xzx_3840.pt ===
G params: 351,073
E params: 123,744
D params: 257,024
C params: 205,313
Balanced accuracy (at median threshold): 0.3154
Best F1=0.6667 @ thr=0.5873
Best Accuracy=0.5000 @ thr=2.0133
AUC=0.2419
Average anomaly score on real class: 1.211427
Inference complete!
Encoder E_xzx_3840.pt: AUC=0.2419, AvgRealScore=1.211427

=== Evaluating encoder: E_xzx_3850.pt ===
G params: 351,073
E params: 123,744
D params: 257,024
C params: 205,313
Balanced accuracy (at median threshold): 0.3160
Best F1=0.6667 @ thr=0.5824
Best Accuracy=0.5000 @ thr=2.0304
AUC=0.2387
Average anomaly score on real class: 1.242081
Inference complete!
Encoder E_xzx_3850.pt: AUC=0.2387, AvgRealScore=1.242081

=== Evaluating encoder: E_xzx_3860.pt ===
G params: 351,073
E params: 123,744
D params: 257,024
C params: 205,313
Balanced accuracy (at median threshold): 0.3109
Best F1=0.6667 @ thr=0.5906
Best Accuracy=0.5000 @ thr=2.0092
AUC=0.2347
Average anomaly score on real class: 1.223761
Inference complete!
Encoder E_xzx_3860.pt: AUC=0.2347, AvgRealScore=1.223761

=== Evaluating encoder: E_xzx_3870.pt ===
G params: 351,073
E params: 123,744
D params: 257,024
C params: 205,313
Balanced accuracy (at median threshold): 0.3115
Best F1=0.6667 @ thr=0.5830
Best Accuracy=0.5000 @ thr=2.0467
AUC=0.2299
Average anomaly score on real class: 1.259949
Inference complete!
Encoder E_xzx_3870.pt: AUC=0.2299, AvgRealScore=1.259949

=== Evaluating encoder: E_xzx_3880.pt ===
G params: 351,073
E params: 123,744
D params: 257,024
C params: 205,313
Balanced accuracy (at median threshold): 0.3051
Best F1=0.6667 @ thr=0.5982
Best Accuracy=0.5000 @ thr=0.5982
AUC=0.2227
Average anomaly score on real class: 1.273217
Inference complete!
Encoder E_xzx_3880.pt: AUC=0.2227, AvgRealScore=1.273217

=== Evaluating encoder: E_xzx_3890.pt ===
G params: 351,073
E params: 123,744
D params: 257,024
C params: 205,313
Balanced accuracy (at median threshold): 0.3012
Best F1=0.6667 @ thr=0.5939
Best Accuracy=0.5000 @ thr=2.0796
AUC=0.2225
Average anomaly score on real class: 1.280010
Inference complete!
Encoder E_xzx_3890.pt: AUC=0.2225, AvgRealScore=1.280010

=== Evaluating encoder: E_xzx_390.pt ===
G params: 351,073
E params: 123,744
D params: 257,024
C params: 205,313
Balanced accuracy (at median threshold): 0.2859
Best F1=0.6667 @ thr=0.5782
Best Accuracy=0.5000 @ thr=1.8350
AUC=0.1988
Average anomaly score on real class: 1.204905
Inference complete!
Encoder E_xzx_390.pt: AUC=0.1988, AvgRealScore=1.204905

=== Evaluating encoder: E_xzx_3900.pt ===
G params: 351,073
E params: 123,744
D params: 257,024
C params: 205,313
Balanced accuracy (at median threshold): 0.3095
Best F1=0.6667 @ thr=0.5879
Best Accuracy=0.5000 @ thr=1.9930
AUC=0.2334
Average anomaly score on real class: 1.237402
Inference complete!
Encoder E_xzx_3900.pt: AUC=0.2334, AvgRealScore=1.237402

=== Evaluating encoder: E_xzx_3910.pt ===
G params: 351,073
E params: 123,744
D params: 257,024
C params: 205,313
Balanced accuracy (at median threshold): 0.3247
Best F1=0.6667 @ thr=0.5842
Best Accuracy=0.5000 @ thr=2.0094
AUC=0.2531
Average anomaly score on real class: 1.197111
Inference complete!
Encoder E_xzx_3910.pt: AUC=0.2531, AvgRealScore=1.197111

=== Evaluating encoder: E_xzx_3920.pt ===
G params: 351,073
E params: 123,744
D params: 257,024
C params: 205,313
Balanced accuracy (at median threshold): 0.3131
Best F1=0.6667 @ thr=0.5913
Best Accuracy=0.5000 @ thr=2.0299
AUC=0.2310
Average anomaly score on real class: 1.260186
Inference complete!
Encoder E_xzx_3920.pt: AUC=0.231, AvgRealScore=1.260186

=== Evaluating encoder: E_xzx_3930.pt ===
G params: 351,073
E params: 123,744
D params: 257,024
C params: 205,313
Balanced accuracy (at median threshold): 0.3138
Best F1=0.6667 @ thr=0.5977
Best Accuracy=0.5000 @ thr=2.0429
AUC=0.2348
Average anomaly score on real class: 1.257311
Inference complete!
Encoder E_xzx_3930.pt: AUC=0.2348, AvgRealScore=1.257311

=== Evaluating encoder: E_xzx_3940.pt ===
G params: 351,073
E params: 123,744
D params: 257,024
C params: 205,313
Balanced accuracy (at median threshold): 0.3122
Best F1=0.6667 @ thr=0.5867
Best Accuracy=0.5000 @ thr=2.0108
AUC=0.2362
Average anomaly score on real class: 1.226301
Inference complete!
Encoder E_xzx_3940.pt: AUC=0.2362, AvgRealScore=1.226301

=== Evaluating encoder: E_xzx_3950.pt ===
G params: 351,073
E params: 123,744
D params: 257,024
C params: 205,313
Balanced accuracy (at median threshold): 0.3059
Best F1=0.6667 @ thr=0.5895
Best Accuracy=0.5000 @ thr=2.0470
AUC=0.2231
Average anomaly score on real class: 1.268841
Inference complete!
Encoder E_xzx_3950.pt: AUC=0.2231, AvgRealScore=1.268841

=== Evaluating encoder: E_xzx_3960.pt ===
G params: 351,073
E params: 123,744
D params: 257,024
C params: 205,313
Balanced accuracy (at median threshold): 0.3105
Best F1=0.6667 @ thr=0.6016
Best Accuracy=0.5000 @ thr=1.9963
AUC=0.2269
Average anomaly score on real class: 1.270922
Inference complete!
Encoder E_xzx_3960.pt: AUC=0.2269, AvgRealScore=1.270922

=== Evaluating encoder: E_xzx_3970.pt ===
G params: 351,073
E params: 123,744
D params: 257,024
C params: 205,313
Balanced accuracy (at median threshold): 0.3349
Best F1=0.6667 @ thr=0.5698
Best Accuracy=0.5000 @ thr=2.0185
AUC=0.2676
Average anomaly score on real class: 1.189754
Inference complete!
Encoder E_xzx_3970.pt: AUC=0.2676, AvgRealScore=1.189754

=== Evaluating encoder: E_xzx_3980.pt ===
G params: 351,073
E params: 123,744
D params: 257,024
C params: 205,313
Balanced accuracy (at median threshold): 0.2972
Best F1=0.6667 @ thr=0.5955
Best Accuracy=0.5000 @ thr=2.0777
AUC=0.2094
Average anomaly score on real class: 1.301321
Inference complete!
Encoder E_xzx_3980.pt: AUC=0.2094, AvgRealScore=1.301321

=== Evaluating encoder: E_xzx_3990.pt ===
G params: 351,073
E params: 123,744
D params: 257,024
C params: 205,313
Balanced accuracy (at median threshold): 0.3129
Best F1=0.6667 @ thr=0.5991
Best Accuracy=0.5000 @ thr=2.0155
AUC=0.2328
Average anomaly score on real class: 1.259776
Inference complete!
Encoder E_xzx_3990.pt: AUC=0.2328, AvgRealScore=1.259776

=== Evaluating encoder: E_xzx_40.pt ===
G params: 351,073
E params: 123,744
D params: 257,024
C params: 205,313
Balanced accuracy (at median threshold): 0.2885
Best F1=0.6667 @ thr=0.5953
Best Accuracy=0.5000 @ thr=1.6290
AUC=0.2015
Average anomaly score on real class: 1.111419
Inference complete!
Encoder E_xzx_40.pt: AUC=0.2015, AvgRealScore=1.111419

=== Evaluating encoder: E_xzx_400.pt ===
G params: 351,073
E params: 123,744
D params: 257,024
C params: 205,313
Balanced accuracy (at median threshold): 0.2949
Best F1=0.6667 @ thr=0.5879
Best Accuracy=0.5000 @ thr=1.8173
AUC=0.2075
Average anomaly score on real class: 1.180743
Inference complete!
Encoder E_xzx_400.pt: AUC=0.2075, AvgRealScore=1.180743

=== Evaluating encoder: E_xzx_4000.pt ===
G params: 351,073
E params: 123,744
D params: 257,024
C params: 205,313
Balanced accuracy (at median threshold): 0.3118
Best F1=0.6667 @ thr=0.5925
Best Accuracy=0.5000 @ thr=2.0563
AUC=0.2294
Average anomaly score on real class: 1.277654
Inference complete!
Encoder E_xzx_4000.pt: AUC=0.2294, AvgRealScore=1.277654

=== Evaluating encoder: E_xzx_4010.pt ===
G params: 351,073
E params: 123,744
D params: 257,024
C params: 205,313
Balanced accuracy (at median threshold): 0.3158
Best F1=0.6667 @ thr=0.5913
Best Accuracy=0.5000 @ thr=1.9999
AUC=0.2398
Average anomaly score on real class: 1.223283
Inference complete!
Encoder E_xzx_4010.pt: AUC=0.2398, AvgRealScore=1.223283

=== Evaluating encoder: E_xzx_4020.pt ===
G params: 351,073
E params: 123,744
D params: 257,024
C params: 205,313
Balanced accuracy (at median threshold): 0.3119
Best F1=0.6667 @ thr=0.6097
Best Accuracy=0.5000 @ thr=1.9724
AUC=0.2385
Average anomaly score on real class: 1.237804
Inference complete!
Encoder E_xzx_4020.pt: AUC=0.2385, AvgRealScore=1.237804

=== Evaluating encoder: E_xzx_4030.pt ===
G params: 351,073
E params: 123,744
D params: 257,024
C params: 205,313
Balanced accuracy (at median threshold): 0.3028
Best F1=0.6667 @ thr=0.5939
Best Accuracy=0.5000 @ thr=2.0456
AUC=0.2213
Average anomaly score on real class: 1.258797
Inference complete!
Encoder E_xzx_4030.pt: AUC=0.2213, AvgRealScore=1.258797

=== Evaluating encoder: E_xzx_4040.pt ===
G params: 351,073
E params: 123,744
D params: 257,024
C params: 205,313
Balanced accuracy (at median threshold): 0.2982
Best F1=0.6667 @ thr=0.5933
Best Accuracy=0.5000 @ thr=2.0398
AUC=0.2135
Average anomaly score on real class: 1.285699
Inference complete!
Encoder E_xzx_4040.pt: AUC=0.2135, AvgRealScore=1.285699

=== Evaluating encoder: E_xzx_4050.pt ===
G params: 351,073
E params: 123,744
D params: 257,024
C params: 205,313
Balanced accuracy (at median threshold): 0.3155
Best F1=0.6667 @ thr=0.5837
Best Accuracy=0.5000 @ thr=2.0284
AUC=0.2375
Average anomaly score on real class: 1.242736
Inference complete!
Encoder E_xzx_4050.pt: AUC=0.2375, AvgRealScore=1.242736

=== Evaluating encoder: E_xzx_4060.pt ===
G params: 351,073
E params: 123,744
D params: 257,024
C params: 205,313
Balanced accuracy (at median threshold): 0.3058
Best F1=0.6667 @ thr=0.5857
Best Accuracy=0.5000 @ thr=2.0268
AUC=0.2247
Average anomaly score on real class: 1.262674
Inference complete!
Encoder E_xzx_4060.pt: AUC=0.2247, AvgRealScore=1.262674

=== Evaluating encoder: E_xzx_4070.pt ===
G params: 351,073
E params: 123,744
D params: 257,024
C params: 205,313
Balanced accuracy (at median threshold): 0.3034
Best F1=0.6667 @ thr=0.5878
Best Accuracy=0.5000 @ thr=1.9975
AUC=0.2227
Average anomaly score on real class: 1.262701
Inference complete!
Encoder E_xzx_4070.pt: AUC=0.2227, AvgRealScore=1.262701

=== Evaluating encoder: E_xzx_4080.pt ===
G params: 351,073
E params: 123,744
D params: 257,024
C params: 205,313
Balanced accuracy (at median threshold): 0.3129
Best F1=0.6667 @ thr=0.5958
Best Accuracy=0.5000 @ thr=2.0227
AUC=0.2347
Average anomaly score on real class: 1.241324
Inference complete!
Encoder E_xzx_4080.pt: AUC=0.2347, AvgRealScore=1.241324

=== Evaluating encoder: E_xzx_4090.pt ===
G params: 351,073
E params: 123,744
D params: 257,024
C params: 205,313
Balanced accuracy (at median threshold): 0.3037
Best F1=0.6667 @ thr=0.5885
Best Accuracy=0.5000 @ thr=2.0520
AUC=0.2212
Average anomaly score on real class: 1.272865
Inference complete!
Encoder E_xzx_4090.pt: AUC=0.2212, AvgRealScore=1.272865

=== Evaluating encoder: E_xzx_410.pt ===
G params: 351,073
E params: 123,744
D params: 257,024
C params: 205,313
Balanced accuracy (at median threshold): 0.2894
Best F1=0.6667 @ thr=0.5978
Best Accuracy=0.5000 @ thr=1.8070
AUC=0.2049
Average anomaly score on real class: 1.173607
Inference complete!
Encoder E_xzx_410.pt: AUC=0.2049, AvgRealScore=1.173607

=== Evaluating encoder: E_xzx_4100.pt ===
G params: 351,073
E params: 123,744
D params: 257,024
C params: 205,313
Balanced accuracy (at median threshold): 0.3137
Best F1=0.6667 @ thr=0.6079
Best Accuracy=0.5000 @ thr=2.0342
AUC=0.2310
Average anomaly score on real class: 1.257009
Inference complete!
Encoder E_xzx_4100.pt: AUC=0.231, AvgRealScore=1.257009

=== Evaluating encoder: E_xzx_4110.pt ===
G params: 351,073
E params: 123,744
D params: 257,024
C params: 205,313
Balanced accuracy (at median threshold): 0.3258
Best F1=0.6667 @ thr=0.5876
Best Accuracy=0.5000 @ thr=1.9905
AUC=0.2551
Average anomaly score on real class: 1.201336
Inference complete!
Encoder E_xzx_4110.pt: AUC=0.2551, AvgRealScore=1.201336

=== Evaluating encoder: E_xzx_4120.pt ===
G params: 351,073
E params: 123,744
D params: 257,024
C params: 205,313
Balanced accuracy (at median threshold): 0.3080
Best F1=0.6667 @ thr=0.5912
Best Accuracy=0.5000 @ thr=2.0784
AUC=0.2247
Average anomaly score on real class: 1.275117
Inference complete!
Encoder E_xzx_4120.pt: AUC=0.2247, AvgRealScore=1.275117

=== Evaluating encoder: E_xzx_4130.pt ===
G params: 351,073
E params: 123,744
D params: 257,024
C params: 205,313
Balanced accuracy (at median threshold): 0.3039
Best F1=0.6667 @ thr=0.5896
Best Accuracy=0.5000 @ thr=2.0570
AUC=0.2195
Average anomaly score on real class: 1.306322
Inference complete!
Encoder E_xzx_4130.pt: AUC=0.2195, AvgRealScore=1.306322

=== Evaluating encoder: E_xzx_4140.pt ===
G params: 351,073
E params: 123,744
D params: 257,024
C params: 205,313
Balanced accuracy (at median threshold): 0.3146
Best F1=0.6667 @ thr=0.6050
Best Accuracy=0.5000 @ thr=2.0581
AUC=0.2324
Average anomaly score on real class: 1.250466
Inference complete!
Encoder E_xzx_4140.pt: AUC=0.2324, AvgRealScore=1.250466

=== Evaluating encoder: E_xzx_4150.pt ===
G params: 351,073
E params: 123,744
D params: 257,024
C params: 205,313
Balanced accuracy (at median threshold): 0.3106
Best F1=0.6667 @ thr=0.5973
Best Accuracy=0.5000 @ thr=2.0419
AUC=0.2305
Average anomaly score on real class: 1.263224
Inference complete!
Encoder E_xzx_4150.pt: AUC=0.2305, AvgRealScore=1.263224

=== Evaluating encoder: E_xzx_4160.pt ===
G params: 351,073
E params: 123,744
D params: 257,024
C params: 205,313
Balanced accuracy (at median threshold): 0.3094
Best F1=0.6667 @ thr=0.5861
Best Accuracy=0.5000 @ thr=2.0194
AUC=0.2301
Average anomaly score on real class: 1.244280
Inference complete!
Encoder E_xzx_4160.pt: AUC=0.2301, AvgRealScore=1.244280

=== Evaluating encoder: E_xzx_4170.pt ===
G params: 351,073
E params: 123,744
D params: 257,024
C params: 205,313
Balanced accuracy (at median threshold): 0.3122
Best F1=0.6667 @ thr=0.5856
Best Accuracy=0.5000 @ thr=1.9984
AUC=0.2339
Average anomaly score on real class: 1.235161
Inference complete!
Encoder E_xzx_4170.pt: AUC=0.2339, AvgRealScore=1.235161

=== Evaluating encoder: E_xzx_4180.pt ===
G params: 351,073
E params: 123,744
D params: 257,024
C params: 205,313
Balanced accuracy (at median threshold): 0.3108
Best F1=0.6667 @ thr=0.5880
Best Accuracy=0.5000 @ thr=2.0571
AUC=0.2302
Average anomaly score on real class: 1.256460
Inference complete!
Encoder E_xzx_4180.pt: AUC=0.2302, AvgRealScore=1.256460

=== Evaluating encoder: E_xzx_4190.pt ===
G params: 351,073
E params: 123,744
D params: 257,024
C params: 205,313
Balanced accuracy (at median threshold): 0.3177
Best F1=0.6667 @ thr=0.5930
Best Accuracy=0.5000 @ thr=2.0219
AUC=0.2401
Average anomaly score on real class: 1.232496
Inference complete!
Encoder E_xzx_4190.pt: AUC=0.2401, AvgRealScore=1.232496

=== Evaluating encoder: E_xzx_420.pt ===
G params: 351,073
E params: 123,744
D params: 257,024
C params: 205,313
Balanced accuracy (at median threshold): 0.2883
Best F1=0.6667 @ thr=0.5864
Best Accuracy=0.5000 @ thr=1.8486
AUC=0.1955
Average anomaly score on real class: 1.217489
Inference complete!
Encoder E_xzx_420.pt: AUC=0.1955, AvgRealScore=1.217489

=== Evaluating encoder: E_xzx_4200.pt ===
G params: 351,073
E params: 123,744
D params: 257,024
C params: 205,313
Balanced accuracy (at median threshold): 0.3174
Best F1=0.6667 @ thr=0.6013
Best Accuracy=0.5000 @ thr=2.0298
AUC=0.2377
Average anomaly score on real class: 1.240980
Inference complete!
Encoder E_xzx_4200.pt: AUC=0.2377, AvgRealScore=1.240980

=== Evaluating encoder: E_xzx_4210.pt ===
G params: 351,073
E params: 123,744
D params: 257,024
C params: 205,313
Balanced accuracy (at median threshold): 0.3147
Best F1=0.6667 @ thr=0.6037
Best Accuracy=0.5000 @ thr=1.9782
AUC=0.2390
Average anomaly score on real class: 1.239471
Inference complete!
Encoder E_xzx_4210.pt: AUC=0.239, AvgRealScore=1.239471

=== Evaluating encoder: E_xzx_4220.pt ===
G params: 351,073
E params: 123,744
D params: 257,024
C params: 205,313
Balanced accuracy (at median threshold): 0.3211
Best F1=0.6667 @ thr=0.5903
Best Accuracy=0.5000 @ thr=1.9976
AUC=0.2468
Average anomaly score on real class: 1.213924
Inference complete!
Encoder E_xzx_4220.pt: AUC=0.2468, AvgRealScore=1.213924

=== Evaluating encoder: E_xzx_4230.pt ===
G params: 351,073
E params: 123,744
D params: 257,024
C params: 205,313
Balanced accuracy (at median threshold): 0.3078
Best F1=0.6667 @ thr=0.6099
Best Accuracy=0.5000 @ thr=2.0604
AUC=0.2289
Average anomaly score on real class: 1.268607
Inference complete!
Encoder E_xzx_4230.pt: AUC=0.2289, AvgRealScore=1.268607

=== Evaluating encoder: E_xzx_4240.pt ===
G params: 351,073
E params: 123,744
D params: 257,024
C params: 205,313
Balanced accuracy (at median threshold): 0.3025
Best F1=0.6667 @ thr=0.6025
Best Accuracy=0.5000 @ thr=2.0340
AUC=0.2196
Average anomaly score on real class: 1.275000
Inference complete!
Encoder E_xzx_4240.pt: AUC=0.2196, AvgRealScore=1.275000

=== Evaluating encoder: E_xzx_4250.pt ===
G params: 351,073
E params: 123,744
D params: 257,024
C params: 205,313
Balanced accuracy (at median threshold): 0.3064
Best F1=0.6667 @ thr=0.5897
Best Accuracy=0.5000 @ thr=2.0305
AUC=0.2277
Average anomaly score on real class: 1.253554
Inference complete!
Encoder E_xzx_4250.pt: AUC=0.2277, AvgRealScore=1.253554

=== Evaluating encoder: E_xzx_4260.pt ===
G params: 351,073
E params: 123,744
D params: 257,024
C params: 205,313
Balanced accuracy (at median threshold): 0.3227
Best F1=0.6667 @ thr=0.6007
Best Accuracy=0.5000 @ thr=2.0117
AUC=0.2496
Average anomaly score on real class: 1.223488
Inference complete!
Encoder E_xzx_4260.pt: AUC=0.2496, AvgRealScore=1.223488

=== Evaluating encoder: E_xzx_4270.pt ===
G params: 351,073
E params: 123,744
D params: 257,024
C params: 205,313
Balanced accuracy (at median threshold): 0.3012
Best F1=0.6667 @ thr=0.5967
Best Accuracy=0.5000 @ thr=0.5967
AUC=0.2201
Average anomaly score on real class: 1.251106
Inference complete!
Encoder E_xzx_4270.pt: AUC=0.2201, AvgRealScore=1.251106

=== Evaluating encoder: E_xzx_4280.pt ===
G params: 351,073
E params: 123,744
D params: 257,024
C params: 205,313
Balanced accuracy (at median threshold): 0.3250
Best F1=0.6667 @ thr=0.5907
Best Accuracy=0.5000 @ thr=1.9750
AUC=0.2524
Average anomaly score on real class: 1.210689
Inference complete!
Encoder E_xzx_4280.pt: AUC=0.2524, AvgRealScore=1.210689

=== Evaluating encoder: E_xzx_4290.pt ===
G params: 351,073
E params: 123,744
D params: 257,024
C params: 205,313
Balanced accuracy (at median threshold): 0.3145
Best F1=0.6667 @ thr=0.5824
Best Accuracy=0.5000 @ thr=2.0238
AUC=0.2401
Average anomaly score on real class: 1.229202
Inference complete!
Encoder E_xzx_4290.pt: AUC=0.2401, AvgRealScore=1.229202

=== Evaluating encoder: E_xzx_430.pt ===
G params: 351,073
E params: 123,744
D params: 257,024
C params: 205,313
Balanced accuracy (at median threshold): 0.2948
Best F1=0.6667 @ thr=0.5788
Best Accuracy=0.5000 @ thr=1.8862
AUC=0.2039
Average anomaly score on real class: 1.210062
Inference complete!
Encoder E_xzx_430.pt: AUC=0.2039, AvgRealScore=1.210062

=== Evaluating encoder: E_xzx_4300.pt ===
G params: 351,073
E params: 123,744
D params: 257,024
C params: 205,313
Balanced accuracy (at median threshold): 0.3214
Best F1=0.6667 @ thr=0.5949
Best Accuracy=0.5000 @ thr=1.9981
AUC=0.2508
Average anomaly score on real class: 1.219833
Inference complete!
Encoder E_xzx_4300.pt: AUC=0.2508, AvgRealScore=1.219833

=== Evaluating encoder: E_xzx_4310.pt ===
G params: 351,073
E params: 123,744
D params: 257,024
C params: 205,313
Balanced accuracy (at median threshold): 0.3099
Best F1=0.6667 @ thr=0.5846
Best Accuracy=0.5000 @ thr=2.0131
AUC=0.2363
Average anomaly score on real class: 1.222898
Inference complete!
Encoder E_xzx_4310.pt: AUC=0.2363, AvgRealScore=1.222898

=== Evaluating encoder: E_xzx_4320.pt ===
G params: 351,073
E params: 123,744
D params: 257,024
C params: 205,313
Balanced accuracy (at median threshold): 0.3238
Best F1=0.6667 @ thr=0.6017
Best Accuracy=0.5000 @ thr=2.0372
AUC=0.2503
Average anomaly score on real class: 1.221568
Inference complete!
Encoder E_xzx_4320.pt: AUC=0.2503, AvgRealScore=1.221568

=== Evaluating encoder: E_xzx_4330.pt ===
G params: 351,073
E params: 123,744
D params: 257,024
C params: 205,313
Balanced accuracy (at median threshold): 0.3097
Best F1=0.6667 @ thr=0.5963
Best Accuracy=0.5000 @ thr=1.9977
AUC=0.2379
Average anomaly score on real class: 1.219939
Inference complete!
Encoder E_xzx_4330.pt: AUC=0.2379, AvgRealScore=1.219939

=== Evaluating encoder: E_xzx_4340.pt ===
G params: 351,073
E params: 123,744
D params: 257,024
C params: 205,313
Balanced accuracy (at median threshold): 0.3168
Best F1=0.6667 @ thr=0.5940
Best Accuracy=0.5000 @ thr=2.0280
AUC=0.2340
Average anomaly score on real class: 1.252397
Inference complete!
Encoder E_xzx_4340.pt: AUC=0.234, AvgRealScore=1.252397

=== Evaluating encoder: E_xzx_4350.pt ===
G params: 351,073
E params: 123,744
D params: 257,024
C params: 205,313
Balanced accuracy (at median threshold): 0.3152
Best F1=0.6667 @ thr=0.5932
Best Accuracy=0.5000 @ thr=2.0355
AUC=0.2386
Average anomaly score on real class: 1.243621
Inference complete!
Encoder E_xzx_4350.pt: AUC=0.2386, AvgRealScore=1.243621

=== Evaluating encoder: E_xzx_4360.pt ===
G params: 351,073
E params: 123,744
D params: 257,024
C params: 205,313
Balanced accuracy (at median threshold): 0.3086
Best F1=0.6667 @ thr=0.5977
Best Accuracy=0.5000 @ thr=2.0051
AUC=0.2302
Average anomaly score on real class: 1.245324
Inference complete!
Encoder E_xzx_4360.pt: AUC=0.2302, AvgRealScore=1.245324

=== Evaluating encoder: E_xzx_4370.pt ===
G params: 351,073
E params: 123,744
D params: 257,024
C params: 205,313
Balanced accuracy (at median threshold): 0.3211
Best F1=0.6667 @ thr=0.6094
Best Accuracy=0.5000 @ thr=1.9779
AUC=0.2494
Average anomaly score on real class: 1.211435
Inference complete!
Encoder E_xzx_4370.pt: AUC=0.2494, AvgRealScore=1.211435

=== Evaluating encoder: E_xzx_4380.pt ===
G params: 351,073
E params: 123,744
D params: 257,024
C params: 205,313
Balanced accuracy (at median threshold): 0.3106
Best F1=0.6667 @ thr=0.5860
Best Accuracy=0.5000 @ thr=2.0235
AUC=0.2301
Average anomaly score on real class: 1.246860
Inference complete!
Encoder E_xzx_4380.pt: AUC=0.2301, AvgRealScore=1.246860

=== Evaluating encoder: E_xzx_4390.pt ===
G params: 351,073
E params: 123,744
D params: 257,024
C params: 205,313
Balanced accuracy (at median threshold): 0.3160
Best F1=0.6667 @ thr=0.6005
Best Accuracy=0.5000 @ thr=2.0199
AUC=0.2477
Average anomaly score on real class: 1.209597
Inference complete!
Encoder E_xzx_4390.pt: AUC=0.2477, AvgRealScore=1.209597

=== Evaluating encoder: E_xzx_440.pt ===
G params: 351,073
E params: 123,744
D params: 257,024
C params: 205,313
Balanced accuracy (at median threshold): 0.2901
Best F1=0.6667 @ thr=0.5939
Best Accuracy=0.5001 @ thr=1.8143
AUC=0.2008
Average anomaly score on real class: 1.212057
Inference complete!
Encoder E_xzx_440.pt: AUC=0.2008, AvgRealScore=1.212057

=== Evaluating encoder: E_xzx_4400.pt ===
G params: 351,073
E params: 123,744
D params: 257,024
C params: 205,313
Balanced accuracy (at median threshold): 0.3135
Best F1=0.6667 @ thr=0.5892
Best Accuracy=0.5000 @ thr=2.0179
AUC=0.2369
Average anomaly score on real class: 1.246186
Inference complete!
Encoder E_xzx_4400.pt: AUC=0.2369, AvgRealScore=1.246186

=== Evaluating encoder: E_xzx_4410.pt ===
G params: 351,073
E params: 123,744
D params: 257,024
C params: 205,313
Balanced accuracy (at median threshold): 0.3086
Best F1=0.6667 @ thr=0.5929
Best Accuracy=0.5000 @ thr=2.0456
AUC=0.2313
Average anomaly score on real class: 1.252120
Inference complete!
Encoder E_xzx_4410.pt: AUC=0.2313, AvgRealScore=1.252120

=== Evaluating encoder: E_xzx_4420.pt ===
G params: 351,073
E params: 123,744
D params: 257,024
C params: 205,313
Balanced accuracy (at median threshold): 0.3177
Best F1=0.6667 @ thr=0.5896
Best Accuracy=0.5000 @ thr=2.0064
AUC=0.2455
Average anomaly score on real class: 1.215983
Inference complete!
Encoder E_xzx_4420.pt: AUC=0.2455, AvgRealScore=1.215983

=== Evaluating encoder: E_xzx_4430.pt ===
G params: 351,073
E params: 123,744
D params: 257,024
C params: 205,313
Balanced accuracy (at median threshold): 0.3095
Best F1=0.6667 @ thr=0.5898
Best Accuracy=0.5000 @ thr=2.0027
AUC=0.2326
Average anomaly score on real class: 1.252785
Inference complete!
Encoder E_xzx_4430.pt: AUC=0.2326, AvgRealScore=1.252785

=== Evaluating encoder: E_xzx_4440.pt ===
G params: 351,073
E params: 123,744
D params: 257,024
C params: 205,313
Balanced accuracy (at median threshold): 0.3085
Best F1=0.6667 @ thr=0.5938
Best Accuracy=0.5000 @ thr=2.0275
AUC=0.2275
Average anomaly score on real class: 1.270185
Inference complete!
Encoder E_xzx_4440.pt: AUC=0.2275, AvgRealScore=1.270185

=== Evaluating encoder: E_xzx_4450.pt ===
G params: 351,073
E params: 123,744
D params: 257,024
C params: 205,313
Balanced accuracy (at median threshold): 0.3051
Best F1=0.6667 @ thr=0.5808
Best Accuracy=0.5000 @ thr=2.0179
AUC=0.2272
Average anomaly score on real class: 1.254580
Inference complete!
Encoder E_xzx_4450.pt: AUC=0.2272, AvgRealScore=1.254580

=== Evaluating encoder: E_xzx_4460.pt ===
G params: 351,073
E params: 123,744
D params: 257,024
C params: 205,313
Balanced accuracy (at median threshold): 0.3146
Best F1=0.6667 @ thr=0.5972
Best Accuracy=0.5000 @ thr=2.0594
AUC=0.2375
Average anomaly score on real class: 1.259760
Inference complete!
Encoder E_xzx_4460.pt: AUC=0.2375, AvgRealScore=1.259760

=== Evaluating encoder: E_xzx_4470.pt ===
G params: 351,073
E params: 123,744
D params: 257,024
C params: 205,313
Balanced accuracy (at median threshold): 0.3188
Best F1=0.6667 @ thr=0.6053
Best Accuracy=0.5000 @ thr=2.0156
AUC=0.2461
Average anomaly score on real class: 1.215569
Inference complete!
Encoder E_xzx_4470.pt: AUC=0.2461, AvgRealScore=1.215569

=== Evaluating encoder: E_xzx_4480.pt ===
G params: 351,073
E params: 123,744
D params: 257,024
C params: 205,313
Balanced accuracy (at median threshold): 0.3270
Best F1=0.6667 @ thr=0.5892
Best Accuracy=0.5000 @ thr=1.9942
AUC=0.2539
Average anomaly score on real class: 1.207092
Inference complete!
Encoder E_xzx_4480.pt: AUC=0.2539, AvgRealScore=1.207092

=== Evaluating encoder: E_xzx_4490.pt ===
G params: 351,073
E params: 123,744
D params: 257,024
C params: 205,313
Balanced accuracy (at median threshold): 0.3159
Best F1=0.6667 @ thr=0.5908
Best Accuracy=0.5000 @ thr=2.0009
AUC=0.2454
Average anomaly score on real class: 1.210171
Inference complete!
Encoder E_xzx_4490.pt: AUC=0.2454, AvgRealScore=1.210171

=== Evaluating encoder: E_xzx_450.pt ===
G params: 351,073
E params: 123,744
D params: 257,024
C params: 205,313
Balanced accuracy (at median threshold): 0.2802
Best F1=0.6667 @ thr=0.5909
Best Accuracy=0.5000 @ thr=1.8899
AUC=0.1848
Average anomaly score on real class: 1.266347
Inference complete!
Encoder E_xzx_450.pt: AUC=0.1848, AvgRealScore=1.266347

=== Evaluating encoder: E_xzx_4500.pt ===
G params: 351,073
E params: 123,744
D params: 257,024
C params: 205,313
Balanced accuracy (at median threshold): 0.3054
Best F1=0.6667 @ thr=0.5932
Best Accuracy=0.5000 @ thr=2.0457
AUC=0.2285
Average anomaly score on real class: 1.257555
Inference complete!
Encoder E_xzx_4500.pt: AUC=0.2285, AvgRealScore=1.257555

=== Evaluating encoder: E_xzx_4510.pt ===
G params: 351,073
E params: 123,744
D params: 257,024
C params: 205,313
Balanced accuracy (at median threshold): 0.3202
Best F1=0.6667 @ thr=0.5911
Best Accuracy=0.5000 @ thr=1.9991
AUC=0.2435
Average anomaly score on real class: 1.231855
Inference complete!
Encoder E_xzx_4510.pt: AUC=0.2435, AvgRealScore=1.231855

=== Evaluating encoder: E_xzx_4520.pt ===
G params: 351,073
E params: 123,744
D params: 257,024
C params: 205,313
Balanced accuracy (at median threshold): 0.3233
Best F1=0.6667 @ thr=0.5954
Best Accuracy=0.5000 @ thr=1.9540
AUC=0.2542
Average anomaly score on real class: 1.196635
Inference complete!
Encoder E_xzx_4520.pt: AUC=0.2542, AvgRealScore=1.196635

=== Evaluating encoder: E_xzx_4530.pt ===
G params: 351,073
E params: 123,744
D params: 257,024
C params: 205,313
Balanced accuracy (at median threshold): 0.3178
Best F1=0.6667 @ thr=0.6066
Best Accuracy=0.5000 @ thr=2.0139
AUC=0.2426
Average anomaly score on real class: 1.245097
Inference complete!
Encoder E_xzx_4530.pt: AUC=0.2426, AvgRealScore=1.245097

=== Evaluating encoder: E_xzx_4540.pt ===
G params: 351,073
E params: 123,744
D params: 257,024
C params: 205,313
Balanced accuracy (at median threshold): 0.3197
Best F1=0.6667 @ thr=0.5881
Best Accuracy=0.5000 @ thr=1.9961
AUC=0.2473
Average anomaly score on real class: 1.214209
Inference complete!
Encoder E_xzx_4540.pt: AUC=0.2473, AvgRealScore=1.214209

=== Evaluating encoder: E_xzx_4550.pt ===
G params: 351,073
E params: 123,744
D params: 257,024
C params: 205,313
Balanced accuracy (at median threshold): 0.3141
Best F1=0.6667 @ thr=0.5878
Best Accuracy=0.5000 @ thr=2.0092
AUC=0.2367
Average anomaly score on real class: 1.245881
Inference complete!
Encoder E_xzx_4550.pt: AUC=0.2367, AvgRealScore=1.245881

=== Evaluating encoder: E_xzx_4560.pt ===
G params: 351,073
E params: 123,744
D params: 257,024
C params: 205,313
Balanced accuracy (at median threshold): 0.3104
Best F1=0.6667 @ thr=0.5957
Best Accuracy=0.5000 @ thr=2.0020
AUC=0.2335
Average anomaly score on real class: 1.242716
Inference complete!
Encoder E_xzx_4560.pt: AUC=0.2335, AvgRealScore=1.242716

=== Evaluating encoder: E_xzx_4570.pt ===
G params: 351,073
E params: 123,744
D params: 257,024
C params: 205,313
Balanced accuracy (at median threshold): 0.3016
Best F1=0.6667 @ thr=0.5829
Best Accuracy=0.5000 @ thr=2.0476
AUC=0.2209
Average anomaly score on real class: 1.282631
Inference complete!
Encoder E_xzx_4570.pt: AUC=0.2209, AvgRealScore=1.282631

=== Evaluating encoder: E_xzx_4580.pt ===
G params: 351,073
E params: 123,744
D params: 257,024
C params: 205,313
Balanced accuracy (at median threshold): 0.3054
Best F1=0.6667 @ thr=0.5870
Best Accuracy=0.5000 @ thr=2.0579
AUC=0.2236
Average anomaly score on real class: 1.270568
Inference complete!
Encoder E_xzx_4580.pt: AUC=0.2236, AvgRealScore=1.270568

=== Evaluating encoder: E_xzx_4590.pt ===
G params: 351,073
E params: 123,744
D params: 257,024
C params: 205,313
Balanced accuracy (at median threshold): 0.3274
Best F1=0.6667 @ thr=0.5884
Best Accuracy=0.5000 @ thr=2.0512
AUC=0.2516
Average anomaly score on real class: 1.225953
Inference complete!
Encoder E_xzx_4590.pt: AUC=0.2516, AvgRealScore=1.225953

=== Evaluating encoder: E_xzx_460.pt ===
G params: 351,073
E params: 123,744
D params: 257,024
C params: 205,313
Balanced accuracy (at median threshold): 0.2827
Best F1=0.6667 @ thr=0.5936
Best Accuracy=0.5000 @ thr=1.8755
AUC=0.1869
Average anomaly score on real class: 1.249963
Inference complete!
Encoder E_xzx_460.pt: AUC=0.1869, AvgRealScore=1.249963

=== Evaluating encoder: E_xzx_4600.pt ===
G params: 351,073
E params: 123,744
D params: 257,024
C params: 205,313
Balanced accuracy (at median threshold): 0.3068
Best F1=0.6667 @ thr=0.5919
Best Accuracy=0.5000 @ thr=0.5919
AUC=0.2332
Average anomaly score on real class: 1.234100
Inference complete!
Encoder E_xzx_4600.pt: AUC=0.2332, AvgRealScore=1.234100

=== Evaluating encoder: E_xzx_4610.pt ===
G params: 351,073
E params: 123,744
D params: 257,024
C params: 205,313
Balanced accuracy (at median threshold): 0.3228
Best F1=0.6667 @ thr=0.5943
Best Accuracy=0.5000 @ thr=1.9967
AUC=0.2533
Average anomaly score on real class: 1.208651
Inference complete!
Encoder E_xzx_4610.pt: AUC=0.2533, AvgRealScore=1.208651

=== Evaluating encoder: E_xzx_4620.pt ===
G params: 351,073
E params: 123,744
D params: 257,024
C params: 205,313
Balanced accuracy (at median threshold): 0.3273
Best F1=0.6667 @ thr=0.5868
Best Accuracy=0.5000 @ thr=1.9744
AUC=0.2586
Average anomaly score on real class: 1.200273
Inference complete!
Encoder E_xzx_4620.pt: AUC=0.2586, AvgRealScore=1.200273

=== Evaluating encoder: E_xzx_4630.pt ===
G params: 351,073
E params: 123,744
D params: 257,024
C params: 205,313
Balanced accuracy (at median threshold): 0.3181
Best F1=0.6667 @ thr=0.5840
Best Accuracy=0.5000 @ thr=1.9966
AUC=0.2449
Average anomaly score on real class: 1.226713
Inference complete!
Encoder E_xzx_4630.pt: AUC=0.2449, AvgRealScore=1.226713

=== Evaluating encoder: E_xzx_4640.pt ===
G params: 351,073
E params: 123,744
D params: 257,024
C params: 205,313
Balanced accuracy (at median threshold): 0.3113
Best F1=0.6667 @ thr=0.5889
Best Accuracy=0.5000 @ thr=2.0275
AUC=0.2369
Average anomaly score on real class: 1.231268
Inference complete!
Encoder E_xzx_4640.pt: AUC=0.2369, AvgRealScore=1.231268

=== Evaluating encoder: E_xzx_4650.pt ===
G params: 351,073
E params: 123,744
D params: 257,024
C params: 205,313
Balanced accuracy (at median threshold): 0.3273
Best F1=0.6667 @ thr=0.5933
Best Accuracy=0.5000 @ thr=1.9885
AUC=0.2574
Average anomaly score on real class: 1.204355
Inference complete!
Encoder E_xzx_4650.pt: AUC=0.2574, AvgRealScore=1.204355

=== Evaluating encoder: E_xzx_4660.pt ===
G params: 351,073
E params: 123,744
D params: 257,024
C params: 205,313
Balanced accuracy (at median threshold): 0.3294
Best F1=0.6667 @ thr=0.5989
Best Accuracy=0.5000 @ thr=1.9794
AUC=0.2594
Average anomaly score on real class: 1.195564
Inference complete!
Encoder E_xzx_4660.pt: AUC=0.2594, AvgRealScore=1.195564

=== Evaluating encoder: E_xzx_4670.pt ===
G params: 351,073
E params: 123,744
D params: 257,024
C params: 205,313
Balanced accuracy (at median threshold): 0.3248
Best F1=0.6667 @ thr=0.5948
Best Accuracy=0.5000 @ thr=2.0150
AUC=0.2531
Average anomaly score on real class: 1.216429
Inference complete!
Encoder E_xzx_4670.pt: AUC=0.2531, AvgRealScore=1.216429

=== Evaluating encoder: E_xzx_4680.pt ===
G params: 351,073
E params: 123,744
D params: 257,024
C params: 205,313
Balanced accuracy (at median threshold): 0.3059
Best F1=0.6667 @ thr=0.5923
Best Accuracy=0.5000 @ thr=2.0264
AUC=0.2287
Average anomaly score on real class: 1.267222
Inference complete!
Encoder E_xzx_4680.pt: AUC=0.2287, AvgRealScore=1.267222

=== Evaluating encoder: E_xzx_4690.pt ===
G params: 351,073
E params: 123,744
D params: 257,024
C params: 205,313
Balanced accuracy (at median threshold): 0.3216
Best F1=0.6667 @ thr=0.5976
Best Accuracy=0.5000 @ thr=2.0153
AUC=0.2488
Average anomaly score on real class: 1.218968
Inference complete!
Encoder E_xzx_4690.pt: AUC=0.2488, AvgRealScore=1.218968

=== Evaluating encoder: E_xzx_470.pt ===
G params: 351,073
E params: 123,744
D params: 257,024
C params: 205,313
Balanced accuracy (at median threshold): 0.2897
Best F1=0.6667 @ thr=0.5984
Best Accuracy=0.5000 @ thr=1.8691
AUC=0.1984
Average anomaly score on real class: 1.222073
Inference complete!
Encoder E_xzx_470.pt: AUC=0.1984, AvgRealScore=1.222073

=== Evaluating encoder: E_xzx_4700.pt ===
G params: 351,073
E params: 123,744
D params: 257,024
C params: 205,313
Balanced accuracy (at median threshold): 0.3063
Best F1=0.6667 @ thr=0.5951
Best Accuracy=0.5000 @ thr=2.0158
AUC=0.2304
Average anomaly score on real class: 1.246715
Inference complete!
Encoder E_xzx_4700.pt: AUC=0.2304, AvgRealScore=1.246715

=== Evaluating encoder: E_xzx_4710.pt ===
G params: 351,073
E params: 123,744
D params: 257,024
C params: 205,313
Balanced accuracy (at median threshold): 0.3288
Best F1=0.6667 @ thr=0.5934
Best Accuracy=0.5000 @ thr=1.9860
AUC=0.2605
Average anomaly score on real class: 1.207907
Inference complete!
Encoder E_xzx_4710.pt: AUC=0.2605, AvgRealScore=1.207907

=== Evaluating encoder: E_xzx_4720.pt ===
G params: 351,073
E params: 123,744
D params: 257,024
C params: 205,313
Balanced accuracy (at median threshold): 0.3149
Best F1=0.6667 @ thr=0.5881
Best Accuracy=0.5000 @ thr=2.0296
AUC=0.2354
Average anomaly score on real class: 1.246048
Inference complete!
Encoder E_xzx_4720.pt: AUC=0.2354, AvgRealScore=1.246048

=== Evaluating encoder: E_xzx_4730.pt ===
G params: 351,073
E params: 123,744
D params: 257,024
C params: 205,313
Balanced accuracy (at median threshold): 0.3219
Best F1=0.6667 @ thr=0.5982
Best Accuracy=0.5000 @ thr=2.0313
AUC=0.2477
Average anomaly score on real class: 1.230833
Inference complete!
Encoder E_xzx_4730.pt: AUC=0.2477, AvgRealScore=1.230833

=== Evaluating encoder: E_xzx_4740.pt ===
G params: 351,073
E params: 123,744
D params: 257,024
C params: 205,313
Balanced accuracy (at median threshold): 0.3000
Best F1=0.6667 @ thr=0.5940
Best Accuracy=0.5000 @ thr=1.9985
AUC=0.2213
Average anomaly score on real class: 1.248089
Inference complete!
Encoder E_xzx_4740.pt: AUC=0.2213, AvgRealScore=1.248089

=== Evaluating encoder: E_xzx_4750.pt ===
G params: 351,073
E params: 123,744
D params: 257,024
C params: 205,313
Balanced accuracy (at median threshold): 0.3302
Best F1=0.6667 @ thr=0.5971
Best Accuracy=0.5000 @ thr=1.9816
AUC=0.2596
Average anomaly score on real class: 1.214670
Inference complete!
Encoder E_xzx_4750.pt: AUC=0.2596, AvgRealScore=1.214670

=== Evaluating encoder: E_xzx_4760.pt ===
G params: 351,073
E params: 123,744
D params: 257,024
C params: 205,313
Balanced accuracy (at median threshold): 0.3086
Best F1=0.6667 @ thr=0.5948
Best Accuracy=0.5000 @ thr=2.0605
AUC=0.2294
Average anomaly score on real class: 1.265524
Inference complete!
Encoder E_xzx_4760.pt: AUC=0.2294, AvgRealScore=1.265524

=== Evaluating encoder: E_xzx_4770.pt ===
G params: 351,073
E params: 123,744
D params: 257,024
C params: 205,313
Balanced accuracy (at median threshold): 0.3110
Best F1=0.6667 @ thr=0.5877
Best Accuracy=0.5000 @ thr=2.0324
AUC=0.2347
Average anomaly score on real class: 1.245532
Inference complete!
Encoder E_xzx_4770.pt: AUC=0.2347, AvgRealScore=1.245532

=== Evaluating encoder: E_xzx_4780.pt ===
G params: 351,073
E params: 123,744
D params: 257,024
C params: 205,313
Balanced accuracy (at median threshold): 0.3151
Best F1=0.6667 @ thr=0.5929
Best Accuracy=0.5000 @ thr=2.0208
AUC=0.2435
Average anomaly score on real class: 1.226567
Inference complete!
Encoder E_xzx_4780.pt: AUC=0.2435, AvgRealScore=1.226567

=== Evaluating encoder: E_xzx_4790.pt ===
G params: 351,073
E params: 123,744
D params: 257,024
C params: 205,313
Balanced accuracy (at median threshold): 0.3145
Best F1=0.6667 @ thr=0.5936
Best Accuracy=0.5000 @ thr=1.9745
AUC=0.2445
Average anomaly score on real class: 1.227104
Inference complete!
Encoder E_xzx_4790.pt: AUC=0.2445, AvgRealScore=1.227104

=== Evaluating encoder: E_xzx_480.pt ===
G params: 351,073
E params: 123,744
D params: 257,024
C params: 205,313
Balanced accuracy (at median threshold): 0.2856
Best F1=0.6667 @ thr=0.5922
Best Accuracy=0.5000 @ thr=1.8953
AUC=0.1957
Average anomaly score on real class: 1.209359
Inference complete!
Encoder E_xzx_480.pt: AUC=0.1957, AvgRealScore=1.209359

=== Evaluating encoder: E_xzx_4800.pt ===
G params: 351,073
E params: 123,744
D params: 257,024
C params: 205,313
Balanced accuracy (at median threshold): 0.2962
Best F1=0.6667 @ thr=0.6111
Best Accuracy=0.5000 @ thr=2.0256
AUC=0.2157
Average anomaly score on real class: 1.289124
Inference complete!
Encoder E_xzx_4800.pt: AUC=0.2157, AvgRealScore=1.289124

=== Evaluating encoder: E_xzx_4810.pt ===
G params: 351,073
E params: 123,744
D params: 257,024
C params: 205,313
Balanced accuracy (at median threshold): 0.3150
Best F1=0.6667 @ thr=0.5951
Best Accuracy=0.5000 @ thr=2.0067
AUC=0.2405
Average anomaly score on real class: 1.229218
Inference complete!
Encoder E_xzx_4810.pt: AUC=0.2405, AvgRealScore=1.229218

=== Evaluating encoder: E_xzx_4820.pt ===
G params: 351,073
E params: 123,744
D params: 257,024
C params: 205,313
Balanced accuracy (at median threshold): 0.3154
Best F1=0.6667 @ thr=0.5883
Best Accuracy=0.5000 @ thr=2.0206
AUC=0.2418
Average anomaly score on real class: 1.229615
Inference complete!
Encoder E_xzx_4820.pt: AUC=0.2418, AvgRealScore=1.229615

=== Evaluating encoder: E_xzx_4830.pt ===
G params: 351,073
E params: 123,744
D params: 257,024
C params: 205,313
Balanced accuracy (at median threshold): 0.3062
Best F1=0.6667 @ thr=0.5975
Best Accuracy=0.5000 @ thr=2.0445
AUC=0.2268
Average anomaly score on real class: 1.265647
Inference complete!
Encoder E_xzx_4830.pt: AUC=0.2268, AvgRealScore=1.265647

=== Evaluating encoder: E_xzx_4840.pt ===
G params: 351,073
E params: 123,744
D params: 257,024
C params: 205,313
Balanced accuracy (at median threshold): 0.3039
Best F1=0.6667 @ thr=0.6081
Best Accuracy=0.5000 @ thr=2.0554
AUC=0.2230
Average anomaly score on real class: 1.280370
Inference complete!
Encoder E_xzx_4840.pt: AUC=0.223, AvgRealScore=1.280370

=== Evaluating encoder: E_xzx_4850.pt ===
G params: 351,073
E params: 123,744
D params: 257,024
C params: 205,313
Balanced accuracy (at median threshold): 0.3189
Best F1=0.6667 @ thr=0.6000
Best Accuracy=0.5000 @ thr=2.0581
AUC=0.2404
Average anomaly score on real class: 1.234288
Inference complete!
Encoder E_xzx_4850.pt: AUC=0.2404, AvgRealScore=1.234288

=== Evaluating encoder: E_xzx_4860.pt ===
G params: 351,073
E params: 123,744
D params: 257,024
C params: 205,313
Balanced accuracy (at median threshold): 0.3165
Best F1=0.6667 @ thr=0.6021
Best Accuracy=0.5000 @ thr=2.0372
AUC=0.2396
Average anomaly score on real class: 1.232747
Inference complete!
Encoder E_xzx_4860.pt: AUC=0.2396, AvgRealScore=1.232747

=== Evaluating encoder: E_xzx_4870.pt ===
G params: 351,073
E params: 123,744
D params: 257,024
C params: 205,313
Balanced accuracy (at median threshold): 0.3135
Best F1=0.6667 @ thr=0.5891
Best Accuracy=0.5000 @ thr=2.0276
AUC=0.2364
Average anomaly score on real class: 1.240645
Inference complete!
Encoder E_xzx_4870.pt: AUC=0.2364, AvgRealScore=1.240645

=== Evaluating encoder: E_xzx_4880.pt ===
G params: 351,073
E params: 123,744
D params: 257,024
C params: 205,313
Balanced accuracy (at median threshold): 0.3239
Best F1=0.6667 @ thr=0.5785
Best Accuracy=0.5000 @ thr=1.9803
AUC=0.2512
Average anomaly score on real class: 1.218043
Inference complete!
Encoder E_xzx_4880.pt: AUC=0.2512, AvgRealScore=1.218043

=== Evaluating encoder: E_xzx_4890.pt ===
G params: 351,073
E params: 123,744
D params: 257,024
C params: 205,313
Balanced accuracy (at median threshold): 0.3133
Best F1=0.6667 @ thr=0.5902
Best Accuracy=0.5000 @ thr=2.0634
AUC=0.2354
Average anomaly score on real class: 1.248460
Inference complete!
Encoder E_xzx_4890.pt: AUC=0.2354, AvgRealScore=1.248460

=== Evaluating encoder: E_xzx_490.pt ===
G params: 351,073
E params: 123,744
D params: 257,024
C params: 205,313
Balanced accuracy (at median threshold): 0.2956
Best F1=0.6667 @ thr=0.5853
Best Accuracy=0.5000 @ thr=1.8629
AUC=0.2050
Average anomaly score on real class: 1.206312
Inference complete!
Encoder E_xzx_490.pt: AUC=0.205, AvgRealScore=1.206312

=== Evaluating encoder: E_xzx_4900.pt ===
G params: 351,073
E params: 123,744
D params: 257,024
C params: 205,313
Balanced accuracy (at median threshold): 0.3191
Best F1=0.6667 @ thr=0.6054
Best Accuracy=0.5000 @ thr=2.0325
AUC=0.2434
Average anomaly score on real class: 1.241879
Inference complete!
Encoder E_xzx_4900.pt: AUC=0.2434, AvgRealScore=1.241879

=== Evaluating encoder: E_xzx_4910.pt ===
G params: 351,073
E params: 123,744
D params: 257,024
C params: 205,313
Balanced accuracy (at median threshold): 0.3234
Best F1=0.6667 @ thr=0.5948
Best Accuracy=0.5000 @ thr=2.0104
AUC=0.2502
Average anomaly score on real class: 1.220356
Inference complete!
Encoder E_xzx_4910.pt: AUC=0.2502, AvgRealScore=1.220356

=== Evaluating encoder: E_xzx_4920.pt ===
G params: 351,073
E params: 123,744
D params: 257,024
C params: 205,313
Balanced accuracy (at median threshold): 0.3158
Best F1=0.6667 @ thr=0.5923
Best Accuracy=0.5000 @ thr=2.0240
AUC=0.2393
Average anomaly score on real class: 1.238706
Inference complete!
Encoder E_xzx_4920.pt: AUC=0.2393, AvgRealScore=1.238706

=== Evaluating encoder: E_xzx_4930.pt ===
G params: 351,073
E params: 123,744
D params: 257,024
C params: 205,313
Balanced accuracy (at median threshold): 0.3150
Best F1=0.6667 @ thr=0.5878
Best Accuracy=0.5000 @ thr=1.9942
AUC=0.2419
Average anomaly score on real class: 1.228941
Inference complete!
Encoder E_xzx_4930.pt: AUC=0.2419, AvgRealScore=1.228941

=== Evaluating encoder: E_xzx_4940.pt ===
G params: 351,073
E params: 123,744
D params: 257,024
C params: 205,313
Balanced accuracy (at median threshold): 0.3151
Best F1=0.6667 @ thr=0.5946
Best Accuracy=0.5000 @ thr=2.0147
AUC=0.2464
Average anomaly score on real class: 1.219462
Inference complete!
Encoder E_xzx_4940.pt: AUC=0.2464, AvgRealScore=1.219462

=== Evaluating encoder: E_xzx_4950.pt ===
G params: 351,073
E params: 123,744
D params: 257,024
C params: 205,313
Balanced accuracy (at median threshold): 0.3215
Best F1=0.6667 @ thr=0.5890
Best Accuracy=0.5000 @ thr=2.0360
AUC=0.2437
Average anomaly score on real class: 1.248668
Inference complete!
Encoder E_xzx_4950.pt: AUC=0.2437, AvgRealScore=1.248668

=== Evaluating encoder: E_xzx_4960.pt ===
G params: 351,073
E params: 123,744
D params: 257,024
C params: 205,313
Balanced accuracy (at median threshold): 0.2976
Best F1=0.6667 @ thr=0.5999
Best Accuracy=0.5000 @ thr=0.5999
AUC=0.2131
Average anomaly score on real class: 1.297785
Inference complete!
Encoder E_xzx_4960.pt: AUC=0.2131, AvgRealScore=1.297785

=== Evaluating encoder: E_xzx_4970.pt ===
G params: 351,073
E params: 123,744
D params: 257,024
C params: 205,313
Balanced accuracy (at median threshold): 0.3100
Best F1=0.6667 @ thr=0.6061
Best Accuracy=0.5000 @ thr=2.0484
AUC=0.2310
Average anomaly score on real class: 1.257682
Inference complete!
Encoder E_xzx_4970.pt: AUC=0.231, AvgRealScore=1.257682

=== Evaluating encoder: E_xzx_4980.pt ===
G params: 351,073
E params: 123,744
D params: 257,024
C params: 205,313
Balanced accuracy (at median threshold): 0.3106
Best F1=0.6667 @ thr=0.5987
Best Accuracy=0.5000 @ thr=1.9751
AUC=0.2353
Average anomaly score on real class: 1.235523
Inference complete!
Encoder E_xzx_4980.pt: AUC=0.2353, AvgRealScore=1.235523

=== Evaluating encoder: E_xzx_4990.pt ===
G params: 351,073
E params: 123,744
D params: 257,024
C params: 205,313
Balanced accuracy (at median threshold): 0.3151
Best F1=0.6667 @ thr=0.5933
Best Accuracy=0.5000 @ thr=2.0136
AUC=0.2405
Average anomaly score on real class: 1.231838
Inference complete!
Encoder E_xzx_4990.pt: AUC=0.2405, AvgRealScore=1.231838

=== Evaluating encoder: E_xzx_50.pt ===
G params: 351,073
E params: 123,744
D params: 257,024
C params: 205,313
Balanced accuracy (at median threshold): 0.2940
Best F1=0.6667 @ thr=0.5912
Best Accuracy=0.5000 @ thr=0.6101
AUC=0.2104
Average anomaly score on real class: 1.106989
Inference complete!
Encoder E_xzx_50.pt: AUC=0.2104, AvgRealScore=1.106989

=== Evaluating encoder: E_xzx_500.pt ===
G params: 351,073
E params: 123,744
D params: 257,024
C params: 205,313
Balanced accuracy (at median threshold): 0.2880
Best F1=0.6667 @ thr=0.5913
Best Accuracy=0.5000 @ thr=1.8595
AUC=0.2010
Average anomaly score on real class: 1.208056
Inference complete!
Encoder E_xzx_500.pt: AUC=0.201, AvgRealScore=1.208056

=== Evaluating encoder: E_xzx_5000.pt ===
G params: 351,073
E params: 123,744
D params: 257,024
C params: 205,313
Balanced accuracy (at median threshold): 0.3181
Best F1=0.6667 @ thr=0.5953
Best Accuracy=0.5000 @ thr=2.0294
AUC=0.2454
Average anomaly score on real class: 1.218586
Inference complete!
Encoder E_xzx_5000.pt: AUC=0.2454, AvgRealScore=1.218586

=== Evaluating encoder: E_xzx_510.pt ===
G params: 351,073
E params: 123,744
D params: 257,024
C params: 205,313
Balanced accuracy (at median threshold): 0.2975
Best F1=0.6667 @ thr=0.5918
Best Accuracy=0.5001 @ thr=1.8241
AUC=0.2086
Average anomaly score on real class: 1.202374
Inference complete!
Encoder E_xzx_510.pt: AUC=0.2086, AvgRealScore=1.202374

=== Evaluating encoder: E_xzx_520.pt ===
G params: 351,073
E params: 123,744
D params: 257,024
C params: 205,313
Balanced accuracy (at median threshold): 0.2819
Best F1=0.6667 @ thr=0.6061
Best Accuracy=0.5000 @ thr=1.8227
AUC=0.1937
Average anomaly score on real class: 1.188942
Inference complete!
Encoder E_xzx_520.pt: AUC=0.1937, AvgRealScore=1.188942

=== Evaluating encoder: E_xzx_530.pt ===
G params: 351,073
E params: 123,744
D params: 257,024
C params: 205,313
Balanced accuracy (at median threshold): 0.2930
Best F1=0.6667 @ thr=0.5838
Best Accuracy=0.5000 @ thr=1.8443
AUC=0.2045
Average anomaly score on real class: 1.231065
Inference complete!
Encoder E_xzx_530.pt: AUC=0.2045, AvgRealScore=1.231065

=== Evaluating encoder: E_xzx_540.pt ===
G params: 351,073
E params: 123,744
D params: 257,024
C params: 205,313
Balanced accuracy (at median threshold): 0.3073
Best F1=0.6667 @ thr=0.5745
Best Accuracy=0.5000 @ thr=1.8069
AUC=0.2251
Average anomaly score on real class: 1.162273
Inference complete!
Encoder E_xzx_540.pt: AUC=0.2251, AvgRealScore=1.162273

=== Evaluating encoder: E_xzx_550.pt ===
G params: 351,073
E params: 123,744
D params: 257,024
C params: 205,313
Balanced accuracy (at median threshold): 0.2814
Best F1=0.6667 @ thr=0.5920
Best Accuracy=0.5000 @ thr=1.8369
AUC=0.1894
Average anomaly score on real class: 1.227649
Inference complete!
Encoder E_xzx_550.pt: AUC=0.1894, AvgRealScore=1.227649

=== Evaluating encoder: E_xzx_560.pt ===
G params: 351,073
E params: 123,744
D params: 257,024
C params: 205,313
Balanced accuracy (at median threshold): 0.2896
Best F1=0.6667 @ thr=0.6015
Best Accuracy=0.5000 @ thr=1.7841
AUC=0.2044
Average anomaly score on real class: 1.191456
Inference complete!
Encoder E_xzx_560.pt: AUC=0.2044, AvgRealScore=1.191456

=== Evaluating encoder: E_xzx_570.pt ===
G params: 351,073
E params: 123,744
D params: 257,024
C params: 205,313
Balanced accuracy (at median threshold): 0.2977
Best F1=0.6667 @ thr=0.5905
Best Accuracy=0.5000 @ thr=1.8879
AUC=0.2129
Average anomaly score on real class: 1.186128
Inference complete!
Encoder E_xzx_570.pt: AUC=0.2129, AvgRealScore=1.186128

=== Evaluating encoder: E_xzx_580.pt ===
G params: 351,073
E params: 123,744
D params: 257,024
C params: 205,313
Balanced accuracy (at median threshold): 0.3072
Best F1=0.6667 @ thr=0.5950
Best Accuracy=0.5000 @ thr=1.8091
AUC=0.2260
Average anomaly score on real class: 1.153635
Inference complete!
Encoder E_xzx_580.pt: AUC=0.226, AvgRealScore=1.153635

=== Evaluating encoder: E_xzx_590.pt ===
G params: 351,073
E params: 123,744
D params: 257,024
C params: 205,313
Balanced accuracy (at median threshold): 0.2860
Best F1=0.6667 @ thr=0.5862
Best Accuracy=0.5000 @ thr=1.8255
AUC=0.1980
Average anomaly score on real class: 1.218837
Inference complete!
Encoder E_xzx_590.pt: AUC=0.198, AvgRealScore=1.218837

=== Evaluating encoder: E_xzx_60.pt ===
G params: 351,073
E params: 123,744
D params: 257,024
C params: 205,313
Balanced accuracy (at median threshold): 0.2948
Best F1=0.6667 @ thr=0.5811
Best Accuracy=0.5001 @ thr=0.6124
AUC=0.2139
Average anomaly score on real class: 1.082492
Inference complete!
Encoder E_xzx_60.pt: AUC=0.2139, AvgRealScore=1.082492

=== Evaluating encoder: E_xzx_600.pt ===
G params: 351,073
E params: 123,744
D params: 257,024
C params: 205,313
Balanced accuracy (at median threshold): 0.2974
Best F1=0.6667 @ thr=0.5858
Best Accuracy=0.5000 @ thr=1.8169
AUC=0.2134
Average anomaly score on real class: 1.206855
Inference complete!
Encoder E_xzx_600.pt: AUC=0.2134, AvgRealScore=1.206855

=== Evaluating encoder: E_xzx_610.pt ===
G params: 351,073
E params: 123,744
D params: 257,024
C params: 205,313
Balanced accuracy (at median threshold): 0.2882
Best F1=0.6667 @ thr=0.5975
Best Accuracy=0.5001 @ thr=1.8158
AUC=0.2029
Average anomaly score on real class: 1.223595
Inference complete!
Encoder E_xzx_610.pt: AUC=0.2029, AvgRealScore=1.223595

=== Evaluating encoder: E_xzx_620.pt ===
G params: 351,073
E params: 123,744
D params: 257,024
C params: 205,313
Balanced accuracy (at median threshold): 0.2916
Best F1=0.6667 @ thr=0.5989
Best Accuracy=0.5000 @ thr=1.8543
AUC=0.2012
Average anomaly score on real class: 1.223669
Inference complete!
Encoder E_xzx_620.pt: AUC=0.2012, AvgRealScore=1.223669

=== Evaluating encoder: E_xzx_630.pt ===
G params: 351,073
E params: 123,744
D params: 257,024
C params: 205,313
Balanced accuracy (at median threshold): 0.2838
Best F1=0.6667 @ thr=0.5928
Best Accuracy=0.5001 @ thr=1.8406
AUC=0.1932
Average anomaly score on real class: 1.233884
Inference complete!
Encoder E_xzx_630.pt: AUC=0.1932, AvgRealScore=1.233884

=== Evaluating encoder: E_xzx_640.pt ===
G params: 351,073
E params: 123,744
D params: 257,024
C params: 205,313
Balanced accuracy (at median threshold): 0.2917
Best F1=0.6667 @ thr=0.6023
Best Accuracy=0.5000 @ thr=1.8351
AUC=0.2049
Average anomaly score on real class: 1.222233
Inference complete!
Encoder E_xzx_640.pt: AUC=0.2049, AvgRealScore=1.222233

=== Evaluating encoder: E_xzx_650.pt ===
G params: 351,073
E params: 123,744
D params: 257,024
C params: 205,313
Balanced accuracy (at median threshold): 0.2871
Best F1=0.6667 @ thr=0.6010
Best Accuracy=0.5000 @ thr=1.8318
AUC=0.1975
Average anomaly score on real class: 1.229359
Inference complete!
Encoder E_xzx_650.pt: AUC=0.1975, AvgRealScore=1.229359

=== Evaluating encoder: E_xzx_660.pt ===
G params: 351,073
E params: 123,744
D params: 257,024
C params: 205,313
Balanced accuracy (at median threshold): 0.2917
Best F1=0.6667 @ thr=0.6037
Best Accuracy=0.5000 @ thr=1.8719
AUC=0.2040
Average anomaly score on real class: 1.243636
Inference complete!
Encoder E_xzx_660.pt: AUC=0.204, AvgRealScore=1.243636

=== Evaluating encoder: E_xzx_670.pt ===
G params: 351,073
E params: 123,744
D params: 257,024
C params: 205,313
Balanced accuracy (at median threshold): 0.3022
Best F1=0.6667 @ thr=0.5981
Best Accuracy=0.5001 @ thr=1.8327
AUC=0.2173
Average anomaly score on real class: 1.191757
Inference complete!
Encoder E_xzx_670.pt: AUC=0.2173, AvgRealScore=1.191757

=== Evaluating encoder: E_xzx_680.pt ===
G params: 351,073
E params: 123,744
D params: 257,024
C params: 205,313
Balanced accuracy (at median threshold): 0.2839
Best F1=0.6667 @ thr=0.6010
Best Accuracy=0.5000 @ thr=1.8391
AUC=0.1921
Average anomaly score on real class: 1.238155
Inference complete!
Encoder E_xzx_680.pt: AUC=0.1921, AvgRealScore=1.238155

=== Evaluating encoder: E_xzx_690.pt ===
G params: 351,073
E params: 123,744
D params: 257,024
C params: 205,313
Balanced accuracy (at median threshold): 0.3058
Best F1=0.6667 @ thr=0.5946
Best Accuracy=0.5000 @ thr=1.7892
AUC=0.2230
Average anomaly score on real class: 1.169717
Inference complete!
Encoder E_xzx_690.pt: AUC=0.223, AvgRealScore=1.169717

=== Evaluating encoder: E_xzx_70.pt ===
G params: 351,073
E params: 123,744
D params: 257,024
C params: 205,313
Balanced accuracy (at median threshold): 0.2862
Best F1=0.6667 @ thr=0.5891
Best Accuracy=0.5001 @ thr=0.6135
AUC=0.1978
Average anomaly score on real class: 1.146154
Inference complete!
Encoder E_xzx_70.pt: AUC=0.1978, AvgRealScore=1.146154

=== Evaluating encoder: E_xzx_700.pt ===
G params: 351,073
E params: 123,744
D params: 257,024
C params: 205,313
Balanced accuracy (at median threshold): 0.2871
Best F1=0.6667 @ thr=0.5832
Best Accuracy=0.5001 @ thr=1.8147
AUC=0.1964
Average anomaly score on real class: 1.208610
Inference complete!
Encoder E_xzx_700.pt: AUC=0.1964, AvgRealScore=1.208610

=== Evaluating encoder: E_xzx_710.pt ===
G params: 351,073
E params: 123,744
D params: 257,024
C params: 205,313
Balanced accuracy (at median threshold): 0.3018
Best F1=0.6667 @ thr=0.5962
Best Accuracy=0.5000 @ thr=1.8727
AUC=0.2159
Average anomaly score on real class: 1.190013
Inference complete!
Encoder E_xzx_710.pt: AUC=0.2159, AvgRealScore=1.190013

=== Evaluating encoder: E_xzx_720.pt ===
G params: 351,073
E params: 123,744
D params: 257,024
C params: 205,313
Balanced accuracy (at median threshold): 0.2928
Best F1=0.6667 @ thr=0.5904
Best Accuracy=0.5000 @ thr=1.8378
AUC=0.2053
Average anomaly score on real class: 1.203453
Inference complete!
Encoder E_xzx_720.pt: AUC=0.2053, AvgRealScore=1.203453

=== Evaluating encoder: E_xzx_730.pt ===
G params: 351,073
E params: 123,744
D params: 257,024
C params: 205,313
Balanced accuracy (at median threshold): 0.3092
Best F1=0.6667 @ thr=0.5965
Best Accuracy=0.5001 @ thr=1.6935
AUC=0.2333
Average anomaly score on real class: 1.118641
Inference complete!
Encoder E_xzx_730.pt: AUC=0.2333, AvgRealScore=1.118641

=== Evaluating encoder: E_xzx_740.pt ===
G params: 351,073
E params: 123,744
D params: 257,024
C params: 205,313
Balanced accuracy (at median threshold): 0.3022
Best F1=0.6667 @ thr=0.6023
Best Accuracy=0.5000 @ thr=1.8301
AUC=0.2216
Average anomaly score on real class: 1.179123
Inference complete!
Encoder E_xzx_740.pt: AUC=0.2216, AvgRealScore=1.179123

=== Evaluating encoder: E_xzx_750.pt ===
G params: 351,073
E params: 123,744
D params: 257,024
C params: 205,313
Balanced accuracy (at median threshold): 0.2951
Best F1=0.6667 @ thr=0.5963
Best Accuracy=0.5001 @ thr=1.7897
AUC=0.2120
Average anomaly score on real class: 1.180055
Inference complete!
Encoder E_xzx_750.pt: AUC=0.212, AvgRealScore=1.180055

=== Evaluating encoder: E_xzx_760.pt ===
G params: 351,073
E params: 123,744
D params: 257,024
C params: 205,313
Balanced accuracy (at median threshold): 0.2864
Best F1=0.6667 @ thr=0.5955
Best Accuracy=0.5001 @ thr=1.8331
AUC=0.1965
Average anomaly score on real class: 1.230096
Inference complete!
Encoder E_xzx_760.pt: AUC=0.1965, AvgRealScore=1.230096

=== Evaluating encoder: E_xzx_770.pt ===
G params: 351,073
E params: 123,744
D params: 257,024
C params: 205,313
Balanced accuracy (at median threshold): 0.2943
Best F1=0.6667 @ thr=0.5899
Best Accuracy=0.5001 @ thr=1.8258
AUC=0.2054
Average anomaly score on real class: 1.207591
Inference complete!
Encoder E_xzx_770.pt: AUC=0.2054, AvgRealScore=1.207591

=== Evaluating encoder: E_xzx_780.pt ===
G params: 351,073
E params: 123,744
D params: 257,024
C params: 205,313
Balanced accuracy (at median threshold): 0.2919
Best F1=0.6667 @ thr=0.5992
Best Accuracy=0.5001 @ thr=1.8706
AUC=0.2095
Average anomaly score on real class: 1.207365
Inference complete!
Encoder E_xzx_780.pt: AUC=0.2095, AvgRealScore=1.207365

=== Evaluating encoder: E_xzx_790.pt ===
G params: 351,073
E params: 123,744
D params: 257,024
C params: 205,313
Balanced accuracy (at median threshold): 0.2894
Best F1=0.6667 @ thr=0.6001
Best Accuracy=0.5000 @ thr=1.8608
AUC=0.2017
Average anomaly score on real class: 1.238146
Inference complete!
Encoder E_xzx_790.pt: AUC=0.2017, AvgRealScore=1.238146

=== Evaluating encoder: E_xzx_80.pt ===
G params: 351,073
E params: 123,744
D params: 257,024
C params: 205,313
Balanced accuracy (at median threshold): 0.2993
Best F1=0.6668 @ thr=0.6082
Best Accuracy=0.5003 @ thr=0.6082
AUC=0.2203
Average anomaly score on real class: 1.088300
Inference complete!
Encoder E_xzx_80.pt: AUC=0.2203, AvgRealScore=1.088300

=== Evaluating encoder: E_xzx_800.pt ===
G params: 351,073
E params: 123,744
D params: 257,024
C params: 205,313
Balanced accuracy (at median threshold): 0.2930
Best F1=0.6667 @ thr=0.6046
Best Accuracy=0.5000 @ thr=1.8115
AUC=0.2068
Average anomaly score on real class: 1.190086
Inference complete!
Encoder E_xzx_800.pt: AUC=0.2068, AvgRealScore=1.190086

=== Evaluating encoder: E_xzx_810.pt ===
G params: 351,073
E params: 123,744
D params: 257,024
C params: 205,313
Balanced accuracy (at median threshold): 0.2929
Best F1=0.6667 @ thr=0.6011
Best Accuracy=0.5001 @ thr=1.8400
AUC=0.2045
Average anomaly score on real class: 1.220059
Inference complete!
Encoder E_xzx_810.pt: AUC=0.2045, AvgRealScore=1.220059

=== Evaluating encoder: E_xzx_820.pt ===
G params: 351,073
E params: 123,744
D params: 257,024
C params: 205,313
Balanced accuracy (at median threshold): 0.3007
Best F1=0.6667 @ thr=0.5927
Best Accuracy=0.5001 @ thr=1.8582
AUC=0.2174
Average anomaly score on real class: 1.215219
Inference complete!
Encoder E_xzx_820.pt: AUC=0.2174, AvgRealScore=1.215219

=== Evaluating encoder: E_xzx_830.pt ===
G params: 351,073
E params: 123,744
D params: 257,024
C params: 205,313
Balanced accuracy (at median threshold): 0.2940
Best F1=0.6667 @ thr=0.5965
Best Accuracy=0.5001 @ thr=1.7771
AUC=0.2101
Average anomaly score on real class: 1.190611
Inference complete!
Encoder E_xzx_830.pt: AUC=0.2101, AvgRealScore=1.190611

=== Evaluating encoder: E_xzx_840.pt ===
G params: 351,073
E params: 123,744
D params: 257,024
C params: 205,313
Balanced accuracy (at median threshold): 0.2953
Best F1=0.6667 @ thr=0.6042
Best Accuracy=0.5000 @ thr=1.8909
AUC=0.2086
Average anomaly score on real class: 1.231233
Inference complete!
Encoder E_xzx_840.pt: AUC=0.2086, AvgRealScore=1.231233

=== Evaluating encoder: E_xzx_850.pt ===
G params: 351,073
E params: 123,744
D params: 257,024
C params: 205,313
Balanced accuracy (at median threshold): 0.2878
Best F1=0.6667 @ thr=0.6028
Best Accuracy=0.5000 @ thr=1.8837
AUC=0.1987
Average anomaly score on real class: 1.260337
Inference complete!
Encoder E_xzx_850.pt: AUC=0.1987, AvgRealScore=1.260337

=== Evaluating encoder: E_xzx_860.pt ===
G params: 351,073
E params: 123,744
D params: 257,024
C params: 205,313
Balanced accuracy (at median threshold): 0.2880
Best F1=0.6667 @ thr=0.6067
Best Accuracy=0.5001 @ thr=1.8335
AUC=0.1986
Average anomaly score on real class: 1.249453
Inference complete!
Encoder E_xzx_860.pt: AUC=0.1986, AvgRealScore=1.249453

=== Evaluating encoder: E_xzx_870.pt ===
G params: 351,073
E params: 123,744
D params: 257,024
C params: 205,313
Balanced accuracy (at median threshold): 0.2884
Best F1=0.6667 @ thr=0.5972
Best Accuracy=0.5001 @ thr=1.8567
AUC=0.1972
Average anomaly score on real class: 1.241059
Inference complete!
Encoder E_xzx_870.pt: AUC=0.1972, AvgRealScore=1.241059

=== Evaluating encoder: E_xzx_880.pt ===
G params: 351,073
E params: 123,744
D params: 257,024
C params: 205,313
Balanced accuracy (at median threshold): 0.2888
Best F1=0.6667 @ thr=0.5941
Best Accuracy=0.5001 @ thr=1.8428
AUC=0.1977
Average anomaly score on real class: 1.241364
Inference complete!
Encoder E_xzx_880.pt: AUC=0.1977, AvgRealScore=1.241364

=== Evaluating encoder: E_xzx_890.pt ===
G params: 351,073
E params: 123,744
D params: 257,024
C params: 205,313
Balanced accuracy (at median threshold): 0.3097
Best F1=0.6667 @ thr=0.6087
Best Accuracy=0.5001 @ thr=1.8171
AUC=0.2256
Average anomaly score on real class: 1.175005
Inference complete!
Encoder E_xzx_890.pt: AUC=0.2256, AvgRealScore=1.175005

=== Evaluating encoder: E_xzx_90.pt ===
G params: 351,073
E params: 123,744
D params: 257,024
C params: 205,313
Balanced accuracy (at median threshold): 0.2959
Best F1=0.6667 @ thr=0.5764
Best Accuracy=0.5002 @ thr=0.6149
AUC=0.2151
Average anomaly score on real class: 1.094360
Inference complete!
Encoder E_xzx_90.pt: AUC=0.2151, AvgRealScore=1.094360

=== Evaluating encoder: E_xzx_900.pt ===
G params: 351,073
E params: 123,744
D params: 257,024
C params: 205,313
Balanced accuracy (at median threshold): 0.2920
Best F1=0.6667 @ thr=0.5882
Best Accuracy=0.5001 @ thr=1.8615
AUC=0.2092
Average anomaly score on real class: 1.211022
Inference complete!
Encoder E_xzx_900.pt: AUC=0.2092, AvgRealScore=1.211022

=== Evaluating encoder: E_xzx_910.pt ===
G params: 351,073
E params: 123,744
D params: 257,024
C params: 205,313
Balanced accuracy (at median threshold): 0.2873
Best F1=0.6667 @ thr=0.5977
Best Accuracy=0.5001 @ thr=1.8219
AUC=0.1977
Average anomaly score on real class: 1.235472
Inference complete!
Encoder E_xzx_910.pt: AUC=0.1977, AvgRealScore=1.235472

=== Evaluating encoder: E_xzx_920.pt ===
G params: 351,073
E params: 123,744
D params: 257,024
C params: 205,313
Balanced accuracy (at median threshold): 0.2867
Best F1=0.6667 @ thr=0.6053
Best Accuracy=0.5001 @ thr=1.8458
AUC=0.1949
Average anomaly score on real class: 1.246512
Inference complete!
Encoder E_xzx_920.pt: AUC=0.1949, AvgRealScore=1.246512

=== Evaluating encoder: E_xzx_930.pt ===
G params: 351,073
E params: 123,744
D params: 257,024
C params: 205,313
Balanced accuracy (at median threshold): 0.2967
Best F1=0.6667 @ thr=0.5979
Best Accuracy=0.5001 @ thr=1.8671
AUC=0.2107
Average anomaly score on real class: 1.233623
Inference complete!
Encoder E_xzx_930.pt: AUC=0.2107, AvgRealScore=1.233623

=== Evaluating encoder: E_xzx_940.pt ===
G params: 351,073
E params: 123,744
D params: 257,024
C params: 205,313
Balanced accuracy (at median threshold): 0.2948
Best F1=0.6667 @ thr=0.6022
Best Accuracy=0.5000 @ thr=1.8101
AUC=0.2104
Average anomaly score on real class: 1.194712
Inference complete!
Encoder E_xzx_940.pt: AUC=0.2104, AvgRealScore=1.194712

=== Evaluating encoder: E_xzx_950.pt ===
G params: 351,073
E params: 123,744
D params: 257,024
C params: 205,313
Balanced accuracy (at median threshold): 0.2971
Best F1=0.6667 @ thr=0.5881
Best Accuracy=0.5001 @ thr=1.8813
AUC=0.2141
Average anomaly score on real class: 1.215246
Inference complete!
Encoder E_xzx_950.pt: AUC=0.2141, AvgRealScore=1.215246

=== Evaluating encoder: E_xzx_960.pt ===
G params: 351,073
E params: 123,744
D params: 257,024
C params: 205,313
Balanced accuracy (at median threshold): 0.3117
Best F1=0.6667 @ thr=0.5914
Best Accuracy=0.5001 @ thr=1.8743
AUC=0.2277
Average anomaly score on real class: 1.199721
Inference complete!
Encoder E_xzx_960.pt: AUC=0.2277, AvgRealScore=1.199721

=== Evaluating encoder: E_xzx_970.pt ===
G params: 351,073
E params: 123,744
D params: 257,024
C params: 205,313
Balanced accuracy (at median threshold): 0.2943
Best F1=0.6667 @ thr=0.6001
Best Accuracy=0.5001 @ thr=1.8325
AUC=0.2087
Average anomaly score on real class: 1.214712
Inference complete!
Encoder E_xzx_970.pt: AUC=0.2087, AvgRealScore=1.214712

=== Evaluating encoder: E_xzx_980.pt ===
G params: 351,073
E params: 123,744
D params: 257,024
C params: 205,313
Balanced accuracy (at median threshold): 0.3091
Best F1=0.6667 @ thr=0.5854
Best Accuracy=0.5001 @ thr=1.8256
AUC=0.2260
Average anomaly score on real class: 1.189263
Inference complete!
Encoder E_xzx_980.pt: AUC=0.226, AvgRealScore=1.189263

=== Evaluating encoder: E_xzx_990.pt ===
G params: 351,073
E params: 123,744
D params: 257,024
C params: 205,313
Balanced accuracy (at median threshold): 0.3104
Best F1=0.6667 @ thr=0.6011
Best Accuracy=0.5001 @ thr=1.8236
AUC=0.2298
Average anomaly score on real class: 1.185488
Inference complete!
Encoder E_xzx_990.pt: AUC=0.2298, AvgRealScore=1.185488

=== Evaluating encoder: E_xzx_final.pt ===
G params: 351,073
E params: 123,744
D params: 257,024
C params: 205,313
Balanced accuracy (at median threshold): 0.3181
Best F1=0.6667 @ thr=0.5953
Best Accuracy=0.5000 @ thr=2.0294
AUC=0.2454
Average anomaly score on real class: 1.218586
Inference complete!
Encoder E_xzx_final.pt: AUC=0.2454, AvgRealScore=1.218586

AUC summary saved to ../results/results_32_mel_real_s_2_300_cross_all/auc_summary_encoders.csv

Best encoder: E_xzx_3970.pt (AUC=0.2676)
Results in: ../results/results_32_mel_real_s_2_300_cross_all/encoder_E_xzx_3970
Best encoder results copied to ../results/results_32_mel_real_s_2_300_cross_all/best_encoder

Lowest avg anomaly score on real class: 1.082492 (encoder: E_xzx_60.pt)
Results in: ../results/results_32_mel_real_s_2_300_cross_all/encoder_E_xzx_60
Lowest real score encoder results copied to ../results/results_32_mel_real_s_2_300_cross_all/lowest_real_score_encoder
No valid AUC found for any encoder checkpoint.
[2025-07-14 01:47:38] Job PID=50655 finished with return code 0
[2025-07-14 01:47:38] Next job: python train2.py --data_root ../data/real/data_32 --log_dir ../logdir/logdir_32_mel_real_4n --use_mel --lambda_lat 0
[2025-07-14 01:47:38] GPU idle for 10/120s
[2025-07-14 01:47:48] GPU idle for 20/120s
[2025-07-14 01:47:58] GPU idle for 30/120s
[2025-07-14 01:48:08] GPU idle for 40/120s
[2025-07-14 01:48:18] GPU idle for 50/120s
[2025-07-14 01:48:28] GPU idle for 60/120s
[2025-07-14 01:48:38] GPU idle for 70/120s
[2025-07-14 01:48:48] GPU idle for 80/120s
[2025-07-14 01:48:58] GPU idle for 90/120s
[2025-07-14 01:49:08] GPU idle for 100/120s
[2025-07-14 01:49:18] GPU idle for 110/120s
[2025-07-14 01:49:28] GPU idle for 120/120s
[2025-07-14 01:49:28] Launching: python train2.py --data_root ../data/real/data_32 --log_dir ../logdir/logdir_32_mel_real_4n --use_mel --lambda_lat 0
[2025-07-14 01:49:28] Started PID=66319
Epoch 1/700 — D=-0.7020
Epoch 2/700 — D=-0.8619
Epoch 3/700 — D=-1.9568
Epoch 4/700 — D=-0.7849
Epoch 5/700 — D=-4.3089
Epoch 6/700 — D=-1.1548
Epoch 7/700 — D=-1.6835
Epoch 8/700 — D=-1.3067
Epoch 9/700 — D=-0.3843
Epoch 10/700 — D=-1.9312
Epoch 11/700 — D=-1.9883
Epoch 12/700 — D=-0.7306
Epoch 13/700 — D=-0.9469
Epoch 14/700 — D=3.2808
Epoch 15/700 — D=-3.8547
Epoch 16/700 — D=-1.5141
Epoch 17/700 — D=-2.4642
Epoch 18/700 — D=-0.2219
Epoch 19/700 — D=-0.3413
Epoch 20/700 — D=-2.7887
Epoch 21/700 — D=-2.3910
Epoch 22/700 — D=-1.8583
Epoch 23/700 — D=-1.4993
Epoch 24/700 — D=-1.2502
Epoch 25/700 — D=-2.4597
Epoch 26/700 — D=-2.0327
Epoch 27/700 — D=-1.8720
Epoch 28/700 — D=-1.6466
Epoch 29/700 — D=-0.5846
Epoch 30/700 — D=-2.3642
Epoch 31/700 — D=-2.1371
Epoch 32/700 — D=-2.0579
Epoch 33/700 — D=-1.6871
Epoch 34/700 — D=-0.8173
Epoch 35/700 — D=-2.0026
Epoch 36/700 — D=-1.6518
Epoch 37/700 — D=-1.8321
Epoch 38/700 — D=-1.3879
Epoch 39/700 — D=-0.6744
Epoch 40/700 — D=-2.4742
Epoch 41/700 — D=-1.9183
Epoch 42/700 — D=-1.9714
Epoch 43/700 — D=-1.5805
Epoch 44/700 — D=-1.2091
Epoch 45/700 — D=-2.1423
Epoch 46/700 — D=-1.9149
Epoch 47/700 — D=-1.9167
Epoch 48/700 — D=-1.7148
Epoch 49/700 — D=-1.4031
Epoch 50/700 — D=-2.4311
Epoch 51/700 — D=-2.2129
Epoch 52/700 — D=-2.1946
Epoch 53/700 — D=-1.8634
Epoch 54/700 — D=-1.6308
Epoch 55/700 — D=-2.3117
Epoch 56/700 — D=-1.9300
Epoch 57/700 — D=-2.1750
Epoch 58/700 — D=-1.5216
Epoch 59/700 — D=-1.4549
Epoch 60/700 — D=-1.9878
Epoch 61/700 — D=-2.1792
Epoch 62/700 — D=-1.9333
Epoch 63/700 — D=-1.8159
Epoch 64/700 — D=-1.5407
Epoch 65/700 — D=-2.4315
Epoch 66/700 — D=-2.5914
Epoch 67/700 — D=-2.3136
Epoch 68/700 — D=-1.9770
Epoch 69/700 — D=-1.3365
Epoch 70/700 — D=-2.1170
Epoch 71/700 — D=-2.2620
Epoch 72/700 — D=-2.1658
Epoch 73/700 — D=-1.9715
Epoch 74/700 — D=-1.6948
Epoch 75/700 — D=-2.3245
Epoch 76/700 — D=-2.3166
Epoch 77/700 — D=-2.1667
Epoch 78/700 — D=-1.8591
Epoch 79/700 — D=-1.6631
Epoch 80/700 — D=-2.3536
Epoch 81/700 — D=-2.1042
Epoch 82/700 — D=-2.0632
Epoch 83/700 — D=-2.1549
Epoch 84/700 — D=-1.5436
Epoch 85/700 — D=-2.1304
Epoch 86/700 — D=-2.4242
Epoch 87/700 — D=-2.1498
Epoch 88/700 — D=-1.4905
Epoch 89/700 — D=-1.7783
Epoch 90/700 — D=-2.0509
Epoch 91/700 — D=-2.3362
Epoch 92/700 — D=-2.1104
Epoch 93/700 — D=-2.1775
Epoch 94/700 — D=-1.7619
Epoch 95/700 — D=-2.1923
Epoch 96/700 — D=-2.1345
Epoch 97/700 — D=-2.2161
Epoch 98/700 — D=-2.1588
Epoch 99/700 — D=-1.9373
Epoch 100/700 — D=-2.4479
Epoch 101/700 — D=-2.2718
Epoch 102/700 — D=-2.2442
Epoch 103/700 — D=-2.0114
Epoch 104/700 — D=-1.5099
Epoch 105/700 — D=-2.1188
Epoch 106/700 — D=-2.3036
Epoch 107/700 — D=-2.2044
Epoch 108/700 — D=-1.9632
Epoch 109/700 — D=-1.5040
Epoch 110/700 — D=-2.3553
Epoch 111/700 — D=-2.3455
Epoch 112/700 — D=-2.3990
Epoch 113/700 — D=-2.1306
Epoch 114/700 — D=-2.1192
Epoch 115/700 — D=-2.2948
Epoch 116/700 — D=-2.5334
Epoch 117/700 — D=-2.3047
Epoch 118/700 — D=-2.2709
Epoch 119/700 — D=-1.5915
Epoch 120/700 — D=-2.2561
Epoch 121/700 — D=-2.3367
Epoch 122/700 — D=-2.3508
Epoch 123/700 — D=-2.2275
Epoch 124/700 — D=-1.1963
Epoch 125/700 — D=-2.3892
Epoch 126/700 — D=-2.2330
Epoch 127/700 — D=-2.2338
Epoch 128/700 — D=-2.1755
Epoch 129/700 — D=-1.9254
Epoch 130/700 — D=-2.3651
Epoch 131/700 — D=-2.4744
Epoch 132/700 — D=-2.3583
Epoch 133/700 — D=-2.2748
Epoch 134/700 — D=-1.8849
Epoch 135/700 — D=-2.3297
Epoch 136/700 — D=-2.3223
Epoch 137/700 — D=-2.3700
Epoch 138/700 — D=-2.3224
Epoch 139/700 — D=-1.8124
Epoch 140/700 — D=-2.6653
Epoch 141/700 — D=-2.4874
Epoch 142/700 — D=-2.5310
Epoch 143/700 — D=-2.4314
Epoch 144/700 — D=-2.1646
Epoch 145/700 — D=-2.5951
Epoch 146/700 — D=-2.4912
Epoch 147/700 — D=-2.5519
Epoch 148/700 — D=-2.3073
Epoch 149/700 — D=-1.5198
Epoch 150/700 — D=-3.1284
Epoch 151/700 — D=-2.4498
Epoch 152/700 — D=-2.4851
Epoch 153/700 — D=-2.4094
Epoch 154/700 — D=-2.2207
Epoch 155/700 — D=-2.6650
Epoch 156/700 — D=-2.5216
Epoch 157/700 — D=-2.6607
Epoch 158/700 — D=-2.4948
Epoch 159/700 — D=-2.0326
Epoch 160/700 — D=-2.5140
Epoch 161/700 — D=-2.7898
Epoch 162/700 — D=-2.5488
Epoch 163/700 — D=-2.2572
Epoch 164/700 — D=-1.7047
Epoch 165/700 — D=-2.5056
Epoch 166/700 — D=-2.5570
Epoch 167/700 — D=-2.5937
Epoch 168/700 — D=-2.4350
Epoch 169/700 — D=-2.1399
Epoch 170/700 — D=-2.6825
Epoch 171/700 — D=-2.5893
Epoch 172/700 — D=-2.7575
Epoch 173/700 — D=-2.4172
Epoch 174/700 — D=-2.3931
Epoch 175/700 — D=-2.6140
Epoch 176/700 — D=-2.6617
Epoch 177/700 — D=-2.6849
Epoch 178/700 — D=-2.4431
Epoch 179/700 — D=-2.2904
Epoch 180/700 — D=-2.9104
Epoch 181/700 — D=-2.6508
Epoch 182/700 — D=-2.5575
Epoch 183/700 — D=-2.5258
Epoch 184/700 — D=-2.5727
Epoch 185/700 — D=-2.8966
Epoch 186/700 — D=-2.6520
Epoch 187/700 — D=-2.6887
Epoch 188/700 — D=-2.5075
Epoch 189/700 — D=-2.0223
Epoch 190/700 — D=-2.7704
Epoch 191/700 — D=-2.9443
Epoch 192/700 — D=-2.5997
Epoch 193/700 — D=-2.5012
Epoch 194/700 — D=-2.2738
Epoch 195/700 — D=-2.5940
Epoch 196/700 — D=-2.6777
Epoch 197/700 — D=-2.5878
Epoch 198/700 — D=-2.5887
Epoch 199/700 — D=-2.3066
Epoch 200/700 — D=-2.8691
Epoch 201/700 — D=-2.8669
Epoch 202/700 — D=-2.6770
Epoch 203/700 — D=-2.6105
Epoch 204/700 — D=-2.1996
Epoch 205/700 — D=-2.7582
Epoch 206/700 — D=-2.6720
Epoch 207/700 — D=-2.6969
Epoch 208/700 — D=-2.5268
Epoch 209/700 — D=-2.5190
Epoch 210/700 — D=-2.6604
Epoch 211/700 — D=-2.8329
Epoch 212/700 — D=-2.9312
Epoch 213/700 — D=-2.6854
Epoch 214/700 — D=-2.2730
Epoch 215/700 — D=-2.7482
Epoch 216/700 — D=-2.7398
Epoch 217/700 — D=-2.6920
Epoch 218/700 — D=-2.6540
Epoch 219/700 — D=-2.5823
Epoch 220/700 — D=-2.6599
Epoch 221/700 — D=-2.6027
Epoch 222/700 — D=-2.7024
Epoch 223/700 — D=-2.6788
Epoch 224/700 — D=-2.4292
Epoch 225/700 — D=-2.6252
Epoch 226/700 — D=-2.6734
Epoch 227/700 — D=-2.6080
Epoch 228/700 — D=-2.6915
Epoch 229/700 — D=-2.5781
Epoch 230/700 — D=-2.8007
Epoch 231/700 — D=-2.6489
Epoch 232/700 — D=-2.6128
Epoch 233/700 — D=-2.6493
Epoch 234/700 — D=-2.5408
Epoch 235/700 — D=-2.6147
Epoch 236/700 — D=-2.6946
Epoch 237/700 — D=-2.6901
Epoch 238/700 — D=-2.5913
Epoch 239/700 — D=-2.4849
Epoch 240/700 — D=-2.7032
Epoch 241/700 — D=-2.7810
Epoch 242/700 — D=-2.6254
Epoch 243/700 — D=-2.6882
Epoch 244/700 — D=-2.4295
Epoch 245/700 — D=-2.7314
Epoch 246/700 — D=-2.5817
Epoch 247/700 — D=-2.7369
Epoch 248/700 — D=-2.6257
Epoch 249/700 — D=-2.4623
Epoch 250/700 — D=-2.6420
Epoch 251/700 — D=-2.7554
Epoch 252/700 — D=-2.6538
Epoch 253/700 — D=-2.5828
Epoch 254/700 — D=-2.3081
Epoch 255/700 — D=-2.8699
Epoch 256/700 — D=-2.8084
Epoch 257/700 — D=-2.6030
Epoch 258/700 — D=-2.5927
Epoch 259/700 — D=-2.5408
Epoch 260/700 — D=-2.6803
Epoch 261/700 — D=-2.6662
Epoch 262/700 — D=-2.7529
Epoch 263/700 — D=-2.6072
Epoch 264/700 — D=-2.4891
Epoch 265/700 — D=-2.6711
Epoch 266/700 — D=-2.6796
Epoch 267/700 — D=-2.6796
Epoch 268/700 — D=-2.5966
Epoch 269/700 — D=-2.4621
Epoch 270/700 — D=-2.6818
Epoch 271/700 — D=-2.7043
Epoch 272/700 — D=-2.6456
Epoch 273/700 — D=-2.5751
Epoch 274/700 — D=-2.5359
Epoch 275/700 — D=-2.7787
Epoch 276/700 — D=-2.7600
Epoch 277/700 — D=-2.7446
Epoch 278/700 — D=-2.5500
Epoch 279/700 — D=-2.5169
Epoch 280/700 — D=-2.7557
Epoch 281/700 — D=-2.7649
Epoch 282/700 — D=-2.6706
Epoch 283/700 — D=-2.6898
Epoch 284/700 — D=-2.3117
Epoch 285/700 — D=-2.6573
Epoch 286/700 — D=-2.8419
Epoch 287/700 — D=-2.7770
Epoch 288/700 — D=-2.5426
Epoch 289/700 — D=-2.5842
Epoch 290/700 — D=-2.6637
Epoch 291/700 — D=-2.6718
Epoch 292/700 — D=-2.6530
Epoch 293/700 — D=-2.6119
Epoch 294/700 — D=-2.5331
Epoch 295/700 — D=-2.6081
Epoch 296/700 — D=-2.7428
Epoch 297/700 — D=-2.5825
Epoch 298/700 — D=-2.6044
Epoch 299/700 — D=-2.4100
Epoch 300/700 — D=-2.6302
Epoch 301/700 — D=-2.7381
Epoch 302/700 — D=-2.6348
Epoch 303/700 — D=-2.5028
Epoch 304/700 — D=-2.2364
Epoch 305/700 — D=-2.7701
Epoch 306/700 — D=-2.5559
Epoch 307/700 — D=-2.6404
Epoch 308/700 — D=-2.6224
Epoch 309/700 — D=-2.4656
Epoch 310/700 — D=-2.6436
Epoch 311/700 — D=-2.6093
Epoch 312/700 — D=-2.6663
Epoch 313/700 — D=-2.5173
Epoch 314/700 — D=-2.4441
Epoch 315/700 — D=-2.7280
Epoch 316/700 — D=-2.7868
Epoch 317/700 — D=-2.6085
Epoch 318/700 — D=-2.5133
Epoch 319/700 — D=-2.4720
Epoch 320/700 — D=-2.6536
Epoch 321/700 — D=-2.6498
Epoch 322/700 — D=-2.5549
Epoch 323/700 — D=-2.5373
Epoch 324/700 — D=-2.5081
Epoch 325/700 — D=-2.5560
Epoch 326/700 — D=-2.5964
Epoch 327/700 — D=-2.5304
Epoch 328/700 — D=-2.4384
Epoch 329/700 — D=-2.4699
Epoch 330/700 — D=-2.4847
Epoch 331/700 — D=-2.6627
Epoch 332/700 — D=-2.5085
Epoch 333/700 — D=-2.4842
Epoch 334/700 — D=-2.2780
Epoch 335/700 — D=-2.5343
Epoch 336/700 — D=-2.6048
Epoch 337/700 — D=-2.6415
Epoch 338/700 — D=-2.4754
Epoch 339/700 — D=-2.5317
Epoch 340/700 — D=-2.5664
Epoch 341/700 — D=-2.6237
Epoch 342/700 — D=-2.5476
Epoch 343/700 — D=-2.4821
Epoch 344/700 — D=-2.5247
Epoch 345/700 — D=-2.6040
Epoch 346/700 — D=-2.5253
Epoch 347/700 — D=-2.6089
Epoch 348/700 — D=-2.5239
Epoch 349/700 — D=-2.4192
Epoch 350/700 — D=-2.6004
Epoch 351/700 — D=-2.5367
Epoch 352/700 — D=-2.5586
Epoch 353/700 — D=-2.5799
Epoch 354/700 — D=-2.3665
Epoch 355/700 — D=-2.7882
Epoch 356/700 — D=-2.5625
Epoch 357/700 — D=-2.5335
Epoch 358/700 — D=-2.4763
Epoch 359/700 — D=-2.4162
Epoch 360/700 — D=-2.5613
Epoch 361/700 — D=-2.6986
Epoch 362/700 — D=-2.5696
Epoch 363/700 — D=-2.5004
Epoch 364/700 — D=-2.4136
Epoch 365/700 — D=-2.5257
Epoch 366/700 — D=-2.6642
Epoch 367/700 — D=-2.5292
Epoch 368/700 — D=-2.4781
Epoch 369/700 — D=-2.3270
Epoch 370/700 — D=-2.6994
Epoch 371/700 — D=-2.5066
Epoch 372/700 — D=-2.5660
Epoch 373/700 — D=-2.4516
Epoch 374/700 — D=-2.4666
Epoch 375/700 — D=-2.6829
Epoch 376/700 — D=-2.5476
Epoch 377/700 — D=-2.5216
Epoch 378/700 — D=-2.4819
Epoch 379/700 — D=-2.4084
Epoch 380/700 — D=-2.6807
Epoch 381/700 — D=-2.4683
Epoch 382/700 — D=-2.6014
Epoch 383/700 — D=-2.4924
Epoch 384/700 — D=-2.4966
Epoch 385/700 — D=-2.5975
Epoch 386/700 — D=-2.5509
Epoch 387/700 — D=-2.5960
Epoch 388/700 — D=-2.5796
Epoch 389/700 — D=-2.4594
Epoch 390/700 — D=-2.5077
Epoch 391/700 — D=-2.5414
Epoch 392/700 — D=-2.5578
Epoch 393/700 — D=-2.4510
Epoch 394/700 — D=-2.4286
Epoch 395/700 — D=-2.5362
Epoch 396/700 — D=-2.5814
Epoch 397/700 — D=-2.5026
Epoch 398/700 — D=-2.5204
Epoch 399/700 — D=-2.3952
Epoch 400/700 — D=-2.7034
Epoch 401/700 — D=-2.5527
Epoch 402/700 — D=-2.5906
Epoch 403/700 — D=-2.5353
Epoch 404/700 — D=-2.4485
Epoch 405/700 — D=-2.5961
Epoch 406/700 — D=-2.5030
Epoch 407/700 — D=-2.5428
Epoch 408/700 — D=-2.5073
Epoch 409/700 — D=-2.5453
Epoch 410/700 — D=-2.5502
Epoch 411/700 — D=-2.5647
Epoch 412/700 — D=-2.4870
Epoch 413/700 — D=-2.4994
Epoch 414/700 — D=-2.4099
Epoch 415/700 — D=-2.6365
Epoch 416/700 — D=-2.4819
Epoch 417/700 — D=-2.5212
Epoch 418/700 — D=-2.5366
Epoch 419/700 — D=-2.4572
Epoch 420/700 — D=-2.5387
Epoch 421/700 — D=-2.6331
Epoch 422/700 — D=-2.5729
Epoch 423/700 — D=-2.4524
Epoch 424/700 — D=-2.3875
Epoch 425/700 — D=-2.5460
Epoch 426/700 — D=-2.5573
Epoch 427/700 — D=-2.4748
Epoch 428/700 — D=-2.5022
Epoch 429/700 — D=-2.5190
Epoch 430/700 — D=-2.5063
Epoch 431/700 — D=-2.5779
Epoch 432/700 — D=-2.5490
Epoch 433/700 — D=-2.4587
Epoch 434/700 — D=-2.4914
Epoch 435/700 — D=-2.6018
Epoch 436/700 — D=-2.5005
Epoch 437/700 — D=-2.5066
Epoch 438/700 — D=-2.4410
Epoch 439/700 — D=-2.3816
Epoch 440/700 — D=-2.6055
Epoch 441/700 — D=-2.5456
Epoch 442/700 — D=-2.5847
Epoch 443/700 — D=-2.4761
Epoch 444/700 — D=-2.3100
Epoch 445/700 — D=-2.5437
Epoch 446/700 — D=-2.5287
Epoch 447/700 — D=-2.5514
Epoch 448/700 — D=-2.4958
Epoch 449/700 — D=-2.4486
Epoch 450/700 — D=-2.5091
Epoch 451/700 — D=-2.6048
Epoch 452/700 — D=-2.5027
Epoch 453/700 — D=-2.4987
Epoch 454/700 — D=-2.4872
Epoch 455/700 — D=-2.5123
Epoch 456/700 — D=-2.5435
Epoch 457/700 — D=-2.5223
Epoch 458/700 — D=-2.5063
Epoch 459/700 — D=-2.4450
Epoch 460/700 — D=-2.4603
Epoch 461/700 — D=-2.5405
Epoch 462/700 — D=-2.5339
Epoch 463/700 — D=-2.4652
Epoch 464/700 — D=-2.4297
Epoch 465/700 — D=-2.4771
Epoch 466/700 — D=-2.5050
Epoch 467/700 — D=-2.5266
Epoch 468/700 — D=-2.4841
Epoch 469/700 — D=-2.4447
Epoch 470/700 — D=-2.4865
Epoch 471/700 — D=-2.5169
Epoch 472/700 — D=-2.4959
Epoch 473/700 — D=-2.4983
Epoch 474/700 — D=-2.4011
Epoch 475/700 — D=-2.5626
Epoch 476/700 — D=-2.4748
Epoch 477/700 — D=-2.5598
Epoch 478/700 — D=-2.4746
Epoch 479/700 — D=-2.4125
Epoch 480/700 — D=-2.5374
Epoch 481/700 — D=-2.4882
Epoch 482/700 — D=-2.4972
Epoch 483/700 — D=-2.5256
Epoch 484/700 — D=-2.4161
Epoch 485/700 — D=-2.5129
Epoch 486/700 — D=-2.6379
Epoch 487/700 — D=-2.4900
Epoch 488/700 — D=-2.3974
Epoch 489/700 — D=-2.4981
Epoch 490/700 — D=-2.4399
Epoch 491/700 — D=-2.5329
Epoch 492/700 — D=-2.4748
Epoch 493/700 — D=-2.4501
Epoch 494/700 — D=-2.4180
Epoch 495/700 — D=-2.5855
Epoch 496/700 — D=-2.5159
Epoch 497/700 — D=-2.4407
Epoch 498/700 — D=-2.4390
Epoch 499/700 — D=-2.4749
Epoch 500/700 — D=-2.4994
Epoch 501/700 — D=-2.4872
Epoch 502/700 — D=-2.4832
Epoch 503/700 — D=-2.4975
Epoch 504/700 — D=-2.4678
Epoch 505/700 — D=-2.4992
Epoch 506/700 — D=-2.5130
Epoch 507/700 — D=-2.5605
Epoch 508/700 — D=-2.4806
Epoch 509/700 — D=-2.4615
Epoch 510/700 — D=-2.5812
Epoch 511/700 — D=-2.5437
Epoch 512/700 — D=-2.5135
Epoch 513/700 — D=-2.5350
Epoch 514/700 — D=-2.3806
Epoch 515/700 — D=-2.4687
Epoch 516/700 — D=-2.4752
Epoch 517/700 — D=-2.4325
Epoch 518/700 — D=-2.4843
Epoch 519/700 — D=-2.3700
Epoch 520/700 — D=-2.4532
Epoch 521/700 — D=-2.5318
Epoch 522/700 — D=-2.5144
Epoch 523/700 — D=-2.4427
Epoch 524/700 — D=-2.3376
Epoch 525/700 — D=-2.4934
Epoch 526/700 — D=-2.5020
Epoch 527/700 — D=-2.4616
Epoch 528/700 — D=-2.4809
Epoch 529/700 — D=-2.4592
Epoch 530/700 — D=-2.4284
Epoch 531/700 — D=-2.5046
Epoch 532/700 — D=-2.4355
Epoch 533/700 — D=-2.4274
Epoch 534/700 — D=-2.3655
Epoch 535/700 — D=-2.5371
Epoch 536/700 — D=-2.5281
Epoch 537/700 — D=-2.4801
Epoch 538/700 — D=-2.4141
Epoch 539/700 — D=-2.4154
Epoch 540/700 — D=-2.5703
Epoch 541/700 — D=-2.4654
Epoch 542/700 — D=-2.4422
Epoch 543/700 — D=-2.4328
Epoch 544/700 — D=-2.3933
Epoch 545/700 — D=-2.4327
Epoch 546/700 — D=-2.5114
Epoch 547/700 — D=-2.4442
Epoch 548/700 — D=-2.4511
Epoch 549/700 — D=-2.4213
Epoch 550/700 — D=-2.5091
Epoch 551/700 — D=-2.4310
Epoch 552/700 — D=-2.4063
Epoch 553/700 — D=-2.4191
Epoch 554/700 — D=-2.3819
Epoch 555/700 — D=-2.4193
Epoch 556/700 — D=-2.5737
Epoch 557/700 — D=-2.5204
Epoch 558/700 — D=-2.4387
Epoch 559/700 — D=-2.3406
Epoch 560/700 — D=-2.4722
Epoch 561/700 — D=-2.4526
Epoch 562/700 — D=-2.4498
Epoch 563/700 — D=-2.4493
Epoch 564/700 — D=-2.3292
Epoch 565/700 — D=-2.4978
Epoch 566/700 — D=-2.4725
Epoch 567/700 — D=-2.4741
Epoch 568/700 — D=-2.4093
Epoch 569/700 — D=-2.4004
Epoch 570/700 — D=-2.5225
Epoch 571/700 — D=-2.5249
Epoch 572/700 — D=-2.4770
Epoch 573/700 — D=-2.5019
Epoch 574/700 — D=-2.4250
Epoch 575/700 — D=-2.4536
Epoch 576/700 — D=-2.4508
Epoch 577/700 — D=-2.4420
Epoch 578/700 — D=-2.4354
Epoch 579/700 — D=-2.4096
Epoch 580/700 — D=-2.4485
Epoch 581/700 — D=-2.4400
Epoch 582/700 — D=-2.4028
Epoch 583/700 — D=-2.4514
Epoch 584/700 — D=-2.4220
Epoch 585/700 — D=-2.4895
Epoch 586/700 — D=-2.4613
Epoch 587/700 — D=-2.4458
Epoch 588/700 — D=-2.4495
Epoch 589/700 — D=-2.4306
Epoch 590/700 — D=-2.5204
Epoch 591/700 — D=-2.4571
Epoch 592/700 — D=-2.4830
Epoch 593/700 — D=-2.4250
Epoch 594/700 — D=-2.3985
Epoch 595/700 — D=-2.4795
Epoch 596/700 — D=-2.4520
Epoch 597/700 — D=-2.4301
Epoch 598/700 — D=-2.4124
Epoch 599/700 — D=-2.4783
Epoch 600/700 — D=-2.4860
Epoch 601/700 — D=-2.4751
Epoch 602/700 — D=-2.4474
Epoch 603/700 — D=-2.4359
Epoch 604/700 — D=-2.4065
Epoch 605/700 — D=-2.4460
Epoch 606/700 — D=-2.4611
Epoch 607/700 — D=-2.4756
Epoch 608/700 — D=-2.4984
Epoch 609/700 — D=-2.4070
Epoch 610/700 — D=-2.4329
Epoch 611/700 — D=-2.4751
Epoch 612/700 — D=-2.5074
Epoch 613/700 — D=-2.4151
Epoch 614/700 — D=-2.3842
Epoch 615/700 — D=-2.4469
Epoch 616/700 — D=-2.4914
Epoch 617/700 — D=-2.4818
Epoch 618/700 — D=-2.4134
Epoch 619/700 — D=-2.4545
Epoch 620/700 — D=-2.4721
Epoch 621/700 — D=-2.5082
Epoch 622/700 — D=-2.5269
Epoch 623/700 — D=-2.4848
Epoch 624/700 — D=-2.3742
Epoch 625/700 — D=-2.4661
Epoch 626/700 — D=-2.4519
Epoch 627/700 — D=-2.4105
Epoch 628/700 — D=-2.4578
Epoch 629/700 — D=-2.3975
Epoch 630/700 — D=-2.4393
Epoch 631/700 — D=-2.4604
Epoch 632/700 — D=-2.4755
Epoch 633/700 — D=-2.4654
Epoch 634/700 — D=-2.4517
Epoch 635/700 — D=-2.4659
Epoch 636/700 — D=-2.4582
Epoch 637/700 — D=-2.4667
Epoch 638/700 — D=-2.4039
Epoch 639/700 — D=-2.4407
Epoch 640/700 — D=-2.4274
Epoch 641/700 — D=-2.4504
Epoch 642/700 — D=-2.4574
Epoch 643/700 — D=-2.4340
Epoch 644/700 — D=-2.3404
Epoch 645/700 — D=-2.4371
Epoch 646/700 — D=-2.4479
Epoch 647/700 — D=-2.4918
Epoch 648/700 — D=-2.4780
Epoch 649/700 — D=-2.3891
Epoch 650/700 — D=-2.4302
Epoch 651/700 — D=-2.4961
Epoch 652/700 — D=-2.4846
Epoch 653/700 — D=-2.4351
Epoch 654/700 — D=-2.3397
Epoch 655/700 — D=-2.4958
Epoch 656/700 — D=-2.4889
Epoch 657/700 — D=-2.4383
Epoch 658/700 — D=-2.4272
Epoch 659/700 — D=-2.4170
Epoch 660/700 — D=-2.4470
Epoch 661/700 — D=-2.4315
Epoch 662/700 — D=-2.4196
Epoch 663/700 — D=-2.4318
Epoch 664/700 — D=-2.4231
Epoch 665/700 — D=-2.5408
Epoch 666/700 — D=-2.5209
Epoch 667/700 — D=-2.4393
Epoch 668/700 — D=-2.5006
Epoch 669/700 — D=-2.4568
Epoch 670/700 — D=-2.4766
Epoch 671/700 — D=-2.4731
Epoch 672/700 — D=-2.4471
Epoch 673/700 — D=-2.4580
Epoch 674/700 — D=-2.4024
Epoch 675/700 — D=-2.4316
Epoch 676/700 — D=-2.4828
Epoch 677/700 — D=-2.4312
Epoch 678/700 — D=-2.4646
Epoch 679/700 — D=-2.4474
Epoch 680/700 — D=-2.4581
Epoch 681/700 — D=-2.4271
Epoch 682/700 — D=-2.4405
Epoch 683/700 — D=-2.4187
Epoch 684/700 — D=-2.4384
Epoch 685/700 — D=-2.4713
Epoch 686/700 — D=-2.4563
Epoch 687/700 — D=-2.4597
Epoch 688/700 — D=-2.4726
Epoch 689/700 — D=-2.3949
Epoch 690/700 — D=-2.4537
Epoch 691/700 — D=-2.4285
Epoch 692/700 — D=-2.4846
Epoch 693/700 — D=-2.5131
Epoch 694/700 — D=-2.4444
Epoch 695/700 — D=-2.4570
Epoch 696/700 — D=-2.4476
Epoch 697/700 — D=-2.5079
Epoch 698/700 — D=-2.4521
Epoch 699/700 — D=-2.4224
Epoch 700/700 — D=-2.4693
[2025-07-14 04:37:32] Job PID=66319 finished with return code 0
[2025-07-14 04:37:32] Next job: python eval_all_checkpoints.py --real_data_root ../data/test/real/data_32 --anomaly_data_dir ../data/test/fake/data_32_all/all --model_dir ../logdir/logdir_32_mel_real_4n --n_layers 4 --use_mel --keep_all --out_dir ../results/results_32_mel_real_4n_all --n_cluster 7 --batch_size 256
[2025-07-14 04:37:32] GPU idle for 10/120s
[2025-07-14 04:37:42] GPU idle for 20/120s
[2025-07-14 04:37:52] GPU idle for 30/120s
[2025-07-14 04:38:02] GPU idle for 40/120s
[2025-07-14 04:38:12] GPU idle for 50/120s
[2025-07-14 04:38:22] GPU idle for 60/120s
[2025-07-14 04:38:32] GPU idle for 70/120s
[2025-07-14 04:38:42] GPU idle for 80/120s
[2025-07-14 04:38:52] GPU idle for 90/120s
[2025-07-14 04:39:02] GPU idle for 100/120s
[2025-07-14 04:39:12] GPU idle for 110/120s
[2025-07-14 04:39:22] GPU idle for 120/120s
[2025-07-14 04:39:22] Launching: python eval_all_checkpoints.py --real_data_root ../data/test/real/data_32 --anomaly_data_dir ../data/test/fake/data_32_all/all --model_dir ../logdir/logdir_32_mel_real_4n --n_layers 4 --use_mel --keep_all --out_dir ../results/results_32_mel_real_4n_all --n_cluster 7 --batch_size 256
[2025-07-14 04:39:22] Started PID=109421
Building and caching dataset in RAM (once for all checkpoints)...
Dataset ready.

=== Evaluating checkpoint: 100 ===
Error running inference for checkpoint 100: Error(s) in loading state_dict for MultiGenerator:
	Unexpected key(s) in state_dict: "generators.7.fc.weight", "generators.7.fc.bias", "generators.7.net.1.weight", "generators.7.net.1.bias", "generators.7.net.4.weight", "generators.7.net.4.bias", "generators.7.net.7.weight", "generators.7.net.7.bias", "generators.7.net.10.weight", "generators.7.net.10.bias", "generators.7.net.12.weight", "generators.7.net.12.bias". 

=== Evaluating checkpoint: 120 ===
Error running inference for checkpoint 120: Error(s) in loading state_dict for MultiGenerator:
	Unexpected key(s) in state_dict: "generators.7.fc.weight", "generators.7.fc.bias", "generators.7.net.1.weight", "generators.7.net.1.bias", "generators.7.net.4.weight", "generators.7.net.4.bias", "generators.7.net.7.weight", "generators.7.net.7.bias", "generators.7.net.10.weight", "generators.7.net.10.bias", "generators.7.net.12.weight", "generators.7.net.12.bias". 

=== Evaluating checkpoint: 140 ===
Error running inference for checkpoint 140: Error(s) in loading state_dict for MultiGenerator:
	Unexpected key(s) in state_dict: "generators.7.fc.weight", "generators.7.fc.bias", "generators.7.net.1.weight", "generators.7.net.1.bias", "generators.7.net.4.weight", "generators.7.net.4.bias", "generators.7.net.7.weight", "generators.7.net.7.bias", "generators.7.net.10.weight", "generators.7.net.10.bias", "generators.7.net.12.weight", "generators.7.net.12.bias". 

=== Evaluating checkpoint: 160 ===
Error running inference for checkpoint 160: Error(s) in loading state_dict for MultiGenerator:
	Unexpected key(s) in state_dict: "generators.7.fc.weight", "generators.7.fc.bias", "generators.7.net.1.weight", "generators.7.net.1.bias", "generators.7.net.4.weight", "generators.7.net.4.bias", "generators.7.net.7.weight", "generators.7.net.7.bias", "generators.7.net.10.weight", "generators.7.net.10.bias", "generators.7.net.12.weight", "generators.7.net.12.bias". 

=== Evaluating checkpoint: 180 ===
Error running inference for checkpoint 180: Error(s) in loading state_dict for MultiGenerator:
	Unexpected key(s) in state_dict: "generators.7.fc.weight", "generators.7.fc.bias", "generators.7.net.1.weight", "generators.7.net.1.bias", "generators.7.net.4.weight", "generators.7.net.4.bias", "generators.7.net.7.weight", "generators.7.net.7.bias", "generators.7.net.10.weight", "generators.7.net.10.bias", "generators.7.net.12.weight", "generators.7.net.12.bias". 

=== Evaluating checkpoint: 20 ===
Error running inference for checkpoint 20: Error(s) in loading state_dict for MultiGenerator:
	Unexpected key(s) in state_dict: "generators.7.fc.weight", "generators.7.fc.bias", "generators.7.net.1.weight", "generators.7.net.1.bias", "generators.7.net.4.weight", "generators.7.net.4.bias", "generators.7.net.7.weight", "generators.7.net.7.bias", "generators.7.net.10.weight", "generators.7.net.10.bias", "generators.7.net.12.weight", "generators.7.net.12.bias". 

=== Evaluating checkpoint: 200 ===
Error running inference for checkpoint 200: Error(s) in loading state_dict for MultiGenerator:
	Unexpected key(s) in state_dict: "generators.7.fc.weight", "generators.7.fc.bias", "generators.7.net.1.weight", "generators.7.net.1.bias", "generators.7.net.4.weight", "generators.7.net.4.bias", "generators.7.net.7.weight", "generators.7.net.7.bias", "generators.7.net.10.weight", "generators.7.net.10.bias", "generators.7.net.12.weight", "generators.7.net.12.bias". 

=== Evaluating checkpoint: 220 ===
Error running inference for checkpoint 220: Error(s) in loading state_dict for MultiGenerator:
	Unexpected key(s) in state_dict: "generators.7.fc.weight", "generators.7.fc.bias", "generators.7.net.1.weight", "generators.7.net.1.bias", "generators.7.net.4.weight", "generators.7.net.4.bias", "generators.7.net.7.weight", "generators.7.net.7.bias", "generators.7.net.10.weight", "generators.7.net.10.bias", "generators.7.net.12.weight", "generators.7.net.12.bias". 

=== Evaluating checkpoint: 240 ===
Error running inference for checkpoint 240: Error(s) in loading state_dict for MultiGenerator:
	Unexpected key(s) in state_dict: "generators.7.fc.weight", "generators.7.fc.bias", "generators.7.net.1.weight", "generators.7.net.1.bias", "generators.7.net.4.weight", "generators.7.net.4.bias", "generators.7.net.7.weight", "generators.7.net.7.bias", "generators.7.net.10.weight", "generators.7.net.10.bias", "generators.7.net.12.weight", "generators.7.net.12.bias". 

=== Evaluating checkpoint: 260 ===
Error running inference for checkpoint 260: Error(s) in loading state_dict for MultiGenerator:
	Unexpected key(s) in state_dict: "generators.7.fc.weight", "generators.7.fc.bias", "generators.7.net.1.weight", "generators.7.net.1.bias", "generators.7.net.4.weight", "generators.7.net.4.bias", "generators.7.net.7.weight", "generators.7.net.7.bias", "generators.7.net.10.weight", "generators.7.net.10.bias", "generators.7.net.12.weight", "generators.7.net.12.bias". 

=== Evaluating checkpoint: 280 ===
Error running inference for checkpoint 280: Error(s) in loading state_dict for MultiGenerator:
	Unexpected key(s) in state_dict: "generators.7.fc.weight", "generators.7.fc.bias", "generators.7.net.1.weight", "generators.7.net.1.bias", "generators.7.net.4.weight", "generators.7.net.4.bias", "generators.7.net.7.weight", "generators.7.net.7.bias", "generators.7.net.10.weight", "generators.7.net.10.bias", "generators.7.net.12.weight", "generators.7.net.12.bias". 

=== Evaluating checkpoint: 300 ===
Error running inference for checkpoint 300: Error(s) in loading state_dict for MultiGenerator:
	Unexpected key(s) in state_dict: "generators.7.fc.weight", "generators.7.fc.bias", "generators.7.net.1.weight", "generators.7.net.1.bias", "generators.7.net.4.weight", "generators.7.net.4.bias", "generators.7.net.7.weight", "generators.7.net.7.bias", "generators.7.net.10.weight", "generators.7.net.10.bias", "generators.7.net.12.weight", "generators.7.net.12.bias". 

=== Evaluating checkpoint: 320 ===
Error running inference for checkpoint 320: Error(s) in loading state_dict for MultiGenerator:
	Unexpected key(s) in state_dict: "generators.7.fc.weight", "generators.7.fc.bias", "generators.7.net.1.weight", "generators.7.net.1.bias", "generators.7.net.4.weight", "generators.7.net.4.bias", "generators.7.net.7.weight", "generators.7.net.7.bias", "generators.7.net.10.weight", "generators.7.net.10.bias", "generators.7.net.12.weight", "generators.7.net.12.bias". 

=== Evaluating checkpoint: 340 ===
Error running inference for checkpoint 340: Error(s) in loading state_dict for MultiGenerator:
	Unexpected key(s) in state_dict: "generators.7.fc.weight", "generators.7.fc.bias", "generators.7.net.1.weight", "generators.7.net.1.bias", "generators.7.net.4.weight", "generators.7.net.4.bias", "generators.7.net.7.weight", "generators.7.net.7.bias", "generators.7.net.10.weight", "generators.7.net.10.bias", "generators.7.net.12.weight", "generators.7.net.12.bias". 

=== Evaluating checkpoint: 360 ===
Error running inference for checkpoint 360: Error(s) in loading state_dict for MultiGenerator:
	Unexpected key(s) in state_dict: "generators.7.fc.weight", "generators.7.fc.bias", "generators.7.net.1.weight", "generators.7.net.1.bias", "generators.7.net.4.weight", "generators.7.net.4.bias", "generators.7.net.7.weight", "generators.7.net.7.bias", "generators.7.net.10.weight", "generators.7.net.10.bias", "generators.7.net.12.weight", "generators.7.net.12.bias". 

=== Evaluating checkpoint: 380 ===
Error running inference for checkpoint 380: Error(s) in loading state_dict for MultiGenerator:
	Unexpected key(s) in state_dict: "generators.7.fc.weight", "generators.7.fc.bias", "generators.7.net.1.weight", "generators.7.net.1.bias", "generators.7.net.4.weight", "generators.7.net.4.bias", "generators.7.net.7.weight", "generators.7.net.7.bias", "generators.7.net.10.weight", "generators.7.net.10.bias", "generators.7.net.12.weight", "generators.7.net.12.bias". 

=== Evaluating checkpoint: 40 ===
Error running inference for checkpoint 40: Error(s) in loading state_dict for MultiGenerator:
	Unexpected key(s) in state_dict: "generators.7.fc.weight", "generators.7.fc.bias", "generators.7.net.1.weight", "generators.7.net.1.bias", "generators.7.net.4.weight", "generators.7.net.4.bias", "generators.7.net.7.weight", "generators.7.net.7.bias", "generators.7.net.10.weight", "generators.7.net.10.bias", "generators.7.net.12.weight", "generators.7.net.12.bias". 

=== Evaluating checkpoint: 400 ===
Error running inference for checkpoint 400: Error(s) in loading state_dict for MultiGenerator:
	Unexpected key(s) in state_dict: "generators.7.fc.weight", "generators.7.fc.bias", "generators.7.net.1.weight", "generators.7.net.1.bias", "generators.7.net.4.weight", "generators.7.net.4.bias", "generators.7.net.7.weight", "generators.7.net.7.bias", "generators.7.net.10.weight", "generators.7.net.10.bias", "generators.7.net.12.weight", "generators.7.net.12.bias". 

=== Evaluating checkpoint: 420 ===
Error running inference for checkpoint 420: Error(s) in loading state_dict for MultiGenerator:
	Unexpected key(s) in state_dict: "generators.7.fc.weight", "generators.7.fc.bias", "generators.7.net.1.weight", "generators.7.net.1.bias", "generators.7.net.4.weight", "generators.7.net.4.bias", "generators.7.net.7.weight", "generators.7.net.7.bias", "generators.7.net.10.weight", "generators.7.net.10.bias", "generators.7.net.12.weight", "generators.7.net.12.bias". 

=== Evaluating checkpoint: 440 ===
Error running inference for checkpoint 440: Error(s) in loading state_dict for MultiGenerator:
	Unexpected key(s) in state_dict: "generators.7.fc.weight", "generators.7.fc.bias", "generators.7.net.1.weight", "generators.7.net.1.bias", "generators.7.net.4.weight", "generators.7.net.4.bias", "generators.7.net.7.weight", "generators.7.net.7.bias", "generators.7.net.10.weight", "generators.7.net.10.bias", "generators.7.net.12.weight", "generators.7.net.12.bias". 

=== Evaluating checkpoint: 460 ===
Error running inference for checkpoint 460: Error(s) in loading state_dict for MultiGenerator:
	Unexpected key(s) in state_dict: "generators.7.fc.weight", "generators.7.fc.bias", "generators.7.net.1.weight", "generators.7.net.1.bias", "generators.7.net.4.weight", "generators.7.net.4.bias", "generators.7.net.7.weight", "generators.7.net.7.bias", "generators.7.net.10.weight", "generators.7.net.10.bias", "generators.7.net.12.weight", "generators.7.net.12.bias". 

=== Evaluating checkpoint: 480 ===
Error running inference for checkpoint 480: Error(s) in loading state_dict for MultiGenerator:
	Unexpected key(s) in state_dict: "generators.7.fc.weight", "generators.7.fc.bias", "generators.7.net.1.weight", "generators.7.net.1.bias", "generators.7.net.4.weight", "generators.7.net.4.bias", "generators.7.net.7.weight", "generators.7.net.7.bias", "generators.7.net.10.weight", "generators.7.net.10.bias", "generators.7.net.12.weight", "generators.7.net.12.bias". 

=== Evaluating checkpoint: 500 ===
Error running inference for checkpoint 500: Error(s) in loading state_dict for MultiGenerator:
	Unexpected key(s) in state_dict: "generators.7.fc.weight", "generators.7.fc.bias", "generators.7.net.1.weight", "generators.7.net.1.bias", "generators.7.net.4.weight", "generators.7.net.4.bias", "generators.7.net.7.weight", "generators.7.net.7.bias", "generators.7.net.10.weight", "generators.7.net.10.bias", "generators.7.net.12.weight", "generators.7.net.12.bias". 

=== Evaluating checkpoint: 520 ===
Error running inference for checkpoint 520: Error(s) in loading state_dict for MultiGenerator:
	Unexpected key(s) in state_dict: "generators.7.fc.weight", "generators.7.fc.bias", "generators.7.net.1.weight", "generators.7.net.1.bias", "generators.7.net.4.weight", "generators.7.net.4.bias", "generators.7.net.7.weight", "generators.7.net.7.bias", "generators.7.net.10.weight", "generators.7.net.10.bias", "generators.7.net.12.weight", "generators.7.net.12.bias". 

=== Evaluating checkpoint: 540 ===
Error running inference for checkpoint 540: Error(s) in loading state_dict for MultiGenerator:
	Unexpected key(s) in state_dict: "generators.7.fc.weight", "generators.7.fc.bias", "generators.7.net.1.weight", "generators.7.net.1.bias", "generators.7.net.4.weight", "generators.7.net.4.bias", "generators.7.net.7.weight", "generators.7.net.7.bias", "generators.7.net.10.weight", "generators.7.net.10.bias", "generators.7.net.12.weight", "generators.7.net.12.bias". 

=== Evaluating checkpoint: 560 ===
Error running inference for checkpoint 560: Error(s) in loading state_dict for MultiGenerator:
	Unexpected key(s) in state_dict: "generators.7.fc.weight", "generators.7.fc.bias", "generators.7.net.1.weight", "generators.7.net.1.bias", "generators.7.net.4.weight", "generators.7.net.4.bias", "generators.7.net.7.weight", "generators.7.net.7.bias", "generators.7.net.10.weight", "generators.7.net.10.bias", "generators.7.net.12.weight", "generators.7.net.12.bias". 

=== Evaluating checkpoint: 580 ===
Error running inference for checkpoint 580: Error(s) in loading state_dict for MultiGenerator:
	Unexpected key(s) in state_dict: "generators.7.fc.weight", "generators.7.fc.bias", "generators.7.net.1.weight", "generators.7.net.1.bias", "generators.7.net.4.weight", "generators.7.net.4.bias", "generators.7.net.7.weight", "generators.7.net.7.bias", "generators.7.net.10.weight", "generators.7.net.10.bias", "generators.7.net.12.weight", "generators.7.net.12.bias". 

=== Evaluating checkpoint: 60 ===
Error running inference for checkpoint 60: Error(s) in loading state_dict for MultiGenerator:
	Unexpected key(s) in state_dict: "generators.7.fc.weight", "generators.7.fc.bias", "generators.7.net.1.weight", "generators.7.net.1.bias", "generators.7.net.4.weight", "generators.7.net.4.bias", "generators.7.net.7.weight", "generators.7.net.7.bias", "generators.7.net.10.weight", "generators.7.net.10.bias", "generators.7.net.12.weight", "generators.7.net.12.bias". 

=== Evaluating checkpoint: 600 ===
Error running inference for checkpoint 600: Error(s) in loading state_dict for MultiGenerator:
	Unexpected key(s) in state_dict: "generators.7.fc.weight", "generators.7.fc.bias", "generators.7.net.1.weight", "generators.7.net.1.bias", "generators.7.net.4.weight", "generators.7.net.4.bias", "generators.7.net.7.weight", "generators.7.net.7.bias", "generators.7.net.10.weight", "generators.7.net.10.bias", "generators.7.net.12.weight", "generators.7.net.12.bias". 

=== Evaluating checkpoint: 620 ===
Error running inference for checkpoint 620: Error(s) in loading state_dict for MultiGenerator:
	Unexpected key(s) in state_dict: "generators.7.fc.weight", "generators.7.fc.bias", "generators.7.net.1.weight", "generators.7.net.1.bias", "generators.7.net.4.weight", "generators.7.net.4.bias", "generators.7.net.7.weight", "generators.7.net.7.bias", "generators.7.net.10.weight", "generators.7.net.10.bias", "generators.7.net.12.weight", "generators.7.net.12.bias". 

=== Evaluating checkpoint: 640 ===
Error running inference for checkpoint 640: Error(s) in loading state_dict for MultiGenerator:
	Unexpected key(s) in state_dict: "generators.7.fc.weight", "generators.7.fc.bias", "generators.7.net.1.weight", "generators.7.net.1.bias", "generators.7.net.4.weight", "generators.7.net.4.bias", "generators.7.net.7.weight", "generators.7.net.7.bias", "generators.7.net.10.weight", "generators.7.net.10.bias", "generators.7.net.12.weight", "generators.7.net.12.bias". 

=== Evaluating checkpoint: 660 ===
Error running inference for checkpoint 660: Error(s) in loading state_dict for MultiGenerator:
	Unexpected key(s) in state_dict: "generators.7.fc.weight", "generators.7.fc.bias", "generators.7.net.1.weight", "generators.7.net.1.bias", "generators.7.net.4.weight", "generators.7.net.4.bias", "generators.7.net.7.weight", "generators.7.net.7.bias", "generators.7.net.10.weight", "generators.7.net.10.bias", "generators.7.net.12.weight", "generators.7.net.12.bias". 

=== Evaluating checkpoint: 680 ===
Error running inference for checkpoint 680: Error(s) in loading state_dict for MultiGenerator:
	Unexpected key(s) in state_dict: "generators.7.fc.weight", "generators.7.fc.bias", "generators.7.net.1.weight", "generators.7.net.1.bias", "generators.7.net.4.weight", "generators.7.net.4.bias", "generators.7.net.7.weight", "generators.7.net.7.bias", "generators.7.net.10.weight", "generators.7.net.10.bias", "generators.7.net.12.weight", "generators.7.net.12.bias". 

=== Evaluating checkpoint: 700 ===
Error running inference for checkpoint 700: Error(s) in loading state_dict for MultiGenerator:
	Unexpected key(s) in state_dict: "generators.7.fc.weight", "generators.7.fc.bias", "generators.7.net.1.weight", "generators.7.net.1.bias", "generators.7.net.4.weight", "generators.7.net.4.bias", "generators.7.net.7.weight", "generators.7.net.7.bias", "generators.7.net.10.weight", "generators.7.net.10.bias", "generators.7.net.12.weight", "generators.7.net.12.bias". 

=== Evaluating checkpoint: 80 ===
Error running inference for checkpoint 80: Error(s) in loading state_dict for MultiGenerator:
	Unexpected key(s) in state_dict: "generators.7.fc.weight", "generators.7.fc.bias", "generators.7.net.1.weight", "generators.7.net.1.bias", "generators.7.net.4.weight", "generators.7.net.4.bias", "generators.7.net.7.weight", "generators.7.net.7.bias", "generators.7.net.10.weight", "generators.7.net.10.bias", "generators.7.net.12.weight", "generators.7.net.12.bias". 

=== Evaluating checkpoint: interrupt_1 ===
Error running inference for checkpoint interrupt_1: PytorchStreamReader failed locating file data/9: file not found

=== Evaluating checkpoint: interrupt_10 ===
Error running inference for checkpoint interrupt_10: PytorchStreamReader failed locating file data/39: file not found

AUC summary saved to ../results/results_32_mel_real_4n_all/auc_summary.csv
No valid AUC found for any checkpoint.
[2025-07-14 04:39:36] Job PID=109421 finished with return code 0
[2025-07-14 04:39:36] Next job: python train2.py --data_root ../data/real/data_32 --log_dir ../logdir/logdir_32_mel_real_4n_s --use_mel --lambda_lat 0 --n_cluster 1
[2025-07-14 04:39:36] GPU idle for 10/120s
[2025-07-14 04:39:46] GPU idle for 20/120s
[2025-07-14 04:39:56] GPU idle for 30/120s
[2025-07-14 04:40:06] GPU idle for 40/120s
[2025-07-14 04:40:16] GPU idle for 50/120s
[2025-07-14 04:40:26] GPU idle for 60/120s
[2025-07-14 04:40:36] GPU idle for 70/120s
[2025-07-14 04:40:46] GPU idle for 80/120s
[2025-07-14 04:40:56] GPU idle for 90/120s
[2025-07-14 04:41:06] GPU idle for 100/120s
[2025-07-14 04:41:16] GPU idle for 110/120s
[2025-07-14 04:41:26] GPU idle for 120/120s
[2025-07-14 04:41:26] Launching: python train2.py --data_root ../data/real/data_32 --log_dir ../logdir/logdir_32_mel_real_4n_s --use_mel --lambda_lat 0 --n_cluster 1
[2025-07-14 04:41:26] Started PID=109951
Epoch 1/700 — D=-0.5634
Epoch 2/700 — D=-0.9325
Epoch 3/700 — D=-0.8103
Epoch 4/700 — D=-1.5504
Epoch 5/700 — D=-2.1340
Epoch 6/700 — D=-1.7089
Epoch 7/700 — D=-1.0972
Epoch 8/700 — D=-1.3195
Epoch 9/700 — D=-0.8728
Epoch 10/700 — D=-1.9571
Epoch 11/700 — D=-2.2218
Epoch 12/700 — D=-1.3198
Epoch 13/700 — D=-1.0627
Epoch 14/700 — D=-0.4830
Epoch 15/700 — D=-1.1595
Epoch 16/700 — D=-1.1388
Epoch 17/700 — D=-1.2169
Epoch 18/700 — D=-0.3835
Epoch 19/700 — D=-0.7235
Epoch 20/700 — D=-1.5464
Epoch 21/700 — D=-1.7883
Epoch 22/700 — D=-1.8605
Epoch 23/700 — D=-1.3143
Epoch 24/700 — D=0.4950
Epoch 25/700 — D=-2.0887
Epoch 26/700 — D=-1.6072
Epoch 27/700 — D=-2.4347
Epoch 28/700 — D=-1.3699
Epoch 29/700 — D=-1.0181
Epoch 30/700 — D=-1.7963
Epoch 31/700 — D=-2.5815
Epoch 32/700 — D=-1.3950
Epoch 33/700 — D=-1.2819
Epoch 34/700 — D=-0.4261
Epoch 35/700 — D=-1.5428
Epoch 36/700 — D=-1.5655
Epoch 37/700 — D=-1.7670
Epoch 38/700 — D=-1.5456
Epoch 39/700 — D=-0.7322
Epoch 40/700 — D=-2.0165
Epoch 41/700 — D=-1.9154
Epoch 42/700 — D=-1.7445
Epoch 43/700 — D=-1.2967
Epoch 44/700 — D=-1.0180
Epoch 45/700 — D=-2.8292
Epoch 46/700 — D=-1.9292
Epoch 47/700 — D=-2.1747
Epoch 48/700 — D=-1.7797
Epoch 49/700 — D=-1.1802
Epoch 50/700 — D=-2.8663
Epoch 51/700 — D=-1.8498
Epoch 52/700 — D=-1.9043
Epoch 53/700 — D=-1.6747
Epoch 54/700 — D=-1.1180
Epoch 55/700 — D=-2.4014
Epoch 56/700 — D=-2.2191
Epoch 57/700 — D=-1.9303
Epoch 58/700 — D=-2.0135
Epoch 59/700 — D=-1.5411
Epoch 60/700 — D=-2.0064
Epoch 61/700 — D=-2.0311
Epoch 62/700 — D=-1.9388
Epoch 63/700 — D=-1.4999
Epoch 64/700 — D=-1.6604
Epoch 65/700 — D=-2.5035
Epoch 66/700 — D=-2.3026
Epoch 67/700 — D=-1.9134
Epoch 68/700 — D=-1.6621
Epoch 69/700 — D=-1.1750
Epoch 70/700 — D=-2.6342
Epoch 71/700 — D=-2.4053
Epoch 72/700 — D=-2.0166
Epoch 73/700 — D=-1.8619
Epoch 74/700 — D=-1.4027
Epoch 75/700 — D=-2.6724
Epoch 76/700 — D=-2.1615
Epoch 77/700 — D=-2.1682
Epoch 78/700 — D=-2.0081
Epoch 79/700 — D=-0.6804
Epoch 80/700 — D=-2.4438
Epoch 81/700 — D=-2.3201
Epoch 82/700 — D=-1.9897
Epoch 83/700 — D=-1.9761
Epoch 84/700 — D=-1.8616
Epoch 85/700 — D=-2.1275
Epoch 86/700 — D=-2.0202
Epoch 87/700 — D=-1.9410
Epoch 88/700 — D=-2.0326
Epoch 89/700 — D=-1.1575
Epoch 90/700 — D=-2.2020
Epoch 91/700 — D=-2.6584
Epoch 92/700 — D=-2.1965
Epoch 93/700 — D=-2.2231
Epoch 94/700 — D=-1.2322
Epoch 95/700 — D=-2.6537
Epoch 96/700 — D=-2.3206
Epoch 97/700 — D=-2.4372
Epoch 98/700 — D=-2.1408
Epoch 99/700 — D=-2.1119
Epoch 100/700 — D=-2.4027
Epoch 101/700 — D=-2.4441
Epoch 102/700 — D=-2.1828
Epoch 103/700 — D=-2.0641
Epoch 104/700 — D=-1.4160
Epoch 105/700 — D=-2.4945
Epoch 106/700 — D=-2.6081
Epoch 107/700 — D=-2.2348
Epoch 108/700 — D=-2.2944
Epoch 109/700 — D=-1.8484
Epoch 110/700 — D=-2.3595
Epoch 111/700 — D=-2.6985
Epoch 112/700 — D=-2.4945
Epoch 113/700 — D=-2.4128
Epoch 114/700 — D=-1.6913
Epoch 115/700 — D=-2.9043
Epoch 116/700 — D=-2.4993
Epoch 117/700 — D=-2.3295
Epoch 118/700 — D=-2.3771
Epoch 119/700 — D=-2.1206
Epoch 120/700 — D=-2.3642
Epoch 121/700 — D=-2.5939
Epoch 122/700 — D=-2.5214
Epoch 123/700 — D=-2.3483
Epoch 124/700 — D=-1.8278
Epoch 125/700 — D=-2.5775
Epoch 126/700 — D=-2.5505
Epoch 127/700 — D=-2.5313
Epoch 128/700 — D=-2.4725
Epoch 129/700 — D=-2.4122
Epoch 130/700 — D=-2.7234
Epoch 131/700 — D=-2.5334
Epoch 132/700 — D=-2.4277
Epoch 133/700 — D=-2.3887
Epoch 134/700 — D=-1.7655
Epoch 135/700 — D=-2.8580
Epoch 136/700 — D=-2.4333
Epoch 137/700 — D=-2.8189
Epoch 138/700 — D=-2.2557
Epoch 139/700 — D=-2.1158
Epoch 140/700 — D=-2.6891
Epoch 141/700 — D=-2.5551
Epoch 142/700 — D=-2.6205
Epoch 143/700 — D=-2.4243
Epoch 144/700 — D=-2.3844
Epoch 145/700 — D=-2.8456
Epoch 146/700 — D=-2.7155
Epoch 147/700 — D=-2.5916
Epoch 148/700 — D=-2.5500
Epoch 149/700 — D=-1.8371
Epoch 150/700 — D=-2.6592
Epoch 151/700 — D=-2.7248
Epoch 152/700 — D=-2.5729
Epoch 153/700 — D=-2.5223
Epoch 154/700 — D=-1.9917
Epoch 155/700 — D=-2.8673
Epoch 156/700 — D=-2.6522
Epoch 157/700 — D=-2.8981
Epoch 158/700 — D=-2.5951
Epoch 159/700 — D=-1.9307
Epoch 160/700 — D=-2.7905
Epoch 161/700 — D=-2.7673
Epoch 162/700 — D=-2.7275
Epoch 163/700 — D=-2.7419
Epoch 164/700 — D=-2.3215
Epoch 165/700 — D=-2.9439
Epoch 166/700 — D=-2.8544
Epoch 167/700 — D=-2.7175
Epoch 168/700 — D=-2.6618
Epoch 169/700 — D=-2.2540
Epoch 170/700 — D=-2.9815
Epoch 171/700 — D=-2.9785
Epoch 172/700 — D=-2.7195
Epoch 173/700 — D=-2.5392
Epoch 174/700 — D=-2.3252
Epoch 175/700 — D=-2.7307
Epoch 176/700 — D=-2.6116
Epoch 177/700 — D=-2.5943
Epoch 178/700 — D=-2.5136
Epoch 179/700 — D=-2.3406
Epoch 180/700 — D=-2.7558
Epoch 181/700 — D=-2.8955
Epoch 182/700 — D=-2.8093
Epoch 183/700 — D=-2.6919
Epoch 184/700 — D=-2.4249
Epoch 185/700 — D=-2.9997
Epoch 186/700 — D=-2.8419
Epoch 187/700 — D=-2.6072
Epoch 188/700 — D=-2.6785
Epoch 189/700 — D=-2.5497
Epoch 190/700 — D=-2.6255
Epoch 191/700 — D=-2.7042
Epoch 192/700 — D=-2.7897
Epoch 193/700 — D=-2.6120
Epoch 194/700 — D=-2.1852
Epoch 195/700 — D=-2.7736
Epoch 196/700 — D=-2.9029
Epoch 197/700 — D=-2.7737
Epoch 198/700 — D=-2.5477
Epoch 199/700 — D=-2.4546
Epoch 200/700 — D=-2.6022
Epoch 201/700 — D=-2.6218
Epoch 202/700 — D=-2.6593
Epoch 203/700 — D=-2.6201
Epoch 204/700 — D=-2.4827
Epoch 205/700 — D=-2.8914
Epoch 206/700 — D=-2.5957
Epoch 207/700 — D=-2.7307
Epoch 208/700 — D=-2.6881
Epoch 209/700 — D=-2.2899
Epoch 210/700 — D=-2.6932
Epoch 211/700 — D=-2.6805
Epoch 212/700 — D=-2.7327
Epoch 213/700 — D=-2.6079
Epoch 214/700 — D=-2.3617
Epoch 215/700 — D=-2.8234
Epoch 216/700 — D=-2.6440
Epoch 217/700 — D=-2.7073
Epoch 218/700 — D=-2.6091
Epoch 219/700 — D=-2.4717
Epoch 220/700 — D=-2.7440
Epoch 221/700 — D=-2.9122
Epoch 222/700 — D=-2.6256
Epoch 223/700 — D=-2.5962
Epoch 224/700 — D=-2.5561
Epoch 225/700 — D=-2.6581
Epoch 226/700 — D=-2.6021
Epoch 227/700 — D=-2.6756
Epoch 228/700 — D=-2.5830
Epoch 229/700 — D=-2.2118
Epoch 230/700 — D=-2.8256
Epoch 231/700 — D=-2.7476
Epoch 232/700 — D=-2.6999
Epoch 233/700 — D=-2.6025
Epoch 234/700 — D=-2.2318
Epoch 235/700 — D=-2.7797
Epoch 236/700 — D=-2.7665
Epoch 237/700 — D=-2.6672
Epoch 238/700 — D=-2.5728
Epoch 239/700 — D=-2.3521
Epoch 240/700 — D=-3.0138
Epoch 241/700 — D=-2.6140
Epoch 242/700 — D=-2.6515
Epoch 243/700 — D=-2.6056
Epoch 244/700 — D=-2.4349
Epoch 245/700 — D=-2.8639
Epoch 246/700 — D=-2.8210
Epoch 247/700 — D=-2.7510
Epoch 248/700 — D=-2.6739
Epoch 249/700 — D=-1.9793
Epoch 250/700 — D=-2.6975
Epoch 251/700 — D=-2.6308
Epoch 252/700 — D=-2.6306
Epoch 253/700 — D=-2.5289
Epoch 254/700 — D=-2.4646
Epoch 255/700 — D=-2.6539
Epoch 256/700 — D=-2.6297
Epoch 257/700 — D=-2.5637
Epoch 258/700 — D=-2.5320
Epoch 259/700 — D=-2.2896
Epoch 260/700 — D=-2.7296
Epoch 261/700 — D=-2.6224
Epoch 262/700 — D=-2.5982
Epoch 263/700 — D=-2.6151
Epoch 264/700 — D=-2.3287
Epoch 265/700 — D=-2.6305
Epoch 266/700 — D=-2.6720
Epoch 267/700 — D=-2.7800
Epoch 268/700 — D=-2.5077
Epoch 269/700 — D=-2.4426
Epoch 270/700 — D=-2.5536
Epoch 271/700 — D=-2.5390
Epoch 272/700 — D=-2.5802
Epoch 273/700 — D=-2.5694
Epoch 274/700 — D=-2.4782
Epoch 275/700 — D=-2.7975
Epoch 276/700 — D=-2.5182
Epoch 277/700 — D=-2.5497
Epoch 278/700 — D=-2.4528
Epoch 279/700 — D=-2.4347
Epoch 280/700 — D=-2.5687
Epoch 281/700 — D=-2.6882
Epoch 282/700 — D=-2.5294
Epoch 283/700 — D=-2.5042
Epoch 284/700 — D=-2.4706
Epoch 285/700 — D=-2.5266
Epoch 286/700 — D=-2.6530
Epoch 287/700 — D=-2.5366
Epoch 288/700 — D=-2.4998
Epoch 289/700 — D=-2.4001
Epoch 290/700 — D=-2.5846
Epoch 291/700 — D=-2.5329
Epoch 292/700 — D=-2.4865
Epoch 293/700 — D=-2.4743
Epoch 294/700 — D=-2.1451
Epoch 295/700 — D=-2.5090
Epoch 296/700 — D=-2.5270
Epoch 297/700 — D=-2.4830
Epoch 298/700 — D=-2.5674
Epoch 299/700 — D=-2.4104
Epoch 300/700 — D=-2.5023
Epoch 301/700 — D=-2.5560
Epoch 302/700 — D=-2.6894
Epoch 303/700 — D=-2.4804
Epoch 304/700 — D=-2.4804
Epoch 305/700 — D=-2.6686
Epoch 306/700 — D=-2.6118
Epoch 307/700 — D=-2.4873
Epoch 308/700 — D=-2.4306
Epoch 309/700 — D=-2.3889
Epoch 310/700 — D=-2.5079
Epoch 311/700 — D=-2.6139
Epoch 312/700 — D=-2.4540
Epoch 313/700 — D=-2.4559
Epoch 314/700 — D=-2.3391
Epoch 315/700 — D=-2.5279
Epoch 316/700 — D=-2.5011
Epoch 317/700 — D=-2.4706
Epoch 318/700 — D=-2.4956
Epoch 319/700 — D=-2.4268
Epoch 320/700 — D=-2.5349
Epoch 321/700 — D=-2.5314
Epoch 322/700 — D=-2.5665
Epoch 323/700 — D=-2.4595
Epoch 324/700 — D=-2.3805
Epoch 325/700 — D=-2.5640
Epoch 326/700 — D=-2.4437
Epoch 327/700 — D=-2.5921
Epoch 328/700 — D=-2.4927
Epoch 329/700 — D=-2.3267
Epoch 330/700 — D=-2.4586
Epoch 331/700 — D=-2.4349
Epoch 332/700 — D=-2.4284
Epoch 333/700 — D=-2.4468
Epoch 334/700 — D=-2.2781
Epoch 335/700 — D=-2.5221
Epoch 336/700 — D=-2.5201
Epoch 337/700 — D=-2.4225
Epoch 338/700 — D=-2.4083
Epoch 339/700 — D=-2.4028
Epoch 340/700 — D=-2.6439
Epoch 341/700 — D=-2.5863
Epoch 342/700 — D=-2.4617
Epoch 343/700 — D=-2.3369
Epoch 344/700 — D=-2.3844
Epoch 345/700 — D=-2.4668
Epoch 346/700 — D=-2.4877
Epoch 347/700 — D=-2.4635
Epoch 348/700 — D=-2.3980
Epoch 349/700 — D=-2.3589
Epoch 350/700 — D=-2.5335
Epoch 351/700 — D=-2.5261
Epoch 352/700 — D=-2.4144
Epoch 353/700 — D=-2.4449
Epoch 354/700 — D=-2.2690
Epoch 355/700 — D=-2.5782
Epoch 356/700 — D=-2.5080
Epoch 357/700 — D=-2.4381
Epoch 358/700 — D=-2.4348
Epoch 359/700 — D=-2.2552
Epoch 360/700 — D=-2.5127
Epoch 361/700 — D=-2.4968
Epoch 362/700 — D=-2.3811
Epoch 363/700 — D=-2.3846
Epoch 364/700 — D=-2.3683
Epoch 365/700 — D=-2.5037
Epoch 366/700 — D=-2.5913
Epoch 367/700 — D=-2.5076
Epoch 368/700 — D=-2.4386
Epoch 369/700 — D=-2.2958
Epoch 370/700 — D=-2.5108
Epoch 371/700 — D=-2.4635
Epoch 372/700 — D=-2.4494
Epoch 373/700 — D=-2.3918
Epoch 374/700 — D=-2.2693
Epoch 375/700 — D=-2.5604
Epoch 376/700 — D=-2.5344
Epoch 377/700 — D=-2.5899
Epoch 378/700 — D=-2.3700
Epoch 379/700 — D=-2.3715
Epoch 380/700 — D=-2.5379
Epoch 381/700 — D=-2.4785
Epoch 382/700 — D=-2.4045
Epoch 383/700 — D=-2.4779
Epoch 384/700 — D=-2.3768
Epoch 385/700 — D=-2.5098
Epoch 386/700 — D=-2.4256
Epoch 387/700 — D=-2.4478
Epoch 388/700 — D=-2.4704
Epoch 389/700 — D=-2.3102
Epoch 390/700 — D=-2.5289
Epoch 391/700 — D=-2.5329
Epoch 392/700 — D=-2.4195
Epoch 393/700 — D=-2.4498
Epoch 394/700 — D=-2.3352
Epoch 395/700 — D=-2.5695
Epoch 396/700 — D=-2.5495
Epoch 397/700 — D=-2.4436
Epoch 398/700 — D=-2.4410
Epoch 399/700 — D=-2.3591
Epoch 400/700 — D=-2.6065
Epoch 401/700 — D=-2.5130
Epoch 402/700 — D=-2.4128
Epoch 403/700 — D=-2.4367
Epoch 404/700 — D=-2.3484
Epoch 405/700 — D=-2.4631
Epoch 406/700 — D=-2.5190
Epoch 407/700 — D=-2.4334
Epoch 408/700 — D=-2.4525
Epoch 409/700 — D=-2.3175
Epoch 410/700 — D=-2.4420
Epoch 411/700 — D=-2.5302
Epoch 412/700 — D=-2.4044
Epoch 413/700 — D=-2.4175
Epoch 414/700 — D=-2.3040
Epoch 415/700 — D=-2.5040
Epoch 416/700 — D=-2.4615
Epoch 417/700 — D=-2.4243
Epoch 418/700 — D=-2.4706
Epoch 419/700 — D=-2.3719
Epoch 420/700 — D=-2.4425
Epoch 421/700 — D=-2.4902
Epoch 422/700 — D=-2.5296
Epoch 423/700 — D=-2.4246
Epoch 424/700 — D=-2.4316
Epoch 425/700 — D=-2.5720
Epoch 426/700 — D=-2.4572
Epoch 427/700 — D=-2.4707
Epoch 428/700 — D=-2.4233
Epoch 429/700 — D=-2.4350
Epoch 430/700 — D=-2.4547
Epoch 431/700 — D=-2.5641
Epoch 432/700 — D=-2.4629
Epoch 433/700 — D=-2.4102
Epoch 434/700 — D=-2.3005
Epoch 435/700 — D=-2.4802
Epoch 436/700 — D=-2.4913
Epoch 437/700 — D=-2.4687
Epoch 438/700 — D=-2.4587
Epoch 439/700 — D=-2.3490
Epoch 440/700 — D=-2.5100
Epoch 441/700 — D=-2.4604
Epoch 442/700 — D=-2.5343
Epoch 443/700 — D=-2.4369
Epoch 444/700 — D=-2.3736
Epoch 445/700 — D=-2.5458
Epoch 446/700 — D=-2.4769
Epoch 447/700 — D=-2.4989
Epoch 448/700 — D=-2.4884
Epoch 449/700 — D=-2.3986
Epoch 450/700 — D=-2.6735
Epoch 451/700 — D=-2.4899
Epoch 452/700 — D=-2.5408
Epoch 453/700 — D=-2.4534
Epoch 454/700 — D=-2.4352
Epoch 455/700 — D=-2.4649
Epoch 456/700 — D=-2.5377
Epoch 457/700 — D=-2.4076
Epoch 458/700 — D=-2.3771
Epoch 459/700 — D=-2.3444
Epoch 460/700 — D=-2.4596
Epoch 461/700 — D=-2.4146
Epoch 462/700 — D=-2.4174
Epoch 463/700 — D=-2.4440
Epoch 464/700 — D=-2.3389
Epoch 465/700 — D=-2.5988
Epoch 466/700 — D=-2.4307
Epoch 467/700 — D=-2.4231
Epoch 468/700 — D=-2.3905
Epoch 469/700 — D=-2.3267
Epoch 470/700 — D=-2.4123
Epoch 471/700 — D=-2.4326
Epoch 472/700 — D=-2.3848
Epoch 473/700 — D=-2.3374
Epoch 474/700 — D=-2.3180
Epoch 475/700 — D=-2.4570
Epoch 476/700 — D=-2.5209
Epoch 477/700 — D=-2.4710
Epoch 478/700 — D=-2.3787
Epoch 479/700 — D=-2.3890
Epoch 480/700 — D=-2.4076
Epoch 481/700 — D=-2.4585
Epoch 482/700 — D=-2.4472
Epoch 483/700 — D=-2.3745
Epoch 484/700 — D=-2.3920
Epoch 485/700 — D=-2.4946
Epoch 486/700 — D=-2.4400
Epoch 487/700 — D=-2.4664
Epoch 488/700 — D=-2.3942
Epoch 489/700 — D=-2.2968
Epoch 490/700 — D=-2.4648
Epoch 491/700 — D=-2.4311
Epoch 492/700 — D=-2.4384
Epoch 493/700 — D=-2.3963
Epoch 494/700 — D=-2.3452
Epoch 495/700 — D=-2.5513
Epoch 496/700 — D=-2.4877
Epoch 497/700 — D=-2.4191
Epoch 498/700 — D=-2.3812
Epoch 499/700 — D=-2.3633
Epoch 500/700 — D=-2.4983
Epoch 501/700 — D=-2.4131
Epoch 502/700 — D=-2.3957
Epoch 503/700 — D=-2.4013
Epoch 504/700 — D=-2.3745
Epoch 505/700 — D=-2.4551
Epoch 506/700 — D=-2.4120
Epoch 507/700 — D=-2.3756
Epoch 508/700 — D=-2.3664
Epoch 509/700 — D=-2.3025
Epoch 510/700 — D=-2.4053
Epoch 511/700 — D=-2.4523
Epoch 512/700 — D=-2.4504
Epoch 513/700 — D=-2.3566
Epoch 514/700 — D=-2.3059
Epoch 515/700 — D=-2.5448
Epoch 516/700 — D=-2.4114
Epoch 517/700 — D=-2.3845
Epoch 518/700 — D=-2.4365
Epoch 519/700 — D=-2.3340
Epoch 520/700 — D=-2.5422
Epoch 521/700 — D=-2.5535
Epoch 522/700 — D=-2.4139
Epoch 523/700 — D=-2.4212
Epoch 524/700 — D=-2.2649
Epoch 525/700 — D=-2.4458
Epoch 526/700 — D=-2.4147
Epoch 527/700 — D=-2.4165
Epoch 528/700 — D=-2.4299
Epoch 529/700 — D=-2.3407
Epoch 530/700 — D=-2.4479
Epoch 531/700 — D=-2.4131
Epoch 532/700 — D=-2.3539
Epoch 533/700 — D=-2.4112
Epoch 534/700 — D=-2.3283
Epoch 535/700 — D=-2.4322
Epoch 536/700 — D=-2.3895
Epoch 537/700 — D=-2.4682
Epoch 538/700 — D=-2.3965
Epoch 539/700 — D=-2.3674
Epoch 540/700 — D=-2.4084
Epoch 541/700 — D=-2.4175
Epoch 542/700 — D=-2.3763
Epoch 543/700 — D=-2.3980
Epoch 544/700 — D=-2.3437
Epoch 545/700 — D=-2.4509
Epoch 546/700 — D=-2.4059
Epoch 547/700 — D=-2.4731
Epoch 548/700 — D=-2.3806
Epoch 549/700 — D=-2.4005
Epoch 550/700 — D=-2.4331
Epoch 551/700 — D=-2.4533
Epoch 552/700 — D=-2.4397
Epoch 553/700 — D=-2.3997
Epoch 554/700 — D=-2.3360
Epoch 555/700 — D=-2.4035
Epoch 556/700 — D=-2.4621
Epoch 557/700 — D=-2.3837
Epoch 558/700 — D=-2.4167
Epoch 559/700 — D=-2.4116
Epoch 560/700 — D=-2.4903
Epoch 561/700 — D=-2.4582
Epoch 562/700 — D=-2.3602
Epoch 563/700 — D=-2.3722
Epoch 564/700 — D=-2.3405
Epoch 565/700 — D=-2.4017
Epoch 566/700 — D=-2.3892
Epoch 567/700 — D=-2.4159
Epoch 568/700 — D=-2.4089
Epoch 569/700 — D=-2.3501
Epoch 570/700 — D=-2.4067
Epoch 571/700 — D=-2.4575
Epoch 572/700 — D=-2.4805
Epoch 573/700 — D=-2.4312
Epoch 574/700 — D=-2.3503
Epoch 575/700 — D=-2.4072
Epoch 576/700 — D=-2.4274
Epoch 577/700 — D=-2.4105
Epoch 578/700 — D=-2.3653
Epoch 579/700 — D=-2.4260
Epoch 580/700 — D=-2.4407
Epoch 581/700 — D=-2.3980
Epoch 582/700 — D=-2.4133
Epoch 583/700 — D=-2.4155
Epoch 584/700 — D=-2.3391
Epoch 585/700 — D=-2.4836
Epoch 586/700 — D=-2.4603
Epoch 587/700 — D=-2.4119
Epoch 588/700 — D=-2.4740
Epoch 589/700 — D=-2.3384
Epoch 590/700 — D=-2.4612
Epoch 591/700 — D=-2.4159
Epoch 592/700 — D=-2.4466
Epoch 593/700 — D=-2.4249
Epoch 594/700 — D=-2.3362
Epoch 595/700 — D=-2.3925
Epoch 596/700 — D=-2.4616
Epoch 597/700 — D=-2.4090
Epoch 598/700 — D=-2.3727
Epoch 599/700 — D=-2.4059
Epoch 600/700 — D=-2.4278
Epoch 601/700 — D=-2.4599
Epoch 602/700 — D=-2.4044
Epoch 603/700 — D=-2.4152
Epoch 604/700 — D=-2.4020
Epoch 605/700 — D=-2.5242
Epoch 606/700 — D=-2.3823
Epoch 607/700 — D=-2.3854
Epoch 608/700 — D=-2.4087
Epoch 609/700 — D=-2.3939
Epoch 610/700 — D=-2.4420
Epoch 611/700 — D=-2.3804
Epoch 612/700 — D=-2.4434
Epoch 613/700 — D=-2.3739
Epoch 614/700 — D=-2.3361
Epoch 615/700 — D=-2.4594
Epoch 616/700 — D=-2.4779
Epoch 617/700 — D=-2.3851
Epoch 618/700 — D=-2.4212
Epoch 619/700 — D=-2.3410
Epoch 620/700 — D=-2.4220
Epoch 621/700 — D=-2.4311
Epoch 622/700 — D=-2.3973
Epoch 623/700 — D=-2.3916
Epoch 624/700 — D=-2.4186
Epoch 625/700 — D=-2.4358
Epoch 626/700 — D=-2.3962
Epoch 627/700 — D=-2.3990
Epoch 628/700 — D=-2.4144
Epoch 629/700 — D=-2.3837
Epoch 630/700 — D=-2.4548
Epoch 631/700 — D=-2.4281
Epoch 632/700 — D=-2.3776
Epoch 633/700 — D=-2.4498
Epoch 634/700 — D=-2.3402
Epoch 635/700 — D=-2.3744
Epoch 636/700 — D=-2.4594
Epoch 637/700 — D=-2.4621
Epoch 638/700 — D=-2.4490
Epoch 639/700 — D=-2.3540
Epoch 640/700 — D=-2.4341
Epoch 641/700 — D=-2.4266
Epoch 642/700 — D=-2.4251
Epoch 643/700 — D=-2.4392
Epoch 644/700 — D=-2.4079
Epoch 645/700 — D=-2.3869
Epoch 646/700 — D=-2.4389
Epoch 647/700 — D=-2.4116
Epoch 648/700 — D=-2.4331
Epoch 649/700 — D=-2.4303
Epoch 650/700 — D=-2.4255
Epoch 651/700 — D=-2.4247
Epoch 652/700 — D=-2.4520
Epoch 653/700 — D=-2.4385
Epoch 654/700 — D=-2.4251
Epoch 655/700 — D=-2.4859
Epoch 656/700 — D=-2.4507
Epoch 657/700 — D=-2.4204
Epoch 658/700 — D=-2.4750
Epoch 659/700 — D=-2.3733
Epoch 660/700 — D=-2.4951
Epoch 661/700 — D=-2.3863
Epoch 662/700 — D=-2.4183
Epoch 663/700 — D=-2.4172
Epoch 664/700 — D=-2.3850
Epoch 665/700 — D=-2.4348
Epoch 666/700 — D=-2.4800
Epoch 667/700 — D=-2.4335
Epoch 668/700 — D=-2.4508
Epoch 669/700 — D=-2.3621
Epoch 670/700 — D=-2.4858
Epoch 671/700 — D=-2.4897
Epoch 672/700 — D=-2.3771
Epoch 673/700 — D=-2.3993
Epoch 674/700 — D=-2.2872
Epoch 675/700 — D=-2.4050
Epoch 676/700 — D=-2.4271
Epoch 677/700 — D=-2.4362
Epoch 678/700 — D=-2.4197
Epoch 679/700 — D=-2.2804
Epoch 680/700 — D=-2.4715
Epoch 681/700 — D=-2.4126
Epoch 682/700 — D=-2.4274
Epoch 683/700 — D=-2.4164
Epoch 684/700 — D=-2.4508
Epoch 685/700 — D=-2.4466
Epoch 686/700 — D=-2.4266
Epoch 687/700 — D=-2.4662
Epoch 688/700 — D=-2.3747
Epoch 689/700 — D=-2.4101
Epoch 690/700 — D=-2.4595
Epoch 691/700 — D=-2.4273
Epoch 692/700 — D=-2.3565
Epoch 693/700 — D=-2.4219
Epoch 694/700 — D=-2.3970
Epoch 695/700 — D=-2.4483
Epoch 696/700 — D=-2.4514
Epoch 697/700 — D=-2.4171
Epoch 698/700 — D=-2.4181
Epoch 699/700 — D=-2.3308
Epoch 700/700 — D=-2.4589
[2025-07-14 07:28:01] Job PID=109951 finished with return code 0
[2025-07-14 07:28:01] Next job: python train2.py --data_root ../data/real/data_32 --log_dir ../logdir/logdir_32_mel_real_4n_s_2 --use_mel --n_cluster 1
[2025-07-14 07:28:01] GPU idle for 10/120s
[2025-07-14 07:28:12] GPU idle for 20/120s
[2025-07-14 07:28:22] GPU idle for 30/120s
[2025-07-14 07:28:32] GPU idle for 40/120s
[2025-07-14 07:28:42] GPU idle for 50/120s
[2025-07-14 07:28:52] GPU idle for 60/120s
[2025-07-14 07:29:02] GPU idle for 70/120s
[2025-07-14 07:29:12] GPU idle for 80/120s
[2025-07-14 07:29:22] GPU idle for 90/120s
[2025-07-14 07:29:32] GPU idle for 100/120s
[2025-07-14 07:29:42] GPU idle for 110/120s
[2025-07-14 07:29:52] GPU idle for 120/120s
[2025-07-14 07:29:52] Launching: python train2.py --data_root ../data/real/data_32 --log_dir ../logdir/logdir_32_mel_real_4n_s_2 --use_mel --n_cluster 1
[2025-07-14 07:29:52] Started PID=152653
Epoch 1/700 — D=0.0027
Epoch 2/700 — D=-0.2571
Epoch 3/700 — D=0.5621
Epoch 4/700 — D=-0.3924
Epoch 5/700 — D=-0.2183
Epoch 6/700 — D=-0.9437
Epoch 7/700 — D=-0.3741
Epoch 8/700 — D=-0.6303
Epoch 9/700 — D=-0.5307
Epoch 10/700 — D=-1.5867
Epoch 11/700 — D=-1.7009
Epoch 12/700 — D=-1.4745
Epoch 13/700 — D=0.1975
Epoch 14/700 — D=2.2737
Epoch 15/700 — D=-2.5709
Epoch 16/700 — D=-1.1968
Epoch 17/700 — D=-0.9962
Epoch 18/700 — D=-0.9343
Epoch 19/700 — D=-0.0079
Epoch 20/700 — D=-1.3187
Epoch 21/700 — D=-2.1995
Epoch 22/700 — D=-1.2541
Epoch 23/700 — D=-0.8149
Epoch 24/700 — D=-0.5977
Epoch 25/700 — D=-2.7620
Epoch 26/700 — D=-2.1408
Epoch 27/700 — D=-1.3538
Epoch 28/700 — D=-1.4989
Epoch 29/700 — D=0.9523
Epoch 30/700 — D=-1.9277
Epoch 31/700 — D=-2.3746
Epoch 32/700 — D=-1.6175
Epoch 33/700 — D=-1.3798
Epoch 34/700 — D=-0.0245
Epoch 35/700 — D=-2.0018
Epoch 36/700 — D=-2.2665
Epoch 37/700 — D=-1.6525
Epoch 38/700 — D=-1.6956
Epoch 39/700 — D=-0.9897
Epoch 40/700 — D=-2.4822
Epoch 41/700 — D=-2.2580
Epoch 42/700 — D=-2.0543
Epoch 43/700 — D=-1.4451
Epoch 44/700 — D=-0.8484
Epoch 45/700 — D=-1.8920
Epoch 46/700 — D=-1.9468
Epoch 47/700 — D=-1.9345
Epoch 48/700 — D=-1.4639
Epoch 49/700 — D=-0.5791
Epoch 50/700 — D=-1.7612
Epoch 51/700 — D=-2.0989
Epoch 52/700 — D=-1.9404
Epoch 53/700 — D=-1.5697
Epoch 54/700 — D=-1.0163
Epoch 55/700 — D=-2.1621
Epoch 56/700 — D=-2.6398
Epoch 57/700 — D=-1.9420
Epoch 58/700 — D=-1.5594
Epoch 59/700 — D=-1.8025
Epoch 60/700 — D=-2.2365
Epoch 61/700 — D=-1.8496
Epoch 62/700 — D=-1.8659
Epoch 63/700 — D=-2.0406
Epoch 64/700 — D=-0.9617
Epoch 65/700 — D=-1.8015
Epoch 66/700 — D=-1.9346
Epoch 67/700 — D=-2.0111
Epoch 68/700 — D=-1.7758
Epoch 69/700 — D=-1.6318
Epoch 70/700 — D=-2.5676
Epoch 71/700 — D=-1.9690
Epoch 72/700 — D=-2.0115
Epoch 73/700 — D=-1.8612
Epoch 74/700 — D=-1.5790
Epoch 75/700 — D=-1.9868
Epoch 76/700 — D=-2.2005
Epoch 77/700 — D=-1.8695
Epoch 78/700 — D=-2.0095
Epoch 79/700 — D=-1.0299
Epoch 80/700 — D=-2.1209
Epoch 81/700 — D=-2.1554
Epoch 82/700 — D=-2.2198
Epoch 83/700 — D=-1.9514
Epoch 84/700 — D=-1.3847
Epoch 85/700 — D=-2.4272
Epoch 86/700 — D=-2.2494
Epoch 87/700 — D=-2.3669
Epoch 88/700 — D=-1.8841
Epoch 89/700 — D=-1.1976
Epoch 90/700 — D=-2.3622
Epoch 91/700 — D=-2.3087
Epoch 92/700 — D=-2.2539
Epoch 93/700 — D=-2.2098
Epoch 94/700 — D=-1.6866
Epoch 95/700 — D=-2.3629
Epoch 96/700 — D=-2.5517
Epoch 97/700 — D=-2.1949
Epoch 98/700 — D=-1.9949
Epoch 99/700 — D=-1.8081
Epoch 100/700 — D=-3.0701
Epoch 101/700 — D=-2.5483
Epoch 102/700 — D=-2.2300
Epoch 103/700 — D=-2.2613
Epoch 104/700 — D=-1.8542
Epoch 105/700 — D=-2.3128
Epoch 106/700 — D=-2.3760
Epoch 107/700 — D=-2.5548
Epoch 108/700 — D=-2.3240
Epoch 109/700 — D=-1.6823
Epoch 110/700 — D=-2.4979
Epoch 111/700 — D=-2.5220
Epoch 112/700 — D=-2.4081
Epoch 113/700 — D=-2.4178
Epoch 114/700 — D=-2.2910
Epoch 115/700 — D=-2.4271
Epoch 116/700 — D=-2.4844
Epoch 117/700 — D=-2.5090
Epoch 118/700 — D=-2.4207
Epoch 119/700 — D=-2.2078
Epoch 120/700 — D=-2.5572
Epoch 121/700 — D=-2.6825
Epoch 122/700 — D=-2.5123
Epoch 123/700 — D=-2.6924
Epoch 124/700 — D=-2.1692
Epoch 125/700 — D=-2.6278
Epoch 126/700 — D=-2.5525
Epoch 127/700 — D=-2.5437
Epoch 128/700 — D=-2.3831
Epoch 129/700 — D=-2.0591
Epoch 130/700 — D=-2.5874
Epoch 131/700 — D=-2.5864
Epoch 132/700 — D=-2.4941
Epoch 133/700 — D=-2.6388
Epoch 134/700 — D=-2.4179
Epoch 135/700 — D=-2.9495
Epoch 136/700 — D=-2.6806
Epoch 137/700 — D=-2.8904
Epoch 138/700 — D=-2.4528
Epoch 139/700 — D=-2.4183
Epoch 140/700 — D=-2.7248
Epoch 141/700 — D=-2.8863
Epoch 142/700 — D=-2.5886
Epoch 143/700 — D=-2.4954
Epoch 144/700 — D=-1.9994
Epoch 145/700 — D=-2.6302
Epoch 146/700 — D=-2.5080
Epoch 147/700 — D=-2.5450
Epoch 148/700 — D=-2.5037
Epoch 149/700 — D=-2.1602
Epoch 150/700 — D=-2.7502
Epoch 151/700 — D=-2.6482
Epoch 152/700 — D=-2.6370
Epoch 153/700 — D=-2.5850
Epoch 154/700 — D=-2.3255
Epoch 155/700 — D=-2.8547
Epoch 156/700 — D=-2.6304
Epoch 157/700 — D=-2.7127
Epoch 158/700 — D=-2.7010
Epoch 159/700 — D=-2.4247
Epoch 160/700 — D=-2.7694
Epoch 161/700 — D=-2.7375
Epoch 162/700 — D=-2.5885
Epoch 163/700 — D=-2.7460
Epoch 164/700 — D=-2.4874
Epoch 165/700 — D=-2.7522
Epoch 166/700 — D=-2.5806
Epoch 167/700 — D=-2.6506
Epoch 168/700 — D=-2.6621
Epoch 169/700 — D=-2.3970
Epoch 170/700 — D=-2.7634
Epoch 171/700 — D=-2.7273
Epoch 172/700 — D=-2.6521
Epoch 173/700 — D=-2.7412
Epoch 174/700 — D=-2.5681
Epoch 175/700 — D=-2.7647
Epoch 176/700 — D=-2.6948
Epoch 177/700 — D=-2.8686
Epoch 178/700 — D=-2.6477
Epoch 179/700 — D=-2.3929
Epoch 180/700 — D=-2.7185
Epoch 181/700 — D=-2.9279
Epoch 182/700 — D=-2.6663
Epoch 183/700 — D=-2.5414
Epoch 184/700 — D=-2.3191
Epoch 185/700 — D=-2.9899
Epoch 186/700 — D=-3.0234
Epoch 187/700 — D=-2.6030
Epoch 188/700 — D=-2.6434
Epoch 189/700 — D=-2.0462
Epoch 190/700 — D=-2.9453
Epoch 191/700 — D=-2.6878
Epoch 192/700 — D=-2.6028
Epoch 193/700 — D=-2.5517
Epoch 194/700 — D=-2.1612
Epoch 195/700 — D=-2.6413
Epoch 196/700 — D=-2.6833
Epoch 197/700 — D=-2.5481
Epoch 198/700 — D=-2.5401
Epoch 199/700 — D=-2.2937
Epoch 200/700 — D=-2.6535
Epoch 201/700 — D=-2.7570
Epoch 202/700 — D=-2.8886
Epoch 203/700 — D=-2.6271
Epoch 204/700 — D=-2.4979
Epoch 205/700 — D=-2.6477
Epoch 206/700 — D=-2.6227
Epoch 207/700 — D=-2.6261
Epoch 208/700 — D=-2.5045
Epoch 209/700 — D=-2.6866
Epoch 210/700 — D=-2.6404
Epoch 211/700 — D=-2.5586
Epoch 212/700 — D=-2.5118
Epoch 213/700 — D=-2.4769
Epoch 214/700 — D=-2.2767
Epoch 215/700 — D=-2.6870
Epoch 216/700 — D=-2.8746
Epoch 217/700 — D=-2.4782
Epoch 218/700 — D=-2.6217
Epoch 219/700 — D=-2.0307
Epoch 220/700 — D=-2.5543
Epoch 221/700 — D=-2.6123
Epoch 222/700 — D=-2.7279
Epoch 223/700 — D=-2.4943
Epoch 224/700 — D=-1.8925
Epoch 225/700 — D=-2.5967
Epoch 226/700 — D=-2.5874
Epoch 227/700 — D=-2.5841
Epoch 228/700 — D=-2.4632
Epoch 229/700 — D=-2.3861
Epoch 230/700 — D=-2.5558
Epoch 231/700 — D=-2.8054
Epoch 232/700 — D=-2.4658
Epoch 233/700 — D=-2.6419
Epoch 234/700 — D=-2.2988
Epoch 235/700 — D=-2.5763
Epoch 236/700 — D=-2.6834
Epoch 237/700 — D=-2.5192
Epoch 238/700 — D=-2.4463
Epoch 239/700 — D=-2.0875
Epoch 240/700 — D=-2.5554
Epoch 241/700 — D=-2.6032
Epoch 242/700 — D=-2.6047
Epoch 243/700 — D=-2.6746
Epoch 244/700 — D=-1.6875
Epoch 245/700 — D=-2.5974
Epoch 246/700 — D=-2.6835
Epoch 247/700 — D=-2.6456
Epoch 248/700 — D=-2.4967
Epoch 249/700 — D=-2.5934
Epoch 250/700 — D=-3.3350
Epoch 251/700 — D=-2.6241
Epoch 252/700 — D=-2.6618
Epoch 253/700 — D=-2.5202
Epoch 254/700 — D=-2.2858
Epoch 255/700 — D=-2.6111
Epoch 256/700 — D=-2.6712
Epoch 257/700 — D=-2.5521
Epoch 258/700 — D=-2.4965
Epoch 259/700 — D=-2.4962
Epoch 260/700 — D=-2.5595
Epoch 261/700 — D=-2.8053
Epoch 262/700 — D=-2.5173
Epoch 263/700 — D=-2.5848
Epoch 264/700 — D=-2.4274
Epoch 265/700 — D=-2.9221
Epoch 266/700 — D=-2.6664
Epoch 267/700 — D=-2.6459
Epoch 268/700 — D=-2.6821
Epoch 269/700 — D=-2.2612
Epoch 270/700 — D=-2.7006
Epoch 271/700 — D=-2.7058
Epoch 272/700 — D=-2.6426
Epoch 273/700 — D=-2.5563
Epoch 274/700 — D=-2.5229
Epoch 275/700 — D=-2.6727
Epoch 276/700 — D=-2.7368
Epoch 277/700 — D=-2.5751
Epoch 278/700 — D=-2.4930
Epoch 279/700 — D=-2.5104
Epoch 280/700 — D=-2.7662
Epoch 281/700 — D=-2.6117
Epoch 282/700 — D=-2.6335
Epoch 283/700 — D=-2.6090
Epoch 284/700 — D=-2.1359
Epoch 285/700 — D=-2.7850
Epoch 286/700 — D=-2.7116
Epoch 287/700 — D=-2.7916
Epoch 288/700 — D=-2.6241
Epoch 289/700 — D=-2.4709
Epoch 290/700 — D=-2.8650
Epoch 291/700 — D=-2.7189
Epoch 292/700 — D=-2.6546
Epoch 293/700 — D=-2.5993
Epoch 294/700 — D=-2.3769
Epoch 295/700 — D=-2.6434
Epoch 296/700 — D=-2.6498
Epoch 297/700 — D=-2.5821
Epoch 298/700 — D=-2.6493
Epoch 299/700 — D=-2.1820
Epoch 300/700 — D=-2.7630
Epoch 301/700 — D=-2.8897
Epoch 302/700 — D=-2.5741
Epoch 303/700 — D=-2.4160
Epoch 304/700 — D=-2.4561
Epoch 305/700 — D=-2.8745
Epoch 306/700 — D=-2.7241
Epoch 307/700 — D=-2.6175
Epoch 308/700 — D=-2.5817
Epoch 309/700 — D=-2.3800
Epoch 310/700 — D=-2.7355
Epoch 311/700 — D=-2.6823
Epoch 312/700 — D=-2.7050
Epoch 313/700 — D=-2.5481
Epoch 314/700 — D=-2.2881
Epoch 315/700 — D=-2.5962
Epoch 316/700 — D=-2.6422
Epoch 317/700 — D=-2.6115
Epoch 318/700 — D=-2.5320
Epoch 319/700 — D=-2.3657
Epoch 320/700 — D=-2.6261
Epoch 321/700 — D=-2.6463
Epoch 322/700 — D=-2.6710
Epoch 323/700 — D=-2.4531
Epoch 324/700 — D=-2.2839
Epoch 325/700 — D=-2.8151
Epoch 326/700 — D=-2.6625
Epoch 327/700 — D=-2.5674
Epoch 328/700 — D=-2.5727
Epoch 329/700 — D=-2.3282
Epoch 330/700 — D=-2.6600
Epoch 331/700 — D=-2.6327
Epoch 332/700 — D=-2.5447
Epoch 333/700 — D=-2.5232
Epoch 334/700 — D=-2.4994
Epoch 335/700 — D=-2.6156
Epoch 336/700 — D=-2.7192
Epoch 337/700 — D=-2.5669
Epoch 338/700 — D=-2.5618
Epoch 339/700 — D=-2.4020
Epoch 340/700 — D=-2.5753
Epoch 341/700 — D=-2.5204
Epoch 342/700 — D=-2.5572
Epoch 343/700 — D=-2.4562
Epoch 344/700 — D=-2.2843
Epoch 345/700 — D=-2.5527
Epoch 346/700 — D=-2.7468
Epoch 347/700 — D=-2.5054
Epoch 348/700 — D=-2.5775
Epoch 349/700 — D=-2.3014
Epoch 350/700 — D=-2.5819
Epoch 351/700 — D=-2.6509
Epoch 352/700 — D=-2.5820
Epoch 353/700 — D=-2.4461
Epoch 354/700 — D=-2.4024
Epoch 355/700 — D=-2.6443
Epoch 356/700 — D=-2.5934
Epoch 357/700 — D=-2.5566
Epoch 358/700 — D=-2.6038
Epoch 359/700 — D=-2.1623
Epoch 360/700 — D=-2.6200
Epoch 361/700 — D=-2.6573
Epoch 362/700 — D=-2.6616
Epoch 363/700 — D=-2.6071
Epoch 364/700 — D=-2.5194
Epoch 365/700 — D=-2.6075
Epoch 366/700 — D=-2.6726
Epoch 367/700 — D=-2.6353
Epoch 368/700 — D=-2.5894
Epoch 369/700 — D=-2.3096
Epoch 370/700 — D=-2.7076
Epoch 371/700 — D=-2.5109
Epoch 372/700 — D=-2.5581
Epoch 373/700 — D=-2.5659
Epoch 374/700 — D=-2.3838
Epoch 375/700 — D=-2.5285
Epoch 376/700 — D=-2.5030
Epoch 377/700 — D=-2.5486
Epoch 378/700 — D=-2.4841
Epoch 379/700 — D=-2.3319
Epoch 380/700 — D=-2.5804
Epoch 381/700 — D=-2.7024
Epoch 382/700 — D=-2.5292
Epoch 383/700 — D=-2.4956
Epoch 384/700 — D=-2.5298
Epoch 385/700 — D=-2.6937
Epoch 386/700 — D=-2.5663
Epoch 387/700 — D=-2.6649
Epoch 388/700 — D=-2.4805
Epoch 389/700 — D=-2.1927
Epoch 390/700 — D=-2.6565
Epoch 391/700 — D=-2.5965
Epoch 392/700 — D=-2.5539
Epoch 393/700 — D=-2.5179
Epoch 394/700 — D=-2.3481
Epoch 395/700 — D=-2.4765
Epoch 396/700 — D=-2.6220
Epoch 397/700 — D=-2.5681
Epoch 398/700 — D=-2.4369
Epoch 399/700 — D=-2.3181
Epoch 400/700 — D=-2.5326
Epoch 401/700 — D=-2.5795
Epoch 402/700 — D=-2.5435
Epoch 403/700 — D=-2.4904
Epoch 404/700 — D=-2.3167
Epoch 405/700 — D=-2.6165
Epoch 406/700 — D=-2.4798
Epoch 407/700 — D=-2.5626
Epoch 408/700 — D=-2.4915
Epoch 409/700 — D=-2.2576
Epoch 410/700 — D=-2.6275
Epoch 411/700 — D=-2.5540
Epoch 412/700 — D=-2.5339
Epoch 413/700 — D=-2.4566
Epoch 414/700 — D=-2.3180
Epoch 415/700 — D=-2.4947
Epoch 416/700 — D=-2.5716
Epoch 417/700 — D=-2.5318
Epoch 418/700 — D=-2.5434
Epoch 419/700 — D=-2.4144
Epoch 420/700 — D=-2.4813
Epoch 421/700 — D=-2.6135
Epoch 422/700 — D=-2.5315
Epoch 423/700 — D=-2.5228
Epoch 424/700 — D=-2.4312
Epoch 425/700 — D=-2.6810
Epoch 426/700 — D=-2.5437
Epoch 427/700 — D=-2.5563
Epoch 428/700 — D=-2.5023
Epoch 429/700 — D=-2.4397
Epoch 430/700 — D=-2.6295
Epoch 431/700 — D=-2.5361
Epoch 432/700 — D=-2.5086
Epoch 433/700 — D=-2.4944
Epoch 434/700 — D=-2.3696
Epoch 435/700 — D=-2.5590
Epoch 436/700 — D=-2.6373
Epoch 437/700 — D=-2.5781
Epoch 438/700 — D=-2.4570
Epoch 439/700 — D=-2.4722
Epoch 440/700 — D=-2.6095
Epoch 441/700 — D=-2.5718
Epoch 442/700 — D=-2.5851
Epoch 443/700 — D=-2.4735
Epoch 444/700 — D=-2.3805
Epoch 445/700 — D=-2.5862
Epoch 446/700 — D=-2.5744
Epoch 447/700 — D=-2.5413
Epoch 448/700 — D=-2.5267
Epoch 449/700 — D=-2.3966
Epoch 450/700 — D=-2.5376
Epoch 451/700 — D=-2.5850
Epoch 452/700 — D=-2.5155
Epoch 453/700 — D=-2.5301
Epoch 454/700 — D=-2.4339
Epoch 455/700 — D=-2.5680
Epoch 456/700 — D=-2.5558
Epoch 457/700 — D=-2.5239
Epoch 458/700 — D=-2.5411
Epoch 459/700 — D=-2.4276
Epoch 460/700 — D=-2.5485
Epoch 461/700 — D=-2.5281
Epoch 462/700 — D=-2.4791
Epoch 463/700 — D=-2.5017
Epoch 464/700 — D=-2.4336
Epoch 465/700 — D=-2.6299
Epoch 466/700 — D=-2.4622
Epoch 467/700 — D=-2.6099
Epoch 468/700 — D=-2.5026
Epoch 469/700 — D=-2.4454
Epoch 470/700 — D=-2.5526
Epoch 471/700 — D=-2.6030
Epoch 472/700 — D=-2.5722
Epoch 473/700 — D=-2.4709
Epoch 474/700 — D=-2.3369
Epoch 475/700 — D=-2.6080
Epoch 476/700 — D=-2.6291
Epoch 477/700 — D=-2.5207
Epoch 478/700 — D=-2.4964
Epoch 479/700 — D=-2.4832
Epoch 480/700 — D=-2.5796
Epoch 481/700 — D=-2.4822
Epoch 482/700 — D=-2.6234
Epoch 483/700 — D=-2.4062
Epoch 484/700 — D=-2.5154
Epoch 485/700 — D=-2.5572
Epoch 486/700 — D=-2.5423
Epoch 487/700 — D=-2.5160
Epoch 488/700 — D=-2.4410
Epoch 489/700 — D=-2.4260
Epoch 490/700 — D=-2.5906
Epoch 491/700 — D=-2.5991
Epoch 492/700 — D=-2.4580
Epoch 493/700 — D=-2.4844
Epoch 494/700 — D=-2.4711
Epoch 495/700 — D=-2.6637
Epoch 496/700 — D=-2.5017
Epoch 497/700 — D=-2.4756
Epoch 498/700 — D=-2.4889
Epoch 499/700 — D=-2.3992
Epoch 500/700 — D=-2.6458
Epoch 501/700 — D=-2.5658
Epoch 502/700 — D=-2.5363
Epoch 503/700 — D=-2.4754
Epoch 504/700 — D=-2.4152
Epoch 505/700 — D=-2.5395
Epoch 506/700 — D=-2.6563
Epoch 507/700 — D=-2.5652
Epoch 508/700 — D=-2.4976
Epoch 509/700 — D=-2.2802
Epoch 510/700 — D=-2.4769
Epoch 511/700 — D=-2.5022
Epoch 512/700 — D=-2.5228
Epoch 513/700 — D=-2.4144
Epoch 514/700 — D=-2.3851
Epoch 515/700 — D=-2.4556
Epoch 516/700 — D=-2.4962
Epoch 517/700 — D=-2.5369
Epoch 518/700 — D=-2.4495
Epoch 519/700 — D=-2.4156
Epoch 520/700 — D=-2.6190
Epoch 521/700 — D=-2.5579
Epoch 522/700 — D=-2.4391
Epoch 523/700 — D=-2.4474
Epoch 524/700 — D=-2.3792
Epoch 525/700 — D=-2.5434
Epoch 526/700 — D=-2.4512
Epoch 527/700 — D=-2.4614
Epoch 528/700 — D=-2.5235
Epoch 529/700 — D=-2.4163
Epoch 530/700 — D=-2.4552
Epoch 531/700 — D=-2.5927
Epoch 532/700 — D=-2.5092
Epoch 533/700 — D=-2.4891
Epoch 534/700 — D=-2.2325
Epoch 535/700 — D=-2.5255
Epoch 536/700 — D=-2.5429
Epoch 537/700 — D=-2.4610
Epoch 538/700 — D=-2.4637
Epoch 539/700 — D=-2.4191
Epoch 540/700 — D=-2.5240
Epoch 541/700 — D=-2.5034
Epoch 542/700 — D=-2.4022
Epoch 543/700 — D=-2.4797
Epoch 544/700 — D=-2.4044
Epoch 545/700 — D=-2.5475
Epoch 546/700 — D=-2.4870
Epoch 547/700 — D=-2.5414
Epoch 548/700 — D=-2.4524
Epoch 549/700 — D=-2.4213
Epoch 550/700 — D=-2.5173
Epoch 551/700 — D=-2.5084
Epoch 552/700 — D=-2.5383
Epoch 553/700 — D=-2.5057
Epoch 554/700 — D=-2.3408
Epoch 555/700 — D=-2.4956
Epoch 556/700 — D=-2.5262
Epoch 557/700 — D=-2.5035
Epoch 558/700 — D=-2.4556
Epoch 559/700 — D=-2.3977
Epoch 560/700 — D=-2.5308
Epoch 561/700 — D=-2.4485
Epoch 562/700 — D=-2.4307
Epoch 563/700 — D=-2.4121
Epoch 564/700 — D=-2.4120
Epoch 565/700 — D=-2.5493
Epoch 566/700 — D=-2.5681
Epoch 567/700 — D=-2.5273
Epoch 568/700 — D=-2.4682
Epoch 569/700 — D=-2.3258
Epoch 570/700 — D=-2.4829
Epoch 571/700 — D=-2.5137
Epoch 572/700 — D=-2.4471
Epoch 573/700 — D=-2.4677
Epoch 574/700 — D=-2.2868
Epoch 575/700 — D=-2.4899
Epoch 576/700 — D=-2.4899
Epoch 577/700 — D=-2.4622
Epoch 578/700 — D=-2.4698
Epoch 579/700 — D=-2.4116
Epoch 580/700 — D=-2.5400
Epoch 581/700 — D=-2.4934
Epoch 582/700 — D=-2.5001
Epoch 583/700 — D=-2.4610
Epoch 584/700 — D=-2.4374
Epoch 585/700 — D=-2.4712
Epoch 586/700 — D=-2.5591
Epoch 587/700 — D=-2.5531
Epoch 588/700 — D=-2.4520
Epoch 589/700 — D=-2.3928
Epoch 590/700 — D=-2.5448
Epoch 591/700 — D=-2.4786
Epoch 592/700 — D=-2.4495
Epoch 593/700 — D=-2.4581
Epoch 594/700 — D=-2.4262
Epoch 595/700 — D=-2.4276
Epoch 596/700 — D=-2.4963
Epoch 597/700 — D=-2.4462
Epoch 598/700 — D=-2.4222
Epoch 599/700 — D=-2.4424
Epoch 600/700 — D=-2.4697
Epoch 601/700 — D=-2.5947
Epoch 602/700 — D=-2.4521
Epoch 603/700 — D=-2.4315
Epoch 604/700 — D=-2.4020
Epoch 605/700 — D=-2.4833
Epoch 606/700 — D=-2.4731
Epoch 607/700 — D=-2.4555
Epoch 608/700 — D=-2.5245
Epoch 609/700 — D=-2.3755
Epoch 610/700 — D=-2.5802
Epoch 611/700 — D=-2.4464
Epoch 612/700 — D=-2.4854
Epoch 613/700 — D=-2.4332
Epoch 614/700 — D=-2.2822
Epoch 615/700 — D=-2.5354
Epoch 616/700 — D=-2.5833
Epoch 617/700 — D=-2.3928
Epoch 618/700 — D=-2.4533
Epoch 619/700 — D=-2.3634
Epoch 620/700 — D=-2.4616
Epoch 621/700 — D=-2.4722
Epoch 622/700 — D=-2.4634
Epoch 623/700 — D=-2.4126
Epoch 624/700 — D=-2.3967
Epoch 625/700 — D=-2.5050
Epoch 626/700 — D=-2.5458
Epoch 627/700 — D=-2.4633
Epoch 628/700 — D=-2.4215
Epoch 629/700 — D=-2.4248
Epoch 630/700 — D=-2.5200
Epoch 631/700 — D=-2.5050
Epoch 632/700 — D=-2.4544
Epoch 633/700 — D=-2.4450
Epoch 634/700 — D=-2.3388
Epoch 635/700 — D=-2.4125
Epoch 636/700 — D=-2.5456
Epoch 637/700 — D=-2.4536
Epoch 638/700 — D=-2.4417
Epoch 639/700 — D=-2.4383
Epoch 640/700 — D=-2.4450
Epoch 641/700 — D=-2.4918
Epoch 642/700 — D=-2.5178
Epoch 643/700 — D=-2.4961
Epoch 644/700 — D=-2.4199
Epoch 645/700 — D=-2.4883
Epoch 646/700 — D=-2.4733
Epoch 647/700 — D=-2.4788
Epoch 648/700 — D=-2.5116
Epoch 649/700 — D=-2.4350
Epoch 650/700 — D=-2.4529
Epoch 651/700 — D=-2.4770
Epoch 652/700 — D=-2.4872
Epoch 653/700 — D=-2.4233
Epoch 654/700 — D=-2.4649
Epoch 655/700 — D=-2.4397
Epoch 656/700 — D=-2.4660
Epoch 657/700 — D=-2.4230
Epoch 658/700 — D=-2.4042
Epoch 659/700 — D=-2.4194
Epoch 660/700 — D=-2.4893
Epoch 661/700 — D=-2.5209
Epoch 662/700 — D=-2.4294
Epoch 663/700 — D=-2.3986
Epoch 664/700 — D=-2.4549
Epoch 665/700 — D=-2.4510
Epoch 666/700 — D=-2.4489
Epoch 667/700 — D=-2.5094
Epoch 668/700 — D=-2.4959
Epoch 669/700 — D=-2.3842
Epoch 670/700 — D=-2.5438
Epoch 671/700 — D=-2.4573
Epoch 672/700 — D=-2.4664
Epoch 673/700 — D=-2.4334
Epoch 674/700 — D=-2.4194
Epoch 675/700 — D=-2.4371
Epoch 676/700 — D=-2.4264
Epoch 677/700 — D=-2.5353
Epoch 678/700 — D=-2.4134
Epoch 679/700 — D=-2.4257
Epoch 680/700 — D=-2.5052
Epoch 681/700 — D=-2.4668
Epoch 682/700 — D=-2.4774
Epoch 683/700 — D=-2.4645
Epoch 684/700 — D=-2.4390
Epoch 685/700 — D=-2.4072
Epoch 686/700 — D=-2.4528
Epoch 687/700 — D=-2.4697
Epoch 688/700 — D=-2.5028
Epoch 689/700 — D=-2.4116
Epoch 690/700 — D=-2.5037
Epoch 691/700 — D=-2.4351
Epoch 692/700 — D=-2.4456
Epoch 693/700 — D=-2.4766
Epoch 694/700 — D=-2.4414
Epoch 695/700 — D=-2.5109
Epoch 696/700 — D=-2.5188
Epoch 697/700 — D=-2.4502
Epoch 698/700 — D=-2.4774
Epoch 699/700 — D=-2.3659
Epoch 700/700 — D=-2.4949
[2025-07-14 10:18:13] Job PID=152653 finished with return code 0
[2025-07-14 10:18:13] Next job: python train2.py --data_root ../data/real/data_64 --log_dir ../logdir/logdir_64_mel_real_4n_2 --use_mel --batch_size 64
[2025-07-14 10:18:13] GPU idle for 10/120s
[2025-07-14 10:18:23] GPU idle for 20/120s
[2025-07-14 10:18:33] GPU idle for 30/120s
[2025-07-14 10:18:43] GPU idle for 40/120s
[2025-07-14 10:18:53] GPU idle for 50/120s
[2025-07-14 10:19:03] GPU idle for 60/120s
[2025-07-14 10:19:13] GPU idle for 70/120s
[2025-07-14 10:19:23] GPU idle for 80/120s
[2025-07-14 10:19:33] GPU idle for 90/120s
[2025-07-14 10:19:43] GPU idle for 100/120s
[2025-07-14 10:19:53] GPU idle for 110/120s
[2025-07-14 10:20:03] GPU idle for 120/120s
[2025-07-14 10:20:03] Launching: python train2.py --data_root ../data/real/data_64 --log_dir ../logdir/logdir_64_mel_real_4n_2 --use_mel --batch_size 64
[2025-07-14 10:20:03] Started PID=196610
Epoch 1/700 — D=-3.7398
Epoch 2/700 — D=-0.2121
Epoch 3/700 — D=-1.4590
Epoch 4/700 — D=-0.8940
Epoch 5/700 — D=-1.5403
Epoch 6/700 — D=-2.1876
Epoch 7/700 — D=-0.0149
Epoch 8/700 — D=-1.6627
Epoch 9/700 — D=-1.8244
Epoch 10/700 — D=-1.7979
Epoch 11/700 — D=-1.8083
Epoch 12/700 — D=-1.3023
Epoch 13/700 — D=-1.9593
Epoch 14/700 — D=-1.8529
Epoch 15/700 — D=-2.1133
Epoch 16/700 — D=-2.0187
Epoch 17/700 — D=-1.3449
Epoch 18/700 — D=-2.7211
Epoch 19/700 — D=-1.8918
Epoch 20/700 — D=-2.3325
Epoch 21/700 — D=-2.2372
Epoch 22/700 — D=-2.0339
Epoch 23/700 — D=-2.3192
Epoch 24/700 — D=-2.0878
Epoch 25/700 — D=-3.0264
Epoch 26/700 — D=-2.4268
Epoch 27/700 — D=-2.2765
Epoch 28/700 — D=-2.5204
Epoch 29/700 — D=-2.4277
Epoch 30/700 — D=-2.6847
Epoch 31/700 — D=-2.6460
Epoch 32/700 — D=-2.4392
Epoch 33/700 — D=-2.6042
Epoch 34/700 — D=-2.3184
Epoch 35/700 — D=-2.5534
Epoch 36/700 — D=-2.5448
Epoch 37/700 — D=-2.2524
Epoch 38/700 — D=-2.7008
Epoch 39/700 — D=-2.5972
Epoch 40/700 — D=-2.5706
Epoch 41/700 — D=-2.5447
Epoch 42/700 — D=-2.6408
Epoch 43/700 — D=-2.6766
Epoch 44/700 — D=-2.7271
Epoch 45/700 — D=-2.5311
Epoch 46/700 — D=-2.6373
Epoch 47/700 — D=-2.1892
Epoch 48/700 — D=-2.8140
Epoch 49/700 — D=-2.5575
Epoch 50/700 — D=-2.5686
Epoch 51/700 — D=-2.6371
Epoch 52/700 — D=-2.7066
Epoch 53/700 — D=-2.8266
Epoch 54/700 — D=-2.5393
Epoch 55/700 — D=-2.7962
Epoch 56/700 — D=-2.6370
Epoch 57/700 — D=-2.4175
Epoch 58/700 — D=-2.6686
Epoch 59/700 — D=-2.4946
Epoch 60/700 — D=-2.7537
Epoch 61/700 — D=-2.7175
Epoch 62/700 — D=-2.3193
Epoch 63/700 — D=-2.6305
Epoch 64/700 — D=-2.5378
Epoch 65/700 — D=-2.6390
Epoch 66/700 — D=-2.5868
Epoch 67/700 — D=-2.5139
Epoch 68/700 — D=-2.6594
Epoch 69/700 — D=-2.5699
Epoch 70/700 — D=-2.7707
Epoch 71/700 — D=-2.5533
Epoch 72/700 — D=-2.2917
Epoch 73/700 — D=-2.5576
Epoch 74/700 — D=-2.5224
Epoch 75/700 — D=-2.5419
Epoch 76/700 — D=-2.5284
Epoch 77/700 — D=-2.3270
Epoch 78/700 — D=-2.6941
Epoch 79/700 — D=-2.5409
Epoch 80/700 — D=-2.5982
Epoch 81/700 — D=-2.4387
Epoch 82/700 — D=-2.4890
Epoch 83/700 — D=-2.6256
Epoch 84/700 — D=-2.4621
Epoch 85/700 — D=-2.5457
Epoch 86/700 — D=-2.5623
Epoch 87/700 — D=-2.4319
Epoch 88/700 — D=-2.5385
Epoch 89/700 — D=-2.4627
Epoch 90/700 — D=-2.6443
Epoch 91/700 — D=-2.5404
Epoch 92/700 — D=-2.4185
Epoch 93/700 — D=-2.5778
Epoch 94/700 — D=-2.4204
Epoch 95/700 — D=-2.7409
Epoch 96/700 — D=-2.5862
Epoch 97/700 — D=-2.4050
Epoch 98/700 — D=-2.6021
Epoch 99/700 — D=-2.5370
Epoch 100/700 — D=-2.5520
Epoch 101/700 — D=-2.5629
Epoch 102/700 — D=-2.4385
Epoch 103/700 — D=-2.5138
Epoch 104/700 — D=-2.6005
Epoch 105/700 — D=-2.5124
Epoch 106/700 — D=-2.5176
Epoch 107/700 — D=-2.5504
Epoch 108/700 — D=-2.5420
Epoch 109/700 — D=-2.5513
Epoch 110/700 — D=-2.4415
Epoch 111/700 — D=-2.5101
Epoch 112/700 — D=-2.4130
Epoch 113/700 — D=-2.4762
Epoch 114/700 — D=-2.5298
Epoch 115/700 — D=-2.5186
Epoch 116/700 — D=-2.5633
Epoch 117/700 — D=-2.3401
Epoch 118/700 — D=-2.5868
Epoch 119/700 — D=-2.4600
Epoch 120/700 — D=-2.5351
Epoch 121/700 — D=-2.4788
Epoch 122/700 — D=-2.2177
Epoch 123/700 — D=-2.5091
Epoch 124/700 — D=-2.4884
Epoch 125/700 — D=-2.6534
Epoch 126/700 — D=-2.4921
Epoch 127/700 — D=-2.4655
Epoch 128/700 — D=-2.5064
Epoch 129/700 — D=-2.5081
Epoch 130/700 — D=-2.5684
Epoch 131/700 — D=-2.5111
Epoch 132/700 — D=-2.5027
Epoch 133/700 — D=-2.5483
Epoch 134/700 — D=-2.4697
Epoch 135/700 — D=-2.4632
Epoch 136/700 — D=-2.4493
Epoch 137/700 — D=-2.3606
Epoch 138/700 — D=-2.5212
Epoch 139/700 — D=-2.4245
Epoch 140/700 — D=-2.6242
Epoch 141/700 — D=-2.5533
Epoch 142/700 — D=-2.4659
Epoch 143/700 — D=-2.6115
Epoch 144/700 — D=-2.4153
Epoch 145/700 — D=-2.4971
Epoch 146/700 — D=-2.4221
Epoch 147/700 — D=-2.5026
Epoch 148/700 — D=-2.5927
Epoch 149/700 — D=-2.4305
Epoch 150/700 — D=-2.4680
Epoch 151/700 — D=-2.3968
Epoch 152/700 — D=-2.4750
Epoch 153/700 — D=-2.5944
Epoch 154/700 — D=-2.5304
Epoch 155/700 — D=-2.6349
Epoch 156/700 — D=-2.5140
Epoch 157/700 — D=-2.4834
Epoch 158/700 — D=-2.4928
Epoch 159/700 — D=-2.4926
Epoch 160/700 — D=-2.4523
Epoch 161/700 — D=-2.4708
Epoch 162/700 — D=-2.4853
Epoch 163/700 — D=-2.4323
Epoch 164/700 — D=-2.5141
Epoch 165/700 — D=-2.5631
Epoch 166/700 — D=-2.5111
Epoch 167/700 — D=-2.3767
Epoch 168/700 — D=-2.4839
Epoch 169/700 — D=-2.4580
Epoch 170/700 — D=-2.5452
Epoch 171/700 — D=-2.5867
Epoch 172/700 — D=-2.3906
Epoch 173/700 — D=-2.5494
Epoch 174/700 — D=-2.4424
Epoch 175/700 — D=-2.4537
Epoch 176/700 — D=-2.4285
Epoch 177/700 — D=-2.4859
Epoch 178/700 — D=-2.4793
Epoch 179/700 — D=-2.3852
Epoch 180/700 — D=-2.4724
Epoch 181/700 — D=-2.4589
Epoch 182/700 — D=-2.4310
Epoch 183/700 — D=-2.3922
Epoch 184/700 — D=-2.4506
Epoch 185/700 — D=-2.4283
Epoch 186/700 — D=-2.3989
Epoch 187/700 — D=-2.4506
Epoch 188/700 — D=-2.5329
Epoch 189/700 — D=-2.4167
Epoch 190/700 — D=-2.4530
Epoch 191/700 — D=-2.4217
Epoch 192/700 — D=-2.4305
Epoch 193/700 — D=-2.5072
Epoch 194/700 — D=-2.4860
Epoch 195/700 — D=-2.4441
Epoch 196/700 — D=-2.4753
Epoch 197/700 — D=-2.4172
Epoch 198/700 — D=-2.5099
Epoch 199/700 — D=-2.4842
Epoch 200/700 — D=-2.4500
Epoch 201/700 — D=-2.3923
Epoch 202/700 — D=-2.3345
Epoch 203/700 — D=-2.4134
Epoch 204/700 — D=-2.4132
Epoch 205/700 — D=-2.5436
Epoch 206/700 — D=-2.4438
Epoch 207/700 — D=-2.4759
Epoch 208/700 — D=-2.4404
Epoch 209/700 — D=-2.3862
Epoch 210/700 — D=-2.4371
Epoch 211/700 — D=-2.4467
Epoch 212/700 — D=-2.4746
Epoch 213/700 — D=-2.4178
Epoch 214/700 — D=-2.4264
Epoch 215/700 — D=-2.4080
Epoch 216/700 — D=-2.3565
Epoch 217/700 — D=-2.4457
Epoch 218/700 — D=-2.4281
Epoch 219/700 — D=-2.4094
Epoch 220/700 — D=-2.5916
Epoch 221/700 — D=-2.5554
Epoch 222/700 — D=-2.3675
Epoch 223/700 — D=-2.4416
Epoch 224/700 — D=-2.3929
Epoch 225/700 — D=-2.4887
Epoch 226/700 — D=-2.4938
Epoch 227/700 — D=-2.4366
Epoch 228/700 — D=-2.4226
Epoch 229/700 — D=-2.4065
Epoch 230/700 — D=-2.4220
Epoch 231/700 — D=-2.4635
Epoch 232/700 — D=-2.4075
Epoch 233/700 — D=-2.4528
Epoch 234/700 — D=-2.4446
Epoch 235/700 — D=-2.3736
Epoch 236/700 — D=-2.4277
Epoch 237/700 — D=-2.4237
Epoch 238/700 — D=-2.3855
Epoch 239/700 — D=-2.4525
Epoch 240/700 — D=-2.4453
Epoch 241/700 — D=-2.4381
Epoch 242/700 — D=-2.4171
Epoch 243/700 — D=-2.4533
Epoch 244/700 — D=-2.5182
Epoch 245/700 — D=-2.4984
Epoch 246/700 — D=-2.4287
Epoch 247/700 — D=-2.3676
Epoch 248/700 — D=-2.4544
Epoch 249/700 — D=-2.4325
Epoch 250/700 — D=-2.4160
Epoch 251/700 — D=-2.3638
Epoch 252/700 — D=-2.3863
Epoch 253/700 — D=-2.5537
Epoch 254/700 — D=-2.4593
Epoch 255/700 — D=-2.5293
Epoch 256/700 — D=-2.4150
Epoch 257/700 — D=-2.3702
Epoch 258/700 — D=-2.4516
Epoch 259/700 — D=-2.3667
Epoch 260/700 — D=-2.5262
Epoch 261/700 — D=-2.3582
Epoch 262/700 — D=-2.4496
Epoch 263/700 — D=-2.4970
Epoch 264/700 — D=-2.4464
Epoch 265/700 — D=-2.3708
Epoch 266/700 — D=-2.4633
Epoch 267/700 — D=-2.4260
Epoch 268/700 — D=-2.4572
Epoch 269/700 — D=-2.4916
Epoch 270/700 — D=-2.5167
Epoch 271/700 — D=-2.4836
Epoch 272/700 — D=-2.4715
Epoch 273/700 — D=-2.4540
Epoch 274/700 — D=-2.4385
Epoch 275/700 — D=-2.4995
Epoch 276/700 — D=-2.4353
Epoch 277/700 — D=-2.3992
Epoch 278/700 — D=-2.4809
Epoch 279/700 — D=-2.4650
Epoch 280/700 — D=-2.4576
Epoch 281/700 — D=-2.5042
Epoch 282/700 — D=-2.4774
Epoch 283/700 — D=-2.4565
Epoch 284/700 — D=-2.4360
Epoch 285/700 — D=-2.4496
Epoch 286/700 — D=-2.4565
Epoch 287/700 — D=-2.3695
Epoch 288/700 — D=-2.4930
Epoch 289/700 — D=-2.4344
Epoch 290/700 — D=-2.4280
Epoch 291/700 — D=-2.4421
Epoch 292/700 — D=-2.4447
Epoch 293/700 — D=-2.3915
Epoch 294/700 — D=-2.4799
Epoch 295/700 — D=-2.3894
Epoch 296/700 — D=-2.4438
Epoch 297/700 — D=-2.4163
Epoch 298/700 — D=-2.4986
Epoch 299/700 — D=-2.4475
Epoch 300/700 — D=-2.4169
Epoch 301/700 — D=-2.4663
Epoch 302/700 — D=-2.3967
Epoch 303/700 — D=-2.4264
Epoch 304/700 — D=-2.3502
Epoch 305/700 — D=-2.4476
Epoch 306/700 — D=-2.4301
Epoch 307/700 — D=-2.4955
Epoch 308/700 — D=-2.5208
Epoch 309/700 — D=-2.5004
Epoch 310/700 — D=-2.4720
Epoch 311/700 — D=-2.4958
Epoch 312/700 — D=-2.4019
Epoch 313/700 — D=-2.4995
Epoch 314/700 — D=-2.4157
Epoch 315/700 — D=-2.4594
Epoch 316/700 — D=-2.4890
Epoch 317/700 — D=-2.4318
Epoch 318/700 — D=-2.4491
Epoch 319/700 — D=-2.4718
Epoch 320/700 — D=-2.4971
Epoch 321/700 — D=-2.3748
Epoch 322/700 — D=-2.4601
Epoch 323/700 — D=-2.5473
Epoch 324/700 — D=-2.4499
Epoch 325/700 — D=-2.4781
Epoch 326/700 — D=-2.4431
Epoch 327/700 — D=-2.4809
Epoch 328/700 — D=-2.4396
Epoch 329/700 — D=-2.5173
Epoch 330/700 — D=-2.4511
Epoch 331/700 — D=-2.3810
Epoch 332/700 — D=-2.4462
Epoch 333/700 — D=-2.4844
Epoch 334/700 — D=-2.4209
Epoch 335/700 — D=-2.3851
Epoch 336/700 — D=-2.3862
Epoch 337/700 — D=-2.4017
Epoch 338/700 — D=-2.4565
Epoch 339/700 — D=-2.4582
Epoch 340/700 — D=-2.5232
Epoch 341/700 — D=-2.4641
Epoch 342/700 — D=-2.4605
Epoch 343/700 — D=-2.5041
Epoch 344/700 — D=-2.4629
Epoch 345/700 — D=-2.3461
Epoch 346/700 — D=-2.4817
Epoch 347/700 — D=-2.4771
Epoch 348/700 — D=-2.4887
Epoch 349/700 — D=-2.4971
Epoch 350/700 — D=-2.5519
Epoch 351/700 — D=-2.5277
Epoch 352/700 — D=-2.4024
Epoch 353/700 — D=-2.3725
Epoch 354/700 — D=-2.5274
Epoch 355/700 — D=-2.4857
Epoch 356/700 — D=-2.4921
Epoch 357/700 — D=-2.4356
Epoch 358/700 — D=-2.5528
Epoch 359/700 — D=-2.5395
Epoch 360/700 — D=-2.4429
Epoch 361/700 — D=-2.4488
Epoch 362/700 — D=-2.4038
Epoch 363/700 — D=-2.5077
Epoch 364/700 — D=-2.4345
Epoch 365/700 — D=-2.4651
Epoch 366/700 — D=-2.4376
Epoch 367/700 — D=-2.4452
Epoch 368/700 — D=-2.5572
Epoch 369/700 — D=-2.3799
Epoch 370/700 — D=-2.4400
Epoch 371/700 — D=-2.5632
Epoch 372/700 — D=-2.4936
Epoch 373/700 — D=-2.5559
Epoch 374/700 — D=-2.4915
Epoch 375/700 — D=-2.3855
Epoch 376/700 — D=-2.4090
Epoch 377/700 — D=-2.4154
Epoch 378/700 — D=-2.5088
Epoch 379/700 — D=-2.5326
Epoch 380/700 — D=-2.5989
Epoch 381/700 — D=-2.4796
Epoch 382/700 — D=-2.4873
Epoch 383/700 — D=-2.4895
Epoch 384/700 — D=-2.5644
Epoch 385/700 — D=-2.4580
Epoch 386/700 — D=-2.4092
Epoch 387/700 — D=-2.5632
Epoch 388/700 — D=-2.4809
Epoch 389/700 — D=-2.4749
Epoch 390/700 — D=-2.4659
Epoch 391/700 — D=-2.4788
Epoch 392/700 — D=-2.4624
Epoch 393/700 — D=-2.5315
Epoch 394/700 — D=-2.5425
Epoch 395/700 — D=-2.4860
Epoch 396/700 — D=-2.4831
Epoch 397/700 — D=-2.4981
Epoch 398/700 — D=-2.4262
Epoch 399/700 — D=-2.5109
Epoch 400/700 — D=-2.4997
Epoch 401/700 — D=-2.4407
Epoch 402/700 — D=-2.4952
Epoch 403/700 — D=-2.4900
Epoch 404/700 — D=-2.4736
Epoch 405/700 — D=-2.5403
Epoch 406/700 — D=-2.5485
Epoch 407/700 — D=-2.4824
Epoch 408/700 — D=-2.4709
Epoch 409/700 — D=-2.5347
Epoch 410/700 — D=-2.4716
Epoch 411/700 — D=-2.4001
Epoch 412/700 — D=-2.4586
Epoch 413/700 — D=-2.4895
Epoch 414/700 — D=-2.4790
Epoch 415/700 — D=-2.4276
Epoch 416/700 — D=-2.5154
Epoch 417/700 — D=-2.4928
Epoch 418/700 — D=-2.5996
Epoch 419/700 — D=-2.4227
Epoch 420/700 — D=-2.4835
Epoch 421/700 — D=-2.4338
Epoch 422/700 — D=-2.5560
Epoch 423/700 — D=-2.4885
Epoch 424/700 — D=-2.4347
Epoch 425/700 — D=-2.4828
Epoch 426/700 — D=-2.5239
Epoch 427/700 — D=-2.4564
Epoch 428/700 — D=-2.5264
Epoch 429/700 — D=-2.4863
Epoch 430/700 — D=-2.5517
Epoch 431/700 — D=-2.5124
Epoch 432/700 — D=-2.5197
Epoch 433/700 — D=-2.3842
Epoch 434/700 — D=-2.6220
Epoch 435/700 — D=-2.4995
Epoch 436/700 — D=-2.5512
Epoch 437/700 — D=-2.4922
Epoch 438/700 — D=-2.4623
Epoch 439/700 — D=-2.5060
Epoch 440/700 — D=-2.5956
Epoch 441/700 — D=-2.4766
Epoch 442/700 — D=-2.4355
Epoch 443/700 — D=-2.4791
Epoch 444/700 — D=-2.4158
Epoch 445/700 — D=-2.5423
Epoch 446/700 — D=-2.5047
Epoch 447/700 — D=-2.5062
Epoch 448/700 — D=-2.5649
Epoch 449/700 — D=-2.4928
Epoch 450/700 — D=-2.5689
Epoch 451/700 — D=-2.5138
Epoch 452/700 — D=-2.5778
Epoch 453/700 — D=-2.4350
Epoch 454/700 — D=-2.5163
Epoch 455/700 — D=-2.6043
Epoch 456/700 — D=-2.4392
Epoch 457/700 — D=-2.5166
Epoch 458/700 — D=-2.5391
Epoch 459/700 — D=-2.5704
Epoch 460/700 — D=-2.5079
Epoch 461/700 — D=-2.4464
Epoch 462/700 — D=-2.4440
Epoch 463/700 — D=-2.4922
Epoch 464/700 — D=-2.5238
Epoch 465/700 — D=-2.5251
Epoch 466/700 — D=-2.4530
Epoch 467/700 — D=-2.5289
Epoch 468/700 — D=-2.5032
Epoch 469/700 — D=-2.5079
Epoch 470/700 — D=-2.4468
Epoch 471/700 — D=-2.4828
Epoch 472/700 — D=-2.3803
Epoch 473/700 — D=-2.4063
Epoch 474/700 — D=-2.4370
Epoch 475/700 — D=-2.5176
Epoch 476/700 — D=-2.4610
Epoch 477/700 — D=-2.4403
Epoch 478/700 — D=-2.4291
Epoch 479/700 — D=-2.5430
Epoch 480/700 — D=-2.4830
Epoch 481/700 — D=-2.4585
Epoch 482/700 — D=-2.4680
Epoch 483/700 — D=-2.5446
Epoch 484/700 — D=-2.4025
Epoch 485/700 — D=-2.4526
Epoch 486/700 — D=-2.4599
Epoch 487/700 — D=-2.4423
Epoch 488/700 — D=-2.5000
Epoch 489/700 — D=-2.4474
Epoch 490/700 — D=-2.4493
Epoch 491/700 — D=-2.4954
Epoch 492/700 — D=-2.4439
Epoch 493/700 — D=-2.4848
Epoch 494/700 — D=-2.5073
Epoch 495/700 — D=-2.5313
Epoch 496/700 — D=-2.4607
Epoch 497/700 — D=-2.4360
Epoch 498/700 — D=-2.4618
Epoch 499/700 — D=-2.4872
Epoch 500/700 — D=-2.4781
Epoch 501/700 — D=-2.4742
Epoch 502/700 — D=-2.5571
Epoch 503/700 — D=-2.5381
Epoch 504/700 — D=-2.5173
Epoch 505/700 — D=-2.5391
Epoch 506/700 — D=-2.5320
Epoch 507/700 — D=-2.5665
Epoch 508/700 — D=-2.4605
Epoch 509/700 — D=-2.5194
Epoch 510/700 — D=-2.4566
Epoch 511/700 — D=-2.4881
Epoch 512/700 — D=-2.5321
Epoch 513/700 — D=-2.4958
Epoch 514/700 — D=-2.4709
Epoch 515/700 — D=-2.4686
Epoch 516/700 — D=-2.5174
Epoch 517/700 — D=-2.4587
Epoch 518/700 — D=-2.4733
Epoch 519/700 — D=-2.5090
Epoch 520/700 — D=-2.4813
Epoch 521/700 — D=-2.5116
Epoch 522/700 — D=-2.4534
Epoch 523/700 — D=-2.4849
Epoch 524/700 — D=-2.4583
Epoch 525/700 — D=-2.4989
Epoch 526/700 — D=-2.4746
Epoch 527/700 — D=-2.5317
Epoch 528/700 — D=-2.4864
Epoch 529/700 — D=-2.5172
Epoch 530/700 — D=-2.5149
Epoch 531/700 — D=-2.4502
Epoch 532/700 — D=-2.5803
Epoch 533/700 — D=-2.4713
Epoch 534/700 — D=-2.5176
Epoch 535/700 — D=-2.5350
Epoch 536/700 — D=-2.5860
Epoch 537/700 — D=-2.5548
Epoch 538/700 — D=-2.5349
Epoch 539/700 — D=-2.4218
Epoch 540/700 — D=-2.5522
Epoch 541/700 — D=-2.4960
Epoch 542/700 — D=-2.4614
Epoch 543/700 — D=-2.5052
Epoch 544/700 — D=-2.5044
Epoch 545/700 — D=-2.4907
Epoch 546/700 — D=-2.5539
Epoch 547/700 — D=-2.5263
Epoch 548/700 — D=-2.5634
Epoch 549/700 — D=-2.5044
Epoch 550/700 — D=-2.4889
Epoch 551/700 — D=-2.5032
Epoch 552/700 — D=-2.4984
Epoch 553/700 — D=-2.5248
Epoch 554/700 — D=-2.5709
Epoch 555/700 — D=-2.5385
Epoch 556/700 — D=-2.5169
Epoch 557/700 — D=-2.4556
Epoch 558/700 — D=-2.5241
Epoch 559/700 — D=-2.4754
Epoch 560/700 — D=-2.4889
Epoch 561/700 — D=-2.5039
Epoch 562/700 — D=-2.5154
Epoch 563/700 — D=-2.5181
Epoch 564/700 — D=-2.5568
Epoch 565/700 — D=-2.4240
Epoch 566/700 — D=-2.5029
Epoch 567/700 — D=-2.4882
Epoch 568/700 — D=-2.6662
Epoch 569/700 — D=-2.5471
Epoch 570/700 — D=-2.4346
Epoch 571/700 — D=-2.5035
Epoch 572/700 — D=-2.5244
Epoch 573/700 — D=-2.5284
Epoch 574/700 — D=-2.5112
Epoch 575/700 — D=-2.5027
Epoch 576/700 — D=-2.6179
Epoch 577/700 — D=-2.4804
Epoch 578/700 — D=-2.4982
Epoch 579/700 — D=-2.4354
Epoch 580/700 — D=-2.5157
Epoch 581/700 — D=-2.5577
Epoch 582/700 — D=-2.4527
Epoch 583/700 — D=-2.4829
Epoch 584/700 — D=-2.5308
Epoch 585/700 — D=-2.4874
Epoch 586/700 — D=-2.4718
Epoch 587/700 — D=-2.4865
Epoch 588/700 — D=-2.4706
Epoch 589/700 — D=-2.4871
Epoch 590/700 — D=-2.4416
Epoch 591/700 — D=-2.5482
Epoch 592/700 — D=-2.4556
Epoch 593/700 — D=-2.6410
Epoch 594/700 — D=-2.5313
Epoch 595/700 — D=-2.4493
Epoch 596/700 — D=-2.5600
Epoch 597/700 — D=-2.5330
Epoch 598/700 — D=-2.5646
Epoch 599/700 — D=-2.4576
Epoch 600/700 — D=-2.5871
Epoch 601/700 — D=-2.4798
Epoch 602/700 — D=-2.5148
Epoch 603/700 — D=-2.4498
Epoch 604/700 — D=-2.4915
Epoch 605/700 — D=-2.4647
Epoch 606/700 — D=-2.5109
Epoch 607/700 — D=-2.5066
Epoch 608/700 — D=-2.4928
Epoch 609/700 — D=-2.5033
Epoch 610/700 — D=-2.4636
Epoch 611/700 — D=-2.5024
Epoch 612/700 — D=-2.5190
Epoch 613/700 — D=-2.5493
Epoch 614/700 — D=-2.4798
Epoch 615/700 — D=-2.5403
Epoch 616/700 — D=-2.4878
Epoch 617/700 — D=-2.4712
Epoch 618/700 — D=-2.5526
Epoch 619/700 — D=-2.4449
Epoch 620/700 — D=-2.5223
Epoch 621/700 — D=-2.5069
Epoch 622/700 — D=-2.5637
Epoch 623/700 — D=-2.4632
Epoch 624/700 — D=-2.5320
Epoch 625/700 — D=-2.6154
Epoch 626/700 — D=-2.5355
Epoch 627/700 — D=-2.4013
Epoch 628/700 — D=-2.4951
Epoch 629/700 — D=-2.5614
Epoch 630/700 — D=-2.5292
Epoch 631/700 — D=-2.4808
Epoch 632/700 — D=-2.4474
Epoch 633/700 — D=-2.4812
Epoch 634/700 — D=-2.5072
Epoch 635/700 — D=-2.4879
Epoch 636/700 — D=-2.4576
Epoch 637/700 — D=-2.5710
Epoch 638/700 — D=-2.5243
Epoch 639/700 — D=-2.5009
Epoch 640/700 — D=-2.4766
Epoch 641/700 — D=-2.5131
Epoch 642/700 — D=-2.4496
Epoch 643/700 — D=-2.4847
Epoch 644/700 — D=-2.4489
Epoch 645/700 — D=-2.5864
Epoch 646/700 — D=-2.5065
Epoch 647/700 — D=-2.5259
Epoch 648/700 — D=-2.4363
Epoch 649/700 — D=-2.5031
Epoch 650/700 — D=-2.6446
Epoch 651/700 — D=-2.4326
Epoch 652/700 — D=-2.4157
Epoch 653/700 — D=-2.5356
Epoch 654/700 — D=-2.6065
Epoch 655/700 — D=-2.4815
Epoch 656/700 — D=-2.5052
Epoch 657/700 — D=-2.3570
Epoch 658/700 — D=-2.4847
Epoch 659/700 — D=-2.5382
Epoch 660/700 — D=-2.5356
Epoch 661/700 — D=-2.4428
Epoch 662/700 — D=-2.4931
Epoch 663/700 — D=-2.4684
Epoch 664/700 — D=-2.4272
Epoch 665/700 — D=-2.5348
Epoch 666/700 — D=-2.5509
Epoch 667/700 — D=-2.5705
Epoch 668/700 — D=-2.4528
Epoch 669/700 — D=-2.4357
Epoch 670/700 — D=-2.4645
Epoch 671/700 — D=-2.5270
Epoch 672/700 — D=-2.5060
Epoch 673/700 — D=-2.4576
Epoch 674/700 — D=-2.5585
Epoch 675/700 — D=-2.5008
Epoch 676/700 — D=-2.4292
Epoch 677/700 — D=-2.4566
Epoch 678/700 — D=-2.4575
Epoch 679/700 — D=-2.4996
Epoch 680/700 — D=-2.5368
Epoch 681/700 — D=-2.5359
Epoch 682/700 — D=-2.4945
Epoch 683/700 — D=-2.4883
Epoch 684/700 — D=-2.4807
Epoch 685/700 — D=-2.5799
Epoch 686/700 — D=-2.4244
Epoch 687/700 — D=-2.4784
Epoch 688/700 — D=-2.4063
Epoch 689/700 — D=-2.5499
Epoch 690/700 — D=-2.5303
Epoch 691/700 — D=-2.5816
Epoch 692/700 — D=-2.4876
Epoch 693/700 — D=-2.5164
Epoch 694/700 — D=-2.4713
Epoch 695/700 — D=-2.4831
Epoch 696/700 — D=-2.4718
Epoch 697/700 — D=-2.4608
Epoch 698/700 — D=-2.5413
Epoch 699/700 — D=-2.4689
Epoch 700/700 — D=-2.5834
[2025-07-14 13:18:47] Job PID=196610 finished with return code 0
[2025-07-14 13:18:47] Next job: python train2.py --data_root ../data/real/data_64 --log_dir ../logdir/logdir_64_mel_real_4n --use_mel --lambda_lat 0 --batch_size 64
[2025-07-14 13:18:47] GPU idle for 10/120s
[2025-07-14 13:18:57] GPU idle for 20/120s
[2025-07-14 13:19:07] GPU idle for 30/120s
[2025-07-14 13:19:17] GPU idle for 40/120s
[2025-07-14 13:19:27] GPU idle for 50/120s
[2025-07-14 13:19:37] GPU idle for 60/120s
[2025-07-14 13:19:47] GPU idle for 70/120s
[2025-07-14 13:19:57] GPU idle for 80/120s
[2025-07-14 13:20:07] GPU idle for 90/120s
[2025-07-14 13:20:17] GPU idle for 100/120s
[2025-07-14 13:20:27] GPU idle for 110/120s
[2025-07-14 13:20:37] GPU idle for 120/120s
[2025-07-14 13:20:37] Launching: python train2.py --data_root ../data/real/data_64 --log_dir ../logdir/logdir_64_mel_real_4n --use_mel --lambda_lat 0 --batch_size 64
[2025-07-14 13:20:37] Started PID=242219
Epoch 1/700 — D=-0.8098
Epoch 2/700 — D=-0.7663
Epoch 3/700 — D=-1.7864
Epoch 4/700 — D=-0.9747
Epoch 5/700 — D=-2.1627
Epoch 6/700 — D=-1.9815
Epoch 7/700 — D=0.8249
Epoch 8/700 — D=-2.0991
Epoch 9/700 — D=-1.4365
Epoch 10/700 — D=-1.9706
Epoch 11/700 — D=-1.6660
Epoch 12/700 — D=-1.2179
Epoch 13/700 — D=-1.6568
Epoch 14/700 — D=-1.9087
Epoch 15/700 — D=-1.9305
Epoch 16/700 — D=-2.0955
Epoch 17/700 — D=-1.2795
Epoch 18/700 — D=-2.2381
Epoch 19/700 — D=-1.7940
Epoch 20/700 — D=-2.1974
Epoch 21/700 — D=-2.0940
Epoch 22/700 — D=-1.5309
Epoch 23/700 — D=-2.1053
Epoch 24/700 — D=-1.9398
Epoch 25/700 — D=-2.1852
Epoch 26/700 — D=-2.0537
Epoch 27/700 — D=-1.0291
Epoch 28/700 — D=-2.1242
Epoch 29/700 — D=-2.2098
Epoch 30/700 — D=-2.4151
Epoch 31/700 — D=-2.2392
Epoch 32/700 — D=-2.2601
Epoch 33/700 — D=-2.5007
Epoch 34/700 — D=-2.4101
Epoch 35/700 — D=-2.4107
Epoch 36/700 — D=-2.4012
Epoch 37/700 — D=-1.9705
Epoch 38/700 — D=-2.4666
Epoch 39/700 — D=-2.3501
Epoch 40/700 — D=-2.5548
Epoch 41/700 — D=-2.5565
Epoch 42/700 — D=-2.1525
Epoch 43/700 — D=-2.6077
Epoch 44/700 — D=-2.4657
Epoch 45/700 — D=-2.7271
Epoch 46/700 — D=-2.5832
Epoch 47/700 — D=-2.3447
Epoch 48/700 — D=-2.4543
Epoch 49/700 — D=-2.5332
Epoch 50/700 — D=-2.7362
Epoch 51/700 — D=-2.6877
Epoch 52/700 — D=-2.4222
Epoch 53/700 — D=-2.4839
Epoch 54/700 — D=-2.4650
Epoch 55/700 — D=-2.5269
Epoch 56/700 — D=-2.5073
Epoch 57/700 — D=-2.3860
Epoch 58/700 — D=-2.8946
Epoch 59/700 — D=-2.5371
Epoch 60/700 — D=-2.9084
Epoch 61/700 — D=-2.7492
Epoch 62/700 — D=-2.5026
Epoch 63/700 — D=-2.7463
Epoch 64/700 — D=-2.6065
Epoch 65/700 — D=-2.6741
Epoch 66/700 — D=-2.6910
Epoch 67/700 — D=-2.0872
Epoch 68/700 — D=-2.5720
Epoch 69/700 — D=-2.5827
Epoch 70/700 — D=-2.6804
Epoch 71/700 — D=-2.6824
Epoch 72/700 — D=-2.5367
Epoch 73/700 — D=-2.6122
Epoch 74/700 — D=-2.4691
Epoch 75/700 — D=-2.7721
Epoch 76/700 — D=-2.4392
Epoch 77/700 — D=-2.3334
Epoch 78/700 — D=-2.5507
Epoch 79/700 — D=-2.5341
Epoch 80/700 — D=-2.5400
Epoch 81/700 — D=-2.6340
Epoch 82/700 — D=-2.4282
Epoch 83/700 — D=-2.6452
Epoch 84/700 — D=-2.5204
Epoch 85/700 — D=-2.7044
Epoch 86/700 — D=-2.5185
Epoch 87/700 — D=-2.1812
Epoch 88/700 — D=-2.5844
Epoch 89/700 — D=-2.5282
Epoch 90/700 — D=-2.4971
Epoch 91/700 — D=-2.5479
Epoch 92/700 — D=-2.4088
Epoch 93/700 — D=-2.6676
Epoch 94/700 — D=-2.4662
Epoch 95/700 — D=-2.5364
Epoch 96/700 — D=-2.5412
Epoch 97/700 — D=-2.2466
Epoch 98/700 — D=-2.5193
Epoch 99/700 — D=-2.4732
Epoch 100/700 — D=-2.5505
Epoch 101/700 — D=-2.6499
Epoch 102/700 — D=-2.5252
Epoch 103/700 — D=-2.5723
Epoch 104/700 — D=-2.5556
Epoch 105/700 — D=-2.5470
Epoch 106/700 — D=-2.5653
Epoch 107/700 — D=-2.4879
Epoch 108/700 — D=-2.4672
Epoch 109/700 — D=-2.5480
Epoch 110/700 — D=-2.5493
Epoch 111/700 — D=-2.4349
Epoch 112/700 — D=-2.4603
Epoch 113/700 — D=-2.6013
Epoch 114/700 — D=-2.5018
Epoch 115/700 — D=-2.4172
Epoch 116/700 — D=-2.5157
Epoch 117/700 — D=-2.3234
Epoch 118/700 — D=-2.5045
Epoch 119/700 — D=-2.5263
Epoch 120/700 — D=-2.5299
Epoch 121/700 — D=-2.5106
Epoch 122/700 — D=-2.4353
Epoch 123/700 — D=-2.5915
Epoch 124/700 — D=-2.5307
Epoch 125/700 — D=-2.5077
Epoch 126/700 — D=-2.5484
Epoch 127/700 — D=-2.4663
Epoch 128/700 — D=-2.3854
Epoch 129/700 — D=-2.4683
Epoch 130/700 — D=-2.4062
Epoch 131/700 — D=-2.5044
Epoch 132/700 — D=-2.4426
Epoch 133/700 — D=-2.4521
Epoch 134/700 — D=-2.4135
Epoch 135/700 — D=-2.5314
Epoch 136/700 — D=-2.4694
Epoch 137/700 — D=-2.4726
Epoch 138/700 — D=-2.4572
Epoch 139/700 — D=-2.5344
Epoch 140/700 — D=-2.4256
Epoch 141/700 — D=-2.4392
Epoch 142/700 — D=-2.3472
Epoch 143/700 — D=-2.4999
Epoch 144/700 — D=-2.4650
Epoch 145/700 — D=-2.4295
Epoch 146/700 — D=-2.4824
Epoch 147/700 — D=-2.3569
Epoch 148/700 — D=-2.4878
Epoch 149/700 — D=-2.4575
Epoch 150/700 — D=-2.5259
Epoch 151/700 — D=-2.5182
Epoch 152/700 — D=-2.4551
Epoch 153/700 — D=-2.3996
Epoch 154/700 — D=-2.5282
Epoch 155/700 — D=-2.5238
Epoch 156/700 — D=-2.4630
Epoch 157/700 — D=-2.4552
Epoch 158/700 — D=-2.3436
Epoch 159/700 — D=-2.4127
Epoch 160/700 — D=-2.5821
Epoch 161/700 — D=-2.4793
Epoch 162/700 — D=-2.3350
Epoch 163/700 — D=-2.5102
Epoch 164/700 — D=-2.4947
Epoch 165/700 — D=-2.6042
Epoch 166/700 — D=-2.4132
Epoch 167/700 — D=-2.3857
Epoch 168/700 — D=-2.5691
Epoch 169/700 — D=-2.4553
Epoch 170/700 — D=-2.4187
Epoch 171/700 — D=-2.4614
Epoch 172/700 — D=-2.4110
Epoch 173/700 — D=-2.4806
Epoch 174/700 — D=-2.5387
Epoch 175/700 — D=-2.5745
Epoch 176/700 — D=-2.4362
Epoch 177/700 — D=-2.3744
Epoch 178/700 — D=-2.5091
Epoch 179/700 — D=-2.4188
Epoch 180/700 — D=-2.4915
Epoch 181/700 — D=-2.4470
Epoch 182/700 — D=-2.4394
Epoch 183/700 — D=-2.5267
Epoch 184/700 — D=-2.4349
Epoch 185/700 — D=-2.5346
Epoch 186/700 — D=-2.5455
Epoch 187/700 — D=-2.4449
Epoch 188/700 — D=-2.5234
Epoch 189/700 — D=-2.4754
Epoch 190/700 — D=-2.4288
Epoch 191/700 — D=-2.4526
Epoch 192/700 — D=-2.3977
Epoch 193/700 — D=-2.4299
Epoch 194/700 — D=-2.5433
Epoch 195/700 — D=-2.4925
Epoch 196/700 — D=-2.5048
Epoch 197/700 — D=-2.3891
Epoch 198/700 — D=-2.4419
Epoch 199/700 — D=-2.4083
Epoch 200/700 — D=-2.4898
Epoch 201/700 — D=-2.5204
Epoch 202/700 — D=-2.4848
Epoch 203/700 — D=-2.5471
Epoch 204/700 — D=-2.4124
Epoch 205/700 — D=-2.4753
Epoch 206/700 — D=-2.4348
Epoch 207/700 — D=-2.4292
Epoch 208/700 — D=-2.3829
Epoch 209/700 — D=-2.4172
Epoch 210/700 — D=-2.5163
Epoch 211/700 — D=-2.3230
Epoch 212/700 — D=-2.4969
Epoch 213/700 — D=-2.5017
Epoch 214/700 — D=-2.5117
Epoch 215/700 — D=-2.4902
Epoch 216/700 — D=-2.6065
Epoch 217/700 — D=-2.4534
Epoch 218/700 — D=-2.4631
Epoch 219/700 — D=-2.4396
Epoch 220/700 — D=-2.5027
Epoch 221/700 — D=-2.5113
Epoch 222/700 — D=-2.4357
Epoch 223/700 — D=-2.5110
Epoch 224/700 — D=-2.3747
Epoch 225/700 — D=-2.4264
Epoch 226/700 — D=-2.4676
Epoch 227/700 — D=-2.4503
Epoch 228/700 — D=-2.4852
Epoch 229/700 — D=-2.4610
Epoch 230/700 — D=-2.4900
Epoch 231/700 — D=-2.4584
Epoch 232/700 — D=-2.4055
Epoch 233/700 — D=-2.4810
Epoch 234/700 — D=-2.4556
Epoch 235/700 — D=-2.4845
Epoch 236/700 — D=-2.4090
Epoch 237/700 — D=-2.4569
Epoch 238/700 — D=-2.5367
Epoch 239/700 — D=-2.5023
Epoch 240/700 — D=-2.4929
Epoch 241/700 — D=-2.4940
Epoch 242/700 — D=-2.4636
Epoch 243/700 — D=-2.4605
Epoch 244/700 — D=-2.4061
Epoch 245/700 — D=-2.5286
Epoch 246/700 — D=-2.4692
Epoch 247/700 — D=-2.5231
Epoch 248/700 — D=-2.4745
Epoch 249/700 — D=-2.4777
Epoch 250/700 — D=-2.4330
Epoch 251/700 — D=-2.5647
Epoch 252/700 — D=-2.3905
Epoch 253/700 — D=-2.4897
Epoch 254/700 — D=-2.4684
Epoch 255/700 — D=-2.5605
Epoch 256/700 — D=-2.5453
Epoch 257/700 — D=-2.4609
Epoch 258/700 — D=-2.4841
Epoch 259/700 — D=-2.4730
Epoch 260/700 — D=-2.4368
Epoch 261/700 — D=-2.4464
Epoch 262/700 — D=-2.4852
Epoch 263/700 — D=-2.5274
Epoch 264/700 — D=-2.4886
Epoch 265/700 — D=-2.5625
Epoch 266/700 — D=-2.5708
Epoch 267/700 — D=-2.4121
Epoch 268/700 — D=-2.5538
Epoch 269/700 — D=-2.4370
Epoch 270/700 — D=-2.3806
Epoch 271/700 — D=-2.4711
Epoch 272/700 — D=-2.5397
Epoch 273/700 — D=-2.5548
Epoch 274/700 — D=-2.5116
Epoch 275/700 — D=-2.5096
Epoch 276/700 — D=-2.3999
Epoch 277/700 — D=-2.5330
Epoch 278/700 — D=-2.5056
Epoch 279/700 — D=-2.5467
Epoch 280/700 — D=-2.4665
Epoch 281/700 — D=-2.6096
Epoch 282/700 — D=-2.5141
Epoch 283/700 — D=-2.4919
Epoch 284/700 — D=-2.5343
Epoch 285/700 — D=-2.4280
Epoch 286/700 — D=-2.4766
Epoch 287/700 — D=-2.4829
Epoch 288/700 — D=-2.4920
Epoch 289/700 — D=-2.4826
Epoch 290/700 — D=-2.5083
Epoch 291/700 — D=-2.4823
Epoch 292/700 — D=-2.4807
Epoch 293/700 — D=-2.5175
Epoch 294/700 — D=-2.4929
Epoch 295/700 — D=-2.4787
Epoch 296/700 — D=-2.5210
[2025-07-14 15:45:11] Killing current job via keyboard interrupt.
Terminated
[2025-07-14 15:45:28] Job PID=242219 finished with return code -2
[2025-07-14 15:45:28] Next job: python train2.py --data_root ../data/real/data_32 --log_dir ../logdir/logdir_32_mel_real_4n --use_mel --lambda_lat 0 --n_cluster 7
[2025-07-14 15:45:38] GPU idle for 10/120s
[2025-07-14 15:45:48] GPU idle for 20/120s
[2025-07-14 15:45:58] GPU idle for 30/120s
[2025-07-14 15:46:08] GPU idle for 40/120s
[2025-07-14 15:46:18] GPU idle for 50/120s
[2025-07-14 15:46:28] GPU idle for 60/120s
[2025-07-14 15:46:38] GPU idle for 70/120s
[2025-07-14 15:46:48] GPU idle for 80/120s
[2025-07-14 15:46:59] GPU idle for 90/120s
[2025-07-14 15:47:09] GPU idle for 100/120s
[2025-07-14 15:47:19] GPU idle for 110/120s
[2025-07-14 15:47:29] GPU idle for 120/120s
[2025-07-14 15:47:29] Launching: python train2.py --data_root ../data/real/data_32 --log_dir ../logdir/logdir_32_mel_real_4n --use_mel --lambda_lat 0 --n_cluster 7
[2025-07-14 15:47:29] Started PID=279222
Epoch 1/700 — D=-0.3717
Epoch 2/700 — D=-0.7222
Epoch 3/700 — D=-1.4458
Epoch 4/700 — D=-2.3252
Epoch 5/700 — D=-3.3122
Epoch 6/700 — D=-2.4073
Epoch 7/700 — D=-1.3446
Epoch 8/700 — D=-0.9821
Epoch 9/700 — D=-1.1492
Epoch 10/700 — D=-3.5609
Epoch 11/700 — D=-1.2509
Epoch 12/700 — D=-0.2641
Epoch 13/700 — D=-0.1749
Epoch 14/700 — D=0.8153
Epoch 15/700 — D=-1.2123
Epoch 16/700 — D=-1.5135
Epoch 17/700 — D=-0.6039
Epoch 18/700 — D=-0.8954
Epoch 19/700 — D=1.3465
Epoch 20/700 — D=-2.1523
Epoch 21/700 — D=-1.6948
Epoch 22/700 — D=-1.2104
Epoch 23/700 — D=-0.9437
Epoch 24/700 — D=0.5675
Epoch 25/700 — D=-1.7861
Epoch 26/700 — D=-2.7248
Epoch 27/700 — D=-1.1187
Epoch 28/700 — D=-0.9521
Epoch 29/700 — D=-0.5300
Epoch 30/700 — D=-1.2736
Epoch 31/700 — D=-1.7337
Epoch 32/700 — D=-1.3158
Epoch 33/700 — D=-1.0206
Epoch 34/700 — D=-0.2453
Epoch 35/700 — D=-2.0757
Epoch 36/700 — D=-1.6129
Epoch 37/700 — D=-1.7152
Epoch 38/700 — D=-1.2704
Epoch 39/700 — D=-0.8393
Epoch 40/700 — D=-1.8785
Epoch 41/700 — D=-1.8587
Epoch 42/700 — D=-1.6195
Epoch 43/700 — D=-1.3597
Epoch 44/700 — D=-0.1382
Epoch 45/700 — D=-1.9410
Epoch 46/700 — D=-2.5347
Epoch 47/700 — D=-1.7689
Epoch 48/700 — D=-1.5574
Epoch 49/700 — D=-0.6661
Epoch 50/700 — D=-2.0885
Epoch 51/700 — D=-1.8548
Epoch 52/700 — D=-1.7668
Epoch 53/700 — D=-1.4876
Epoch 54/700 — D=-0.7691
Epoch 55/700 — D=-2.1338
Epoch 56/700 — D=-2.3436
Epoch 57/700 — D=-1.8598
Epoch 58/700 — D=-1.7399
Epoch 59/700 — D=-0.9213
Epoch 60/700 — D=-2.2726
Epoch 61/700 — D=-2.2541
Epoch 62/700 — D=-2.0796
Epoch 63/700 — D=-1.5788
Epoch 64/700 — D=-0.5234
Epoch 65/700 — D=-2.0626
Epoch 66/700 — D=-2.1979
Epoch 67/700 — D=-2.0693
Epoch 68/700 — D=-1.6972
Epoch 69/700 — D=-1.1121
Epoch 70/700 — D=-2.2442
Epoch 71/700 — D=-2.1493
Epoch 72/700 — D=-1.9876
Epoch 73/700 — D=-1.7390
Epoch 74/700 — D=-1.3273
Epoch 75/700 — D=-2.1649
Epoch 76/700 — D=-2.4244
Epoch 77/700 — D=-2.2943
Epoch 78/700 — D=-1.8829
Epoch 79/700 — D=-1.1647
Epoch 80/700 — D=-2.4306
Epoch 81/700 — D=-2.5050
Epoch 82/700 — D=-2.2720
Epoch 83/700 — D=-2.1293
Epoch 84/700 — D=-1.5126
Epoch 85/700 — D=-2.1666
Epoch 86/700 — D=-2.5481
Epoch 87/700 — D=-2.4679
Epoch 88/700 — D=-2.1324
Epoch 89/700 — D=-0.9323
Epoch 90/700 — D=-2.5118
Epoch 91/700 — D=-2.7226
Epoch 92/700 — D=-2.4150
Epoch 93/700 — D=-1.8972
Epoch 94/700 — D=-0.9776
Epoch 95/700 — D=-2.1373
Epoch 96/700 — D=-2.3275
Epoch 97/700 — D=-2.1531
Epoch 98/700 — D=-1.9065
Epoch 99/700 — D=-1.2044
Epoch 100/700 — D=-2.8232
Epoch 101/700 — D=-2.6557
Epoch 102/700 — D=-2.3229
Epoch 103/700 — D=-2.1653
Epoch 104/700 — D=-1.3568
Epoch 105/700 — D=-2.3298
Epoch 106/700 — D=-2.4842
Epoch 107/700 — D=-2.5057
Epoch 108/700 — D=-2.1577
Epoch 109/700 — D=-1.3236
Epoch 110/700 — D=-2.4627
Epoch 111/700 — D=-2.3243
Epoch 112/700 — D=-2.1747
Epoch 113/700 — D=-2.2247
Epoch 114/700 — D=-2.0358
Epoch 115/700 — D=-2.3194
Epoch 116/700 — D=-2.5687
Epoch 117/700 — D=-2.5695
Epoch 118/700 — D=-2.2356
Epoch 119/700 — D=-1.8436
Epoch 120/700 — D=-2.4750
Epoch 121/700 — D=-2.5110
Epoch 122/700 — D=-2.4183
Epoch 123/700 — D=-2.4781
Epoch 124/700 — D=-1.5717
Epoch 125/700 — D=-2.6296
Epoch 126/700 — D=-2.7096
Epoch 127/700 — D=-2.8805
Epoch 128/700 — D=-2.0622
Epoch 129/700 — D=-1.9447
Epoch 130/700 — D=-2.6052
Epoch 131/700 — D=-2.7156
Epoch 132/700 — D=-2.4943
Epoch 133/700 — D=-2.4163
Epoch 134/700 — D=-2.1490
Epoch 135/700 — D=-2.5071
Epoch 136/700 — D=-2.9202
Epoch 137/700 — D=-2.4774
Epoch 138/700 — D=-2.6688
Epoch 139/700 — D=-1.3645
Epoch 140/700 — D=-2.5638
Epoch 141/700 — D=-2.8097
Epoch 142/700 — D=-2.4571
Epoch 143/700 — D=-2.2961
Epoch 144/700 — D=-2.0561
Epoch 145/700 — D=-2.5014
Epoch 146/700 — D=-2.6216
Epoch 147/700 — D=-2.5238
Epoch 148/700 — D=-2.2898
Epoch 149/700 — D=-1.8024
Epoch 150/700 — D=-2.6222
Epoch 151/700 — D=-2.6995
Epoch 152/700 — D=-2.4071
Epoch 153/700 — D=-2.2525
Epoch 154/700 — D=-1.9047
Epoch 155/700 — D=-3.0463
Epoch 156/700 — D=-2.6434
Epoch 157/700 — D=-2.3193
Epoch 158/700 — D=-2.4171
Epoch 159/700 — D=-1.7909
Epoch 160/700 — D=-2.6279
Epoch 161/700 — D=-2.4940
Epoch 162/700 — D=-2.5550
Epoch 163/700 — D=-2.4357
Epoch 164/700 — D=-2.2971
Epoch 165/700 — D=-2.6062
Epoch 166/700 — D=-2.5614
Epoch 167/700 — D=-2.3939
Epoch 168/700 — D=-2.4619
Epoch 169/700 — D=-1.9002
Epoch 170/700 — D=-2.6621
Epoch 171/700 — D=-2.6477
Epoch 172/700 — D=-2.5808
Epoch 173/700 — D=-2.3208
Epoch 174/700 — D=-2.2198
Epoch 175/700 — D=-2.4339
Epoch 176/700 — D=-2.8839
Epoch 177/700 — D=-2.6498
Epoch 178/700 — D=-2.2641
Epoch 179/700 — D=-2.2406
Epoch 180/700 — D=-2.6488
Epoch 181/700 — D=-2.6217
Epoch 182/700 — D=-2.5995
Epoch 183/700 — D=-2.4699
Epoch 184/700 — D=-2.2351
Epoch 185/700 — D=-2.8501
Epoch 186/700 — D=-2.8394
Epoch 187/700 — D=-2.4611
Epoch 188/700 — D=-2.5494
Epoch 189/700 — D=-2.4889
Epoch 190/700 — D=-2.6354
Epoch 191/700 — D=-2.5572
Epoch 192/700 — D=-2.5519
Epoch 193/700 — D=-2.4739
Epoch 194/700 — D=-2.1420
Epoch 195/700 — D=-2.5452
Epoch 196/700 — D=-2.6950
Epoch 197/700 — D=-2.5811
Epoch 198/700 — D=-2.3774
Epoch 199/700 — D=-2.3347
Epoch 200/700 — D=-2.6903
Epoch 201/700 — D=-2.8454
Epoch 202/700 — D=-2.6724
Epoch 203/700 — D=-2.4749
Epoch 204/700 — D=-1.6870
Epoch 205/700 — D=-2.6268
Epoch 206/700 — D=-2.6562
Epoch 207/700 — D=-2.5243
Epoch 208/700 — D=-2.5059
Epoch 209/700 — D=-2.0385
Epoch 210/700 — D=-2.6809
Epoch 211/700 — D=-2.5435
Epoch 212/700 — D=-2.5941
Epoch 213/700 — D=-2.4986
Epoch 214/700 — D=-2.4971
Epoch 215/700 — D=-2.6745
Epoch 216/700 — D=-2.5534
Epoch 217/700 — D=-2.8371
Epoch 218/700 — D=-2.5956
Epoch 219/700 — D=-2.2201
Epoch 220/700 — D=-2.6939
Epoch 221/700 — D=-2.8273
Epoch 222/700 — D=-2.7565
Epoch 223/700 — D=-2.3688
Epoch 224/700 — D=-2.5046
Epoch 225/700 — D=-2.6867
Epoch 226/700 — D=-2.5487
Epoch 227/700 — D=-2.6642
Epoch 228/700 — D=-2.6251
Epoch 229/700 — D=-2.4435
Epoch 230/700 — D=-2.5231
Epoch 231/700 — D=-2.7443
Epoch 232/700 — D=-2.5456
Epoch 233/700 — D=-2.4976
Epoch 234/700 — D=-2.3424
Epoch 235/700 — D=-2.6604
Epoch 236/700 — D=-2.7495
Epoch 237/700 — D=-2.6961
Epoch 238/700 — D=-2.6782
Epoch 239/700 — D=-2.3730
Epoch 240/700 — D=-2.5891
Epoch 241/700 — D=-2.6293
Epoch 242/700 — D=-2.6051
Epoch 243/700 — D=-2.6453
Epoch 244/700 — D=-2.4381
Epoch 245/700 — D=-2.6630
Epoch 246/700 — D=-2.7259
Epoch 247/700 — D=-2.7433
Epoch 248/700 — D=-2.5603
Epoch 249/700 — D=-2.1484
Epoch 250/700 — D=-2.5607
Epoch 251/700 — D=-2.6239
Epoch 252/700 — D=-2.6961
Epoch 253/700 — D=-2.5315
Epoch 254/700 — D=-2.4836
Epoch 255/700 — D=-2.9336
Epoch 256/700 — D=-2.6899
Epoch 257/700 — D=-2.5475
Epoch 258/700 — D=-2.4808
Epoch 259/700 — D=-2.4649
Epoch 260/700 — D=-2.6285
Epoch 261/700 — D=-2.6600
Epoch 262/700 — D=-2.6923
Epoch 263/700 — D=-2.5219
Epoch 264/700 — D=-2.3009
Epoch 265/700 — D=-2.9321
Epoch 266/700 — D=-2.7083
Epoch 267/700 — D=-2.5846
Epoch 268/700 — D=-2.5611
Epoch 269/700 — D=-2.4534
Epoch 270/700 — D=-2.6579
Epoch 271/700 — D=-2.7553
Epoch 272/700 — D=-2.5397
Epoch 273/700 — D=-2.5108
Epoch 274/700 — D=-2.5533
Epoch 275/700 — D=-2.6192
Epoch 276/700 — D=-2.6773
Epoch 277/700 — D=-2.5543
Epoch 278/700 — D=-2.5231
Epoch 279/700 — D=-2.5308
Epoch 280/700 — D=-2.8355
Epoch 281/700 — D=-2.7360
Epoch 282/700 — D=-2.6674
Epoch 283/700 — D=-2.5655
Epoch 284/700 — D=-2.4445
Epoch 285/700 — D=-2.7329
Epoch 286/700 — D=-2.5493
Epoch 287/700 — D=-2.6880
Epoch 288/700 — D=-2.6482
Epoch 289/700 — D=-2.4240
Epoch 290/700 — D=-2.6215
Epoch 291/700 — D=-2.6431
Epoch 292/700 — D=-2.6840
Epoch 293/700 — D=-2.6300
Epoch 294/700 — D=-2.4125
Epoch 295/700 — D=-2.6506
Epoch 296/700 — D=-2.7132
Epoch 297/700 — D=-2.6788
Epoch 298/700 — D=-2.5442
Epoch 299/700 — D=-2.5510
Epoch 300/700 — D=-2.8131
Epoch 301/700 — D=-2.6391
Epoch 302/700 — D=-2.6745
Epoch 303/700 — D=-2.6955
Epoch 304/700 — D=-2.3017
Epoch 305/700 — D=-2.8165
Epoch 306/700 — D=-2.8250
Epoch 307/700 — D=-2.5604
Epoch 308/700 — D=-2.6318
Epoch 309/700 — D=-2.2364
Epoch 310/700 — D=-2.8278
Epoch 311/700 — D=-2.7476
Epoch 312/700 — D=-2.6028
Epoch 313/700 — D=-2.5900
Epoch 314/700 — D=-2.2911
Epoch 315/700 — D=-2.6188
Epoch 316/700 — D=-2.6006
Epoch 317/700 — D=-2.6341
Epoch 318/700 — D=-2.5196
Epoch 319/700 — D=-2.5661
Epoch 320/700 — D=-2.5886
Epoch 321/700 — D=-2.6016
Epoch 322/700 — D=-2.6039
Epoch 323/700 — D=-2.5678
Epoch 324/700 — D=-2.2959
Epoch 325/700 — D=-2.6238
Epoch 326/700 — D=-2.5835
Epoch 327/700 — D=-2.6303
Epoch 328/700 — D=-2.6514
Epoch 329/700 — D=-2.4701
Epoch 330/700 — D=-2.5567
Epoch 331/700 — D=-2.7072
Epoch 332/700 — D=-2.6629
Epoch 333/700 — D=-2.5525
Epoch 334/700 — D=-2.5057
Epoch 335/700 — D=-2.6556
Epoch 336/700 — D=-2.7663
Epoch 337/700 — D=-2.6460
Epoch 338/700 — D=-2.5555
Epoch 339/700 — D=-2.4678
Epoch 340/700 — D=-2.7598
Epoch 341/700 — D=-2.5534
Epoch 342/700 — D=-2.5974
Epoch 343/700 — D=-2.4654
Epoch 344/700 — D=-2.2913
Epoch 345/700 — D=-2.6210
Epoch 346/700 — D=-2.6117
Epoch 347/700 — D=-2.5916
Epoch 348/700 — D=-2.5433
Epoch 349/700 — D=-2.5797
Epoch 350/700 — D=-2.7231
Epoch 351/700 — D=-2.5820
Epoch 352/700 — D=-2.5728
Epoch 353/700 — D=-2.5636
Epoch 354/700 — D=-2.4051
Epoch 355/700 — D=-2.6637
Epoch 356/700 — D=-2.5768
Epoch 357/700 — D=-2.5279
Epoch 358/700 — D=-2.5913
Epoch 359/700 — D=-2.6343
Epoch 360/700 — D=-2.7801
Epoch 361/700 — D=-2.6129
Epoch 362/700 — D=-2.6048
Epoch 363/700 — D=-2.5019
Epoch 364/700 — D=-2.4488
Epoch 365/700 — D=-2.6029
Epoch 366/700 — D=-2.5688
Epoch 367/700 — D=-2.6113
Epoch 368/700 — D=-2.5885
Epoch 369/700 — D=-2.4584
Epoch 370/700 — D=-2.6998
Epoch 371/700 — D=-2.5756
Epoch 372/700 — D=-2.5460
Epoch 373/700 — D=-2.5742
Epoch 374/700 — D=-2.3235
Epoch 375/700 — D=-2.5671
Epoch 376/700 — D=-2.5419
Epoch 377/700 — D=-2.5289
Epoch 378/700 — D=-2.5424
Epoch 379/700 — D=-2.4164
Epoch 380/700 — D=-2.7835
Epoch 381/700 — D=-2.6398
Epoch 382/700 — D=-2.5873
Epoch 383/700 — D=-2.5702
Epoch 384/700 — D=-2.5394
Epoch 385/700 — D=-2.6137
Epoch 386/700 — D=-2.5805
Epoch 387/700 — D=-2.6060
Epoch 388/700 — D=-2.4958
Epoch 389/700 — D=-2.5233
Epoch 390/700 — D=-2.5315
Epoch 391/700 — D=-2.6191
Epoch 392/700 — D=-2.6008
Epoch 393/700 — D=-2.5530
Epoch 394/700 — D=-2.3316
Epoch 395/700 — D=-2.5815
Epoch 396/700 — D=-2.5530
Epoch 397/700 — D=-2.5493
Epoch 398/700 — D=-2.5710
Epoch 399/700 — D=-2.4720
Epoch 400/700 — D=-2.6346
Epoch 401/700 — D=-2.6071
Epoch 402/700 — D=-2.6310
Epoch 403/700 — D=-2.5417
Epoch 404/700 — D=-2.4040
Epoch 405/700 — D=-2.5184
Epoch 406/700 — D=-2.6706
Epoch 407/700 — D=-2.5587
Epoch 408/700 — D=-2.5250
Epoch 409/700 — D=-2.5419
Epoch 410/700 — D=-2.5907
Epoch 411/700 — D=-2.5559
Epoch 412/700 — D=-2.5937
Epoch 413/700 — D=-2.5563
Epoch 414/700 — D=-2.4719
Epoch 415/700 — D=-2.5775
Epoch 416/700 — D=-2.6269
Epoch 417/700 — D=-2.5011
Epoch 418/700 — D=-2.4550
Epoch 419/700 — D=-2.4083
Epoch 420/700 — D=-2.5230
Epoch 421/700 — D=-2.6131
Epoch 422/700 — D=-2.5160
Epoch 423/700 — D=-2.4718
Epoch 424/700 — D=-2.3724
Epoch 425/700 — D=-2.5082
Epoch 426/700 — D=-2.6995
Epoch 427/700 — D=-2.5260
Epoch 428/700 — D=-2.5350
Epoch 429/700 — D=-2.4568
Epoch 430/700 — D=-2.5855
Epoch 431/700 — D=-2.5925
Epoch 432/700 — D=-2.5249
Epoch 433/700 — D=-2.5335
Epoch 434/700 — D=-2.3953
Epoch 435/700 — D=-2.6098
Epoch 436/700 — D=-2.4839
Epoch 437/700 — D=-2.5624
Epoch 438/700 — D=-2.5082
Epoch 439/700 — D=-2.4655
Epoch 440/700 — D=-2.6973
Epoch 441/700 — D=-2.5399
Epoch 442/700 — D=-2.5493
Epoch 443/700 — D=-2.5851
Epoch 444/700 — D=-2.3017
Epoch 445/700 — D=-2.5478
Epoch 446/700 — D=-2.5033
Epoch 447/700 — D=-2.5156
Epoch 448/700 — D=-2.5645
Epoch 449/700 — D=-2.4277
Epoch 450/700 — D=-2.5554
Epoch 451/700 — D=-2.5165
Epoch 452/700 — D=-2.4903
Epoch 453/700 — D=-2.5317
Epoch 454/700 — D=-2.4965
Epoch 455/700 — D=-2.5738
Epoch 456/700 — D=-2.6073
Epoch 457/700 — D=-2.5361
Epoch 458/700 — D=-2.4505
Epoch 459/700 — D=-2.3742
Epoch 460/700 — D=-2.5942
Epoch 461/700 — D=-2.4892
Epoch 462/700 — D=-2.4853
Epoch 463/700 — D=-2.5572
Epoch 464/700 — D=-2.4591
Epoch 465/700 — D=-2.5262
Epoch 466/700 — D=-2.5337
Epoch 467/700 — D=-2.4850
Epoch 468/700 — D=-2.5569
Epoch 469/700 — D=-2.4453
Epoch 470/700 — D=-2.5324
Epoch 471/700 — D=-2.4827
Epoch 472/700 — D=-2.6034
Epoch 473/700 — D=-2.5177
Epoch 474/700 — D=-2.3950
Epoch 475/700 — D=-2.5747
Epoch 476/700 — D=-2.5792
Epoch 477/700 — D=-2.5015
Epoch 478/700 — D=-2.4666
Epoch 479/700 — D=-2.4139
Epoch 480/700 — D=-2.4913
Epoch 481/700 — D=-2.5105
Epoch 482/700 — D=-2.4715
Epoch 483/700 — D=-2.4961
Epoch 484/700 — D=-2.3632
Epoch 485/700 — D=-2.5919
Epoch 486/700 — D=-2.6128
Epoch 487/700 — D=-2.4872
Epoch 488/700 — D=-2.4799
Epoch 489/700 — D=-2.4676
Epoch 490/700 — D=-2.5463
Epoch 491/700 — D=-2.6161
Epoch 492/700 — D=-2.4947
Epoch 493/700 — D=-2.5369
Epoch 494/700 — D=-2.4627
Epoch 495/700 — D=-2.4999
Epoch 496/700 — D=-2.5336
Epoch 497/700 — D=-2.5318
Epoch 498/700 — D=-2.5288
Epoch 499/700 — D=-2.4370
Epoch 500/700 — D=-2.4824
Epoch 501/700 — D=-2.5902
Epoch 502/700 — D=-2.4335
Epoch 503/700 — D=-2.5311
Epoch 504/700 — D=-2.4507
Epoch 505/700 — D=-2.5533
Epoch 506/700 — D=-2.4689
Epoch 507/700 — D=-2.5334
Epoch 508/700 — D=-2.4720
Epoch 509/700 — D=-2.4141
Epoch 510/700 — D=-2.4992
Epoch 511/700 — D=-2.4928
Epoch 512/700 — D=-2.4750
Epoch 513/700 — D=-2.4981
Epoch 514/700 — D=-2.4283
Epoch 515/700 — D=-2.4736
Epoch 516/700 — D=-2.4748
Epoch 517/700 — D=-2.4939
Epoch 518/700 — D=-2.4514
Epoch 519/700 — D=-2.3824
Epoch 520/700 — D=-2.6095
Epoch 521/700 — D=-2.6037
Epoch 522/700 — D=-2.5369
Epoch 523/700 — D=-2.5133
Epoch 524/700 — D=-2.4084
Epoch 525/700 — D=-2.6521
Epoch 526/700 — D=-2.4944
Epoch 527/700 — D=-2.4711
Epoch 528/700 — D=-2.4603
Epoch 529/700 — D=-2.4272
Epoch 530/700 — D=-2.4945
Epoch 531/700 — D=-2.5109
Epoch 532/700 — D=-2.4585
Epoch 533/700 — D=-2.5048
Epoch 534/700 — D=-2.4414
Epoch 535/700 — D=-2.5391
Epoch 536/700 — D=-2.5014
Epoch 537/700 — D=-2.4986
Epoch 538/700 — D=-2.4661
Epoch 539/700 — D=-2.4564
Epoch 540/700 — D=-2.4786
Epoch 541/700 — D=-2.4708
Epoch 542/700 — D=-2.4983
Epoch 543/700 — D=-2.4288
Epoch 544/700 — D=-2.4425
Epoch 545/700 — D=-2.4690
Epoch 546/700 — D=-2.4848
Epoch 547/700 — D=-2.5031
Epoch 548/700 — D=-2.5067
Epoch 549/700 — D=-2.4701
Epoch 550/700 — D=-2.5034
Epoch 551/700 — D=-2.5534
Epoch 552/700 — D=-2.5086
Epoch 553/700 — D=-2.4476
Epoch 554/700 — D=-2.4485
Epoch 555/700 — D=-2.5362
Epoch 556/700 — D=-2.4701
Epoch 557/700 — D=-2.4674
Epoch 558/700 — D=-2.4919
Epoch 559/700 — D=-2.4959
Epoch 560/700 — D=-2.4614
Epoch 561/700 — D=-2.4767
Epoch 562/700 — D=-2.4993
Epoch 563/700 — D=-2.5055
Epoch 564/700 — D=-2.3651
Epoch 565/700 — D=-2.5683
Epoch 566/700 — D=-2.4774
Epoch 567/700 — D=-2.5579
Epoch 568/700 — D=-2.4970
Epoch 569/700 — D=-2.4608
Epoch 570/700 — D=-2.5584
Epoch 571/700 — D=-2.4995
Epoch 572/700 — D=-2.4841
Epoch 573/700 — D=-2.4603
Epoch 574/700 — D=-2.4492
Epoch 575/700 — D=-2.4966
Epoch 576/700 — D=-2.4644
Epoch 577/700 — D=-2.5833
Epoch 578/700 — D=-2.4723
Epoch 579/700 — D=-2.4763
Epoch 580/700 — D=-2.4638
Epoch 581/700 — D=-2.4961
Epoch 582/700 — D=-2.5113
Epoch 583/700 — D=-2.5106
Epoch 584/700 — D=-2.4258
Epoch 585/700 — D=-2.5159
Epoch 586/700 — D=-2.5035
Epoch 587/700 — D=-2.5171
Epoch 588/700 — D=-2.4791
Epoch 589/700 — D=-2.4470
Epoch 590/700 — D=-2.5251
Epoch 591/700 — D=-2.4918
Epoch 592/700 — D=-2.5419
Epoch 593/700 — D=-2.4544
Epoch 594/700 — D=-2.4551
Epoch 595/700 — D=-2.5391
Epoch 596/700 — D=-2.4856
Epoch 597/700 — D=-2.4606
Epoch 598/700 — D=-2.4602
Epoch 599/700 — D=-2.3774
Epoch 600/700 — D=-2.4557
Epoch 601/700 — D=-2.5201
Epoch 602/700 — D=-2.4828
Epoch 603/700 — D=-2.4964
Epoch 604/700 — D=-2.4674
Epoch 605/700 — D=-2.5762
Epoch 606/700 — D=-2.4864
Epoch 607/700 — D=-2.4546
Epoch 608/700 — D=-2.4596
Epoch 609/700 — D=-2.4305
Epoch 610/700 — D=-2.6069
Epoch 611/700 — D=-2.5438
Epoch 612/700 — D=-2.4729
Epoch 613/700 — D=-2.4817
Epoch 614/700 — D=-2.4038
Epoch 615/700 — D=-2.4932
Epoch 616/700 — D=-2.5041
Epoch 617/700 — D=-2.4964
Epoch 618/700 — D=-2.4567
Epoch 619/700 — D=-2.4210
Epoch 620/700 — D=-2.5030
Epoch 621/700 — D=-2.4408
Epoch 622/700 — D=-2.4769
Epoch 623/700 — D=-2.4654
Epoch 624/700 — D=-2.3460
Epoch 625/700 — D=-2.4480
Epoch 626/700 — D=-2.4468
Epoch 627/700 — D=-2.4590
Epoch 628/700 — D=-2.4396
Epoch 629/700 — D=-2.3257
Epoch 630/700 — D=-2.4077
Epoch 631/700 — D=-2.4810
Epoch 632/700 — D=-2.4488
Epoch 633/700 — D=-2.4607
Epoch 634/700 — D=-2.4432
Epoch 635/700 — D=-2.4707
Epoch 636/700 — D=-2.5606
Epoch 637/700 — D=-2.4998
Epoch 638/700 — D=-2.4345
Epoch 639/700 — D=-2.4144
Epoch 640/700 — D=-2.4505
Epoch 641/700 — D=-2.4490
Epoch 642/700 — D=-2.5142
Epoch 643/700 — D=-2.4785
Epoch 644/700 — D=-2.3599
Epoch 645/700 — D=-2.4191
Epoch 646/700 — D=-2.5168
Epoch 647/700 — D=-2.4826
Epoch 648/700 — D=-2.4364
Epoch 649/700 — D=-2.4397
Epoch 650/700 — D=-2.4679
Epoch 651/700 — D=-2.5241
Epoch 652/700 — D=-2.4343
Epoch 653/700 — D=-2.4361
Epoch 654/700 — D=-2.4537
Epoch 655/700 — D=-2.5027
Epoch 656/700 — D=-2.4947
Epoch 657/700 — D=-2.4980
Epoch 658/700 — D=-2.4526
Epoch 659/700 — D=-2.4058
Epoch 660/700 — D=-2.4128
Epoch 661/700 — D=-2.4781
Epoch 662/700 — D=-2.4672
Epoch 663/700 — D=-2.4650
Epoch 664/700 — D=-2.4310
Epoch 665/700 — D=-2.5243
Epoch 666/700 — D=-2.4362
Epoch 667/700 — D=-2.4905
Epoch 668/700 — D=-2.4581
Epoch 669/700 — D=-2.4304
Epoch 670/700 — D=-2.4601
Epoch 671/700 — D=-2.4818
Epoch 672/700 — D=-2.4575
Epoch 673/700 — D=-2.4406
Epoch 674/700 — D=-2.3986
Epoch 675/700 — D=-2.5208
Epoch 676/700 — D=-2.5034
Epoch 677/700 — D=-2.4733
Epoch 678/700 — D=-2.4801
Epoch 679/700 — D=-2.4552
Epoch 680/700 — D=-2.4817
Epoch 681/700 — D=-2.4466
Epoch 682/700 — D=-2.4112
Epoch 683/700 — D=-2.4664
Epoch 684/700 — D=-2.4734
Epoch 685/700 — D=-2.5110
Epoch 686/700 — D=-2.5260
Epoch 687/700 — D=-2.4756
Epoch 688/700 — D=-2.4197
Epoch 689/700 — D=-2.3746
Epoch 690/700 — D=-2.4714
Epoch 691/700 — D=-2.4379
Epoch 692/700 — D=-2.4554
Epoch 693/700 — D=-2.4473
Epoch 694/700 — D=-2.3971
Epoch 695/700 — D=-2.4493
Epoch 696/700 — D=-2.4459
Epoch 697/700 — D=-2.4680
Epoch 698/700 — D=-2.4296
Epoch 699/700 — D=-2.4373
Epoch 700/700 — D=-2.4545
[2025-07-14 18:39:45] Job PID=279222 finished with return code 0
[2025-07-14 18:39:45] Next job: python eval_all_checkpoints.py --real_data_root ../data/test/real/data_32 --anomaly_data_dir ../data/test/fake/data_32_all/all --model_dir ../logdir/logdir_32_mel_real_4n --n_layers 4 --use_mel --keep_all --out_dir ../results/results_32_mel_real_4n_all --n_cluster 7 --batch_size 256
[2025-07-14 18:39:45] GPU idle for 10/120s
[2025-07-14 18:39:55] GPU idle for 20/120s
[2025-07-14 18:40:05] GPU idle for 30/120s
[2025-07-14 18:40:15] GPU idle for 40/120s
[2025-07-14 18:40:25] GPU idle for 50/120s
[2025-07-14 18:40:35] GPU idle for 60/120s
[2025-07-14 18:40:45] GPU idle for 70/120s
[2025-07-14 18:40:55] GPU idle for 80/120s
[2025-07-14 18:41:05] GPU idle for 90/120s
[2025-07-14 18:41:15] GPU idle for 100/120s
[2025-07-14 18:41:25] GPU idle for 110/120s
[2025-07-14 18:41:35] GPU idle for 120/120s
[2025-07-14 18:41:35] Launching: python eval_all_checkpoints.py --real_data_root ../data/test/real/data_32 --anomaly_data_dir ../data/test/fake/data_32_all/all --model_dir ../logdir/logdir_32_mel_real_4n --n_layers 4 --use_mel --keep_all --out_dir ../results/results_32_mel_real_4n_all --n_cluster 7 --batch_size 256
[2025-07-14 18:41:35] Started PID=327613
Building and caching dataset in RAM (once for all checkpoints)...
Dataset ready.

=== Evaluating checkpoint: 100 ===
Warning: ../logdir/logdir_32_mel_real_4n/E_xzx_100.pt not found, using E_100.pt instead
G params: 7,869,351
E params: 3,448,480
D params: 1,076,480
C params: 206,087
Balanced accuracy (at median threshold): 0.4992
Best F1=0.6667 @ thr=0.8398
Best Accuracy=0.5027 @ thr=1.5100
AUC=0.4930
Average anomaly score on real class: 1.240943
Inference complete!
Checkpoint 100: AUC=0.493, AvgRealScore=1.240943

=== Evaluating checkpoint: 120 ===
Warning: ../logdir/logdir_32_mel_real_4n/E_xzx_100.pt not found, using E_120.pt instead
G params: 7,869,351
E params: 3,448,480
D params: 1,076,480
C params: 206,087
Balanced accuracy (at median threshold): 0.4883
Best F1=0.6667 @ thr=0.8190
Best Accuracy=0.5005 @ thr=1.3376
AUC=0.4860
Average anomaly score on real class: 1.205126
Inference complete!
Checkpoint 120: AUC=0.486, AvgRealScore=1.205126

=== Evaluating checkpoint: 140 ===
Warning: ../logdir/logdir_32_mel_real_4n/E_xzx_100.pt not found, using E_140.pt instead
G params: 7,869,351
E params: 3,448,480
D params: 1,076,480
C params: 206,087
Balanced accuracy (at median threshold): 0.4924
Best F1=0.6667 @ thr=0.7903
Best Accuracy=0.5021 @ thr=1.4116
AUC=0.4905
Average anomaly score on real class: 1.223217
Inference complete!
Checkpoint 140: AUC=0.4905, AvgRealScore=1.223217

=== Evaluating checkpoint: 160 ===
Warning: ../logdir/logdir_32_mel_real_4n/E_xzx_100.pt not found, using E_160.pt instead
G params: 7,869,351
E params: 3,448,480
D params: 1,076,480
C params: 206,087
Balanced accuracy (at median threshold): 0.4915
Best F1=0.6667 @ thr=0.8073
Best Accuracy=0.5016 @ thr=1.4539
AUC=0.4884
Average anomaly score on real class: 1.251143
Inference complete!
Checkpoint 160: AUC=0.4884, AvgRealScore=1.251143

=== Evaluating checkpoint: 180 ===
Warning: ../logdir/logdir_32_mel_real_4n/E_xzx_100.pt not found, using E_180.pt instead
G params: 7,869,351
E params: 3,448,480
D params: 1,076,480
C params: 206,087
Balanced accuracy (at median threshold): 0.4927
Best F1=0.6667 @ thr=0.8106
Best Accuracy=0.5024 @ thr=1.4886
AUC=0.4896
Average anomaly score on real class: 1.258588
Inference complete!
Checkpoint 180: AUC=0.4896, AvgRealScore=1.258588

=== Evaluating checkpoint: 20 ===
Warning: ../logdir/logdir_32_mel_real_4n/E_xzx_100.pt not found, using E_20.pt instead
G params: 7,869,351
E params: 3,448,480
D params: 1,076,480
C params: 206,087
Balanced accuracy (at median threshold): 0.4874
Best F1=0.6667 @ thr=0.9001
Best Accuracy=0.5001 @ thr=1.7277
AUC=0.4818
Average anomaly score on real class: 1.350126
Inference complete!
Checkpoint 20: AUC=0.4818, AvgRealScore=1.350126

=== Evaluating checkpoint: 200 ===
Warning: ../logdir/logdir_32_mel_real_4n/E_xzx_100.pt not found, using E_200.pt instead
G params: 7,869,351
E params: 3,448,480
D params: 1,076,480
C params: 206,087
Balanced accuracy (at median threshold): 0.4944
Best F1=0.6667 @ thr=0.8085
Best Accuracy=0.5030 @ thr=1.4195
AUC=0.4910
Average anomaly score on real class: 1.231797
Inference complete!
Checkpoint 200: AUC=0.491, AvgRealScore=1.231797

=== Evaluating checkpoint: 220 ===
Warning: ../logdir/logdir_32_mel_real_4n/E_xzx_100.pt not found, using E_220.pt instead
G params: 7,869,351
E params: 3,448,480
D params: 1,076,480
C params: 206,087
Balanced accuracy (at median threshold): 0.4942
Best F1=0.6667 @ thr=0.8222
Best Accuracy=0.5036 @ thr=1.3616
AUC=0.4931
Average anomaly score on real class: 1.217570
Inference complete!
Checkpoint 220: AUC=0.4931, AvgRealScore=1.217570

=== Evaluating checkpoint: 240 ===
Warning: ../logdir/logdir_32_mel_real_4n/E_xzx_100.pt not found, using E_240.pt instead
G params: 7,869,351
E params: 3,448,480
D params: 1,076,480
C params: 206,087
Balanced accuracy (at median threshold): 0.4945
Best F1=0.6667 @ thr=0.7561
Best Accuracy=0.5016 @ thr=1.3284
AUC=0.4922
Average anomaly score on real class: 1.196741
Inference complete!
Checkpoint 240: AUC=0.4922, AvgRealScore=1.196741

=== Evaluating checkpoint: 260 ===
Warning: ../logdir/logdir_32_mel_real_4n/E_xzx_100.pt not found, using E_260.pt instead
G params: 7,869,351
E params: 3,448,480
D params: 1,076,480
C params: 206,087
Balanced accuracy (at median threshold): 0.4964
Best F1=0.6667 @ thr=0.7582
Best Accuracy=0.5010 @ thr=1.5653
AUC=0.4919
Average anomaly score on real class: 1.225946
Inference complete!
Checkpoint 260: AUC=0.4919, AvgRealScore=1.225946

=== Evaluating checkpoint: 280 ===
Warning: ../logdir/logdir_32_mel_real_4n/E_xzx_100.pt not found, using E_280.pt instead
G params: 7,869,351
E params: 3,448,480
D params: 1,076,480
C params: 206,087
Balanced accuracy (at median threshold): 0.4899
Best F1=0.6667 @ thr=0.8175
Best Accuracy=0.5010 @ thr=1.5453
AUC=0.4859
Average anomaly score on real class: 1.203565
Inference complete!
Checkpoint 280: AUC=0.4859, AvgRealScore=1.203565

=== Evaluating checkpoint: 300 ===
Warning: ../logdir/logdir_32_mel_real_4n/E_xzx_100.pt not found, using E_300.pt instead
G params: 7,869,351
E params: 3,448,480
D params: 1,076,480
C params: 206,087
Balanced accuracy (at median threshold): 0.4931
Best F1=0.6667 @ thr=0.8119
Best Accuracy=0.5006 @ thr=1.6630
AUC=0.4873
Average anomaly score on real class: 1.204112
Inference complete!
Checkpoint 300: AUC=0.4873, AvgRealScore=1.204112

=== Evaluating checkpoint: 320 ===
Warning: ../logdir/logdir_32_mel_real_4n/E_xzx_100.pt not found, using E_320.pt instead
G params: 7,869,351
E params: 3,448,480
D params: 1,076,480
C params: 206,087
Balanced accuracy (at median threshold): 0.4903
Best F1=0.6667 @ thr=0.8316
Best Accuracy=0.5002 @ thr=0.9202
AUC=0.4871
Average anomaly score on real class: 1.221178
Inference complete!
Checkpoint 320: AUC=0.4871, AvgRealScore=1.221178

=== Evaluating checkpoint: 340 ===
Warning: ../logdir/logdir_32_mel_real_4n/E_xzx_100.pt not found, using E_340.pt instead
G params: 7,869,351
E params: 3,448,480
D params: 1,076,480
C params: 206,087
Balanced accuracy (at median threshold): 0.4908
Best F1=0.6667 @ thr=0.8074
Best Accuracy=0.5009 @ thr=1.6033
AUC=0.4891
Average anomaly score on real class: 1.242916
Inference complete!
Checkpoint 340: AUC=0.4891, AvgRealScore=1.242916

=== Evaluating checkpoint: 360 ===
Warning: ../logdir/logdir_32_mel_real_4n/E_xzx_100.pt not found, using E_360.pt instead
G params: 7,869,351
E params: 3,448,480
D params: 1,076,480
C params: 206,087
Balanced accuracy (at median threshold): 0.4937
Best F1=0.6667 @ thr=0.8342
Best Accuracy=0.5010 @ thr=1.5812
AUC=0.4885
Average anomaly score on real class: 1.236796
Inference complete!
Checkpoint 360: AUC=0.4885, AvgRealScore=1.236796

=== Evaluating checkpoint: 380 ===
Warning: ../logdir/logdir_32_mel_real_4n/E_xzx_100.pt not found, using E_380.pt instead
G params: 7,869,351
E params: 3,448,480
D params: 1,076,480
C params: 206,087
Balanced accuracy (at median threshold): 0.4910
Best F1=0.6667 @ thr=0.8213
Best Accuracy=0.5005 @ thr=0.8932
AUC=0.4885
Average anomaly score on real class: 1.205508
Inference complete!
Checkpoint 380: AUC=0.4885, AvgRealScore=1.205508

=== Evaluating checkpoint: 40 ===
Warning: ../logdir/logdir_32_mel_real_4n/E_xzx_100.pt not found, using E_40.pt instead
G params: 7,869,351
E params: 3,448,480
D params: 1,076,480
C params: 206,087
Balanced accuracy (at median threshold): 0.4904
Best F1=0.6667 @ thr=0.8229
Best Accuracy=0.5003 @ thr=1.6481
AUC=0.4837
Average anomaly score on real class: 1.210438
Inference complete!
Checkpoint 40: AUC=0.4837, AvgRealScore=1.210438

=== Evaluating checkpoint: 400 ===
Warning: ../logdir/logdir_32_mel_real_4n/E_xzx_100.pt not found, using E_400.pt instead
G params: 7,869,351
E params: 3,448,480
D params: 1,076,480
C params: 206,087
Balanced accuracy (at median threshold): 0.4899
Best F1=0.6667 @ thr=0.8387
Best Accuracy=0.5010 @ thr=1.6658
AUC=0.4868
Average anomaly score on real class: 1.225892
Inference complete!
Checkpoint 400: AUC=0.4868, AvgRealScore=1.225892

=== Evaluating checkpoint: 420 ===
Warning: ../logdir/logdir_32_mel_real_4n/E_xzx_100.pt not found, using E_420.pt instead
G params: 7,869,351
E params: 3,448,480
D params: 1,076,480
C params: 206,087
Balanced accuracy (at median threshold): 0.4845
Best F1=0.6667 @ thr=0.7937
Best Accuracy=0.5003 @ thr=1.4895
AUC=0.4801
Average anomaly score on real class: 1.163288
Inference complete!
Checkpoint 420: AUC=0.4801, AvgRealScore=1.163288

=== Evaluating checkpoint: 440 ===
Warning: ../logdir/logdir_32_mel_real_4n/E_xzx_100.pt not found, using E_440.pt instead
G params: 7,869,351
E params: 3,448,480
D params: 1,076,480
C params: 206,087
Balanced accuracy (at median threshold): 0.4880
Best F1=0.6667 @ thr=0.8062
Best Accuracy=0.5016 @ thr=1.5067
AUC=0.4834
Average anomaly score on real class: 1.200033
Inference complete!
Checkpoint 440: AUC=0.4834, AvgRealScore=1.200033

=== Evaluating checkpoint: 460 ===
Warning: ../logdir/logdir_32_mel_real_4n/E_xzx_100.pt not found, using E_460.pt instead
G params: 7,869,351
E params: 3,448,480
D params: 1,076,480
C params: 206,087
Balanced accuracy (at median threshold): 0.4862
Best F1=0.6667 @ thr=0.7911
Best Accuracy=0.5012 @ thr=1.5657
AUC=0.4809
Average anomaly score on real class: 1.203523
Inference complete!
Checkpoint 460: AUC=0.4809, AvgRealScore=1.203523

=== Evaluating checkpoint: 480 ===
Warning: ../logdir/logdir_32_mel_real_4n/E_xzx_100.pt not found, using E_480.pt instead
G params: 7,869,351
E params: 3,448,480
D params: 1,076,480
C params: 206,087
Balanced accuracy (at median threshold): 0.4886
Best F1=0.6667 @ thr=0.8343
Best Accuracy=0.5009 @ thr=1.5823
AUC=0.4825
Average anomaly score on real class: 1.209834
Inference complete!
Checkpoint 480: AUC=0.4825, AvgRealScore=1.209834

=== Evaluating checkpoint: 500 ===
Warning: ../logdir/logdir_32_mel_real_4n/E_xzx_100.pt not found, using E_500.pt instead
G params: 7,869,351
E params: 3,448,480
D params: 1,076,480
C params: 206,087
Balanced accuracy (at median threshold): 0.4912
Best F1=0.6667 @ thr=0.8370
Best Accuracy=0.5012 @ thr=1.4869
AUC=0.4852
Average anomaly score on real class: 1.190629
Inference complete!
Checkpoint 500: AUC=0.4852, AvgRealScore=1.190629

=== Evaluating checkpoint: 520 ===
Warning: ../logdir/logdir_32_mel_real_4n/E_xzx_100.pt not found, using E_520.pt instead
G params: 7,869,351
E params: 3,448,480
D params: 1,076,480
C params: 206,087
Balanced accuracy (at median threshold): 0.4880
Best F1=0.6667 @ thr=0.8143
Best Accuracy=0.5001 @ thr=1.4587
AUC=0.4795
Average anomaly score on real class: 1.191555
Inference complete!
Checkpoint 520: AUC=0.4795, AvgRealScore=1.191555

=== Evaluating checkpoint: 540 ===
Warning: ../logdir/logdir_32_mel_real_4n/E_xzx_100.pt not found, using E_540.pt instead
G params: 7,869,351
E params: 3,448,480
D params: 1,076,480
C params: 206,087
Balanced accuracy (at median threshold): 0.4930
Best F1=0.6667 @ thr=0.8252
Best Accuracy=0.5004 @ thr=1.5984
AUC=0.4825
Average anomaly score on real class: 1.227247
Inference complete!
Checkpoint 540: AUC=0.4825, AvgRealScore=1.227247

=== Evaluating checkpoint: 560 ===
Warning: ../logdir/logdir_32_mel_real_4n/E_xzx_100.pt not found, using E_560.pt instead
G params: 7,869,351
E params: 3,448,480
D params: 1,076,480
C params: 206,087
Balanced accuracy (at median threshold): 0.4900
Best F1=0.6667 @ thr=0.8481
Best Accuracy=0.5004 @ thr=1.5144
AUC=0.4835
Average anomaly score on real class: 1.233784
Inference complete!
Checkpoint 560: AUC=0.4835, AvgRealScore=1.233784

=== Evaluating checkpoint: 580 ===
Warning: ../logdir/logdir_32_mel_real_4n/E_xzx_100.pt not found, using E_580.pt instead
G params: 7,869,351
E params: 3,448,480
D params: 1,076,480
C params: 206,087
Balanced accuracy (at median threshold): 0.4905
Best F1=0.6667 @ thr=0.8222
Best Accuracy=0.5001 @ thr=1.6895
AUC=0.4815
Average anomaly score on real class: 1.187429
Inference complete!
Checkpoint 580: AUC=0.4815, AvgRealScore=1.187429

=== Evaluating checkpoint: 60 ===
Warning: ../logdir/logdir_32_mel_real_4n/E_xzx_100.pt not found, using E_60.pt instead
G params: 7,869,351
E params: 3,448,480
D params: 1,076,480
C params: 206,087
Balanced accuracy (at median threshold): 0.4891
Best F1=0.6667 @ thr=0.8842
Best Accuracy=0.5006 @ thr=1.7180
AUC=0.4847
Average anomaly score on real class: 1.302873
Inference complete!
Checkpoint 60: AUC=0.4847, AvgRealScore=1.302873

=== Evaluating checkpoint: 600 ===
Warning: ../logdir/logdir_32_mel_real_4n/E_xzx_100.pt not found, using E_600.pt instead
G params: 7,869,351
E params: 3,448,480
D params: 1,076,480
C params: 206,087
Balanced accuracy (at median threshold): 0.4899
Best F1=0.6667 @ thr=0.8061
Best Accuracy=0.5001 @ thr=0.8430
AUC=0.4813
Average anomaly score on real class: 1.184268
Inference complete!
Checkpoint 600: AUC=0.4813, AvgRealScore=1.184268

=== Evaluating checkpoint: 620 ===
Warning: ../logdir/logdir_32_mel_real_4n/E_xzx_100.pt not found, using E_620.pt instead
G params: 7,869,351
E params: 3,448,480
D params: 1,076,480
C params: 206,087
Balanced accuracy (at median threshold): 0.4889
Best F1=0.6667 @ thr=0.8478
Best Accuracy=0.5003 @ thr=1.6974
AUC=0.4820
Average anomaly score on real class: 1.244647
Inference complete!
Checkpoint 620: AUC=0.482, AvgRealScore=1.244647

=== Evaluating checkpoint: 640 ===
Warning: ../logdir/logdir_32_mel_real_4n/E_xzx_100.pt not found, using E_640.pt instead
G params: 7,869,351
E params: 3,448,480
D params: 1,076,480
C params: 206,087
Balanced accuracy (at median threshold): 0.4937
Best F1=0.6667 @ thr=0.8208
Best Accuracy=0.5002 @ thr=1.7732
AUC=0.4835
Average anomaly score on real class: 1.228957
Inference complete!
Checkpoint 640: AUC=0.4835, AvgRealScore=1.228957

=== Evaluating checkpoint: 660 ===
Warning: ../logdir/logdir_32_mel_real_4n/E_xzx_100.pt not found, using E_660.pt instead
G params: 7,869,351
E params: 3,448,480
D params: 1,076,480
C params: 206,087
Balanced accuracy (at median threshold): 0.4890
Best F1=0.6667 @ thr=0.8199
Best Accuracy=0.5004 @ thr=1.6767
AUC=0.4848
Average anomaly score on real class: 1.259014
Inference complete!
Checkpoint 660: AUC=0.4848, AvgRealScore=1.259014

=== Evaluating checkpoint: 680 ===
Warning: ../logdir/logdir_32_mel_real_4n/E_xzx_100.pt not found, using E_680.pt instead
G params: 7,869,351
E params: 3,448,480
D params: 1,076,480
C params: 206,087
Balanced accuracy (at median threshold): 0.4867
Best F1=0.6667 @ thr=0.7847
Best Accuracy=0.5001 @ thr=1.6974
AUC=0.4807
Average anomaly score on real class: 1.217798
Inference complete!
Checkpoint 680: AUC=0.4807, AvgRealScore=1.217798

=== Evaluating checkpoint: 700 ===
Warning: ../logdir/logdir_32_mel_real_4n/E_xzx_100.pt not found, using E_700.pt instead
G params: 7,869,351
E params: 3,448,480
D params: 1,076,480
C params: 206,087
Balanced accuracy (at median threshold): 0.4851
Best F1=0.6667 @ thr=0.8472
Best Accuracy=0.5002 @ thr=1.5638
AUC=0.4784
Average anomaly score on real class: 1.223383
Inference complete!
Checkpoint 700: AUC=0.4784, AvgRealScore=1.223383

=== Evaluating checkpoint: 80 ===
Warning: ../logdir/logdir_32_mel_real_4n/E_xzx_100.pt not found, using E_80.pt instead
G params: 7,869,351
E params: 3,448,480
D params: 1,076,480
C params: 206,087
Balanced accuracy (at median threshold): 0.4904
Best F1=0.6667 @ thr=0.8271
Best Accuracy=0.5006 @ thr=1.5294
AUC=0.4872
Average anomaly score on real class: 1.222444
Inference complete!
Checkpoint 80: AUC=0.4872, AvgRealScore=1.222444

=== Evaluating checkpoint: interrupt_1 ===
Error running inference for checkpoint interrupt_1: PytorchStreamReader failed locating file data/9: file not found

=== Evaluating checkpoint: interrupt_10 ===
Error running inference for checkpoint interrupt_10: PytorchStreamReader failed locating file data/39: file not found

AUC summary saved to ../results/results_32_mel_real_4n_all/auc_summary.csv

Best checkpoint: 220 (AUC=0.4931)
Results in: ../results/results_32_mel_real_4n_all/ckpt_220
Best checkpoint results copied to ../results/results_32_mel_real_4n_all/best_ckpt

Lowest avg anomaly score on real class: 1.163288 (ckpt: 420)
Results in: ../results/results_32_mel_real_4n_all/ckpt_420
Lowest real score checkpoint results copied to ../results/results_32_mel_real_4n_all/lowest_real_score_ckpt
No valid AUC found for any checkpoint.
[2025-07-14 18:52:59] Job PID=327613 finished with return code 0
[2025-07-14 18:52:59] Next job: python train2.py --data_root ../data/real/data_64 --log_dir ../logdir/logdir_64_mel_real_4n_2 --use_mel --batch_size 64 --n_cluster 7
[2025-07-14 18:52:59] GPU idle for 10/120s
[2025-07-14 18:53:09] GPU idle for 20/120s
[2025-07-14 18:53:19] GPU idle for 30/120s
[2025-07-14 18:53:29] GPU idle for 40/120s
[2025-07-14 18:53:39] GPU idle for 50/120s
[2025-07-14 18:53:49] GPU idle for 60/120s
[2025-07-14 18:53:59] GPU idle for 70/120s
[2025-07-14 18:54:09] GPU idle for 80/120s
[2025-07-14 18:54:19] GPU idle for 90/120s
[2025-07-14 18:54:30] GPU idle for 100/120s
[2025-07-14 18:54:40] GPU idle for 110/120s
[2025-07-14 18:54:50] GPU idle for 120/120s
[2025-07-14 18:54:50] Launching: python train2.py --data_root ../data/real/data_64 --log_dir ../logdir/logdir_64_mel_real_4n_2 --use_mel --batch_size 64 --n_cluster 7
[2025-07-14 18:54:50] Started PID=332847
